"","date","weekday","weekend_ahead","day_ahead","combined"
"1",2017-01-03,"Tue",17.98,19.475,19.475
"2",2017-01-04,"Wed",19.3,18.875,18.875
"3",2017-01-05,"Thu",19,18.9,18.9
"4",2017-01-06,"Fri",18.975,19.3,19.3
"5",2017-01-07,"Sat",NA,NA,18.975
"6",2017-01-08,"Sun",NA,NA,18.975
"7",2017-01-09,"Mon",18.975,18.85,18.85
"8",2017-01-10,"Tue",18.95,19.85,19.85
"9",2017-01-11,"Wed",20.075,20.125,20.125
"10",2017-01-12,"Thu",20.5,21.275,21.275
"11",2017-01-13,"Fri",20.7,20.95,20.95
"12",2017-01-14,"Sat",NA,NA,20.7
"13",2017-01-15,"Sun",NA,NA,20.7
"14",2017-01-16,"Mon",20.7,20.75,20.75
"15",2017-01-17,"Tue",20.7,19.35,19.35
"16",2017-01-18,"Wed",20.7,20.9,20.9
"17",2017-01-19,"Thu",20.55,20.1,20.1
"18",2017-01-20,"Fri",20.5,20.95,20.95
"19",2017-01-21,"Sat",NA,NA,21.4
"20",2017-01-22,"Sun",NA,NA,21.4
"21",2017-01-23,"Mon",21.4,21.25,21.25
"22",2017-01-24,"Tue",21.4,22.4,22.4
"23",2017-01-25,"Wed",21.4,22.125,22.125
"24",2017-01-26,"Thu",21.4,21.13,21.13
"25",2017-01-27,"Fri",20.45,20.85,20.85
"26",2017-01-28,"Sat",NA,NA,20.45
"27",2017-01-29,"Sun",NA,NA,20.45
"28",2017-01-30,"Mon",20.45,20.1,20.1
"29",2017-01-31,"Tue",20.45,20.95,20.95
"30",2017-02-01,"Wed",19.925,21.75,21.75
"31",2017-02-02,"Thu",22.3,22.325,22.325
"32",2017-02-03,"Fri",22.35,22.25,22.25
"33",2017-02-04,"Sat",NA,NA,22.3
"34",2017-02-05,"Sun",NA,NA,22.3
"35",2017-02-06,"Mon",22.3,23.1,23.1
"36",2017-02-07,"Tue",22.3,23.25,23.25
"37",2017-02-08,"Wed",22.3,22.55,22.55
"38",2017-02-09,"Thu",22.3,20.68,20.68
"39",2017-02-10,"Fri",22.425,21.175,21.175
"40",2017-02-11,"Sat",NA,NA,20.35
"41",2017-02-12,"Sun",NA,NA,20.35
"42",2017-02-13,"Mon",20.35,20.55,20.55
"43",2017-02-14,"Tue",20.35,19.85,19.85
"44",2017-02-15,"Wed",20.35,19.45,19.45
"45",2017-02-16,"Thu",20.35,19.4,19.4
"46",2017-02-17,"Fri",20.45,19.3,19.3
"47",2017-02-18,"Sat",NA,NA,20.45
"48",2017-02-19,"Sun",NA,NA,20.45
"49",2017-02-20,"Mon",20.45,19.15,19.15
"50",2017-02-21,"Tue",20.45,18.2,18.2
"51",2017-02-22,"Wed",20.45,18.35,18.35
"52",2017-02-23,"Thu",20.45,18.5,18.5
"53",2017-02-24,"Fri",19,18.8,18.8
"54",2017-02-25,"Sat",NA,NA,19
"55",2017-02-26,"Sun",NA,NA,19
"56",2017-02-27,"Mon",19,18.025,18.025
"57",2017-02-28,"Tue",19,17.9,17.9
"58",2017-03-01,"Wed",18.15,17.65,17.65
"59",2017-03-02,"Thu",18.4,17.725,17.725
"60",2017-03-03,"Fri",17.25,17.5,17.5
"61",2017-03-04,"Sat",NA,NA,17.3
"62",2017-03-05,"Sun",NA,NA,17.3
"63",2017-03-06,"Mon",17.3,17.15,17.15
"64",2017-03-07,"Tue",16.98,17.475,17.475
"65",2017-03-08,"Wed",16.95,17,17
"66",2017-03-09,"Thu",16.625,16.8,16.8
"67",2017-03-10,"Fri",16.5,16.5,16.5
"68",2017-03-11,"Sat",NA,NA,16.5
"69",2017-03-12,"Sun",NA,NA,16.5
"70",2017-03-13,"Mon",16.5,16.675,16.675
"71",2017-03-14,"Tue",16.33,16.275,16.275
"72",2017-03-15,"Wed",16.33,16.375,16.375
"73",2017-03-16,"Thu",16.35,16.375,16.375
"74",2017-03-17,"Fri",16.3,16.2,16.2
"75",2017-03-18,"Sat",NA,NA,16.3
"76",2017-03-19,"Sun",NA,NA,16.3
"77",2017-03-20,"Mon",16.3,16.2,16.2
"78",2017-03-21,"Tue",16.3,15.9,15.9
"79",2017-03-22,"Wed",16.3,16.08,16.08
"80",2017-03-23,"Thu",16.3,15.98,15.98
"81",2017-03-24,"Fri",16.35,15.85,15.85
"82",2017-03-25,"Sat",NA,NA,16.35
"83",2017-03-26,"Sun",NA,NA,16.35
"84",2017-03-27,"Mon",16.35,15.5,15.5
"85",2017-03-28,"Tue",16.35,15.1,15.1
"86",2017-03-29,"Wed",16.35,15.15,15.15
"87",2017-03-30,"Thu",15.4,15.625,15.625
"88",2017-03-31,"Fri",15.7,16.1,16.1
"89",2017-04-01,"Sat",NA,NA,15.7
"90",2017-04-02,"Sun",NA,NA,15.7
"91",2017-04-03,"Mon",15.7,16.15,16.15
"92",2017-04-04,"Tue",15.7,16.475,16.475
"93",2017-04-05,"Wed",15.7,16.5,16.5
"94",2017-04-06,"Thu",15.7,16.55,16.55
"95",2017-04-07,"Fri",15.65,16.45,16.45
"96",2017-04-08,"Sat",NA,NA,15.65
"97",2017-04-09,"Sun",NA,NA,15.65
"98",2017-04-10,"Mon",15.65,16.075,16.075
"99",2017-04-11,"Tue",15.65,16.225,16.225
"100",2017-04-12,"Wed",16.025,16,16
"101",2017-04-13,"Thu",15.975,16.025,16.025
"102",2017-04-14,"Fri",15.975,16.025,16.025
"103",2017-04-15,"Sat",NA,NA,15.975
"104",2017-04-16,"Sun",NA,NA,15.975
"105",2017-04-17,"Mon",15.975,16.025,16.025
"106",2017-04-18,"Tue",15.975,16.3,16.3
"107",2017-04-19,"Wed",15.975,17.05,17.05
"108",2017-04-20,"Thu",15.975,16.95,16.95
"109",2017-04-21,"Fri",16.2,16.6,16.6
"110",2017-04-22,"Sat",NA,NA,16.2
"111",2017-04-23,"Sun",NA,NA,16.2
"112",2017-04-24,"Mon",16.2,16.55,16.55
"113",2017-04-25,"Tue",16.2,16.9,16.9
"114",2017-04-26,"Wed",16.2,16.775,16.775
"115",2017-04-27,"Thu",16.2,16.825,16.825
"116",2017-04-28,"Fri",16.6,16.7,16.7
"117",2017-04-29,"Sat",NA,NA,16.6
"118",2017-04-30,"Sun",NA,NA,16.6
"119",2017-05-01,"Mon",16.6,16.7,16.7
"120",2017-05-02,"Tue",16.6,16.5,16.5
"121",2017-05-03,"Wed",16.6,16.925,16.925
"122",2017-05-04,"Thu",16.6,16.7,16.7
"123",2017-05-05,"Fri",16.25,16.53,16.53
"124",2017-05-06,"Sat",NA,NA,16.25
"125",2017-05-07,"Sun",NA,NA,16.25
"126",2017-05-08,"Mon",16.25,16.05,16.05
"127",2017-05-09,"Tue",16.25,16.225,16.225
"128",2017-05-10,"Wed",15.9,16.25,16.25
"129",2017-05-11,"Thu",16,16.55,16.55
"130",2017-05-12,"Fri",15.6,15.63,15.63
"131",2017-05-13,"Sat",NA,NA,15.6
"132",2017-05-14,"Sun",NA,NA,15.6
"133",2017-05-15,"Mon",15.6,15.95,15.95
"134",2017-05-16,"Tue",15.6,15.975,15.975
"135",2017-05-17,"Wed",15.6,15.78,15.78
"136",2017-05-18,"Thu",15.75,15.875,15.875
"137",2017-05-19,"Fri",15.975,15.925,15.925
"138",2017-05-20,"Sat",NA,NA,15.975
"139",2017-05-21,"Sun",NA,NA,15.975
"140",2017-05-22,"Mon",15.975,15.825,15.825
"141",2017-05-23,"Tue",15.73,15.5,15.5
"142",2017-05-24,"Wed",15.6,15.75,15.75
"143",2017-05-25,"Thu",15.525,15.65,15.65
"144",2017-05-26,"Fri",15.4,15.55,15.55
"145",2017-05-27,"Sat",NA,NA,15.4
"146",2017-05-28,"Sun",NA,NA,15.4
"147",2017-05-29,"Mon",15.4,15.53,15.53
"148",2017-05-30,"Tue",15.4,15.7,15.7
"149",2017-05-31,"Wed",15.4,16,16
"150",2017-06-01,"Thu",15.4,15.675,15.675
"151",2017-06-02,"Fri",15.3,15.475,15.475
"152",2017-06-03,"Sat",NA,NA,15.3
"153",2017-06-04,"Sun",NA,NA,15.3
"154",2017-06-05,"Mon",15.3,15.15,15.15
"155",2017-06-06,"Tue",15.3,15.725,15.725
"156",2017-06-07,"Wed",15.3,15.1,15.1
"157",2017-06-08,"Thu",15.3,15.325,15.325
"158",2017-06-09,"Fri",15.025,15.525,15.525
"159",2017-06-10,"Sat",NA,NA,15.025
"160",2017-06-11,"Sun",NA,NA,15.025
"161",2017-06-12,"Mon",15.025,15,15
"162",2017-06-13,"Tue",15.025,15.4,15.4
"163",2017-06-14,"Wed",15.2,15.325,15.325
"164",2017-06-15,"Thu",15.2,15.4,15.4
"165",2017-06-16,"Fri",14.95,14.925,14.925
"166",2017-06-17,"Sat",NA,NA,15.125
"167",2017-06-18,"Sun",NA,NA,15.125
"168",2017-06-19,"Mon",15.125,15.55,15.55
"169",2017-06-20,"Tue",15.125,15.7,15.7
"170",2017-06-21,"Wed",15.125,15.83,15.83
"171",2017-06-22,"Thu",15.125,15.85,15.85
"172",2017-06-23,"Fri",15.4,15.575,15.575
"173",2017-06-24,"Sat",NA,NA,15.4
"174",2017-06-25,"Sun",NA,NA,15.4
"175",2017-06-26,"Mon",15.4,15.5,15.5
"176",2017-06-27,"Tue",15.4,15.625,15.625
"177",2017-06-28,"Wed",15.4,15.6,15.6
"178",2017-06-29,"Thu",15.4,15.78,15.78
"179",2017-06-30,"Fri",15.1,15.2,15.2
"180",2017-07-01,"Sat",NA,NA,15.1
"181",2017-07-02,"Sun",NA,NA,15.1
"182",2017-07-03,"Mon",15.1,15.65,15.65
"183",2017-07-04,"Tue",15.125,15.8,15.8
"184",2017-07-05,"Wed",15.125,15.4,15.4
"185",2017-07-06,"Thu",15.375,15.5,15.5
"186",2017-07-07,"Fri",15.25,15.35,15.35
"187",2017-07-08,"Sat",NA,NA,15.25
"188",2017-07-09,"Sun",NA,NA,15.25
"189",2017-07-10,"Mon",15.25,15.4,15.4
"190",2017-07-11,"Tue",15.25,15.075,15.075
"191",2017-07-12,"Wed",15.25,14.9,14.9
"192",2017-07-13,"Thu",15.25,15.075,15.075
"193",2017-07-14,"Fri",15.2,15.1,15.1
"194",2017-07-15,"Sat",NA,NA,15.2
"195",2017-07-16,"Sun",NA,NA,15.2
"196",2017-07-17,"Mon",15.2,15.1,15.1
"197",2017-07-18,"Tue",15.2,15.125,15.125
"198",2017-07-19,"Wed",15.2,15.225,15.225
"199",2017-07-20,"Thu",15.2,15.375,15.375
"200",2017-07-21,"Fri",15.15,15.425,15.425
"201",2017-07-22,"Sat",NA,NA,15.15
"202",2017-07-23,"Sun",NA,NA,15.15
"203",2017-07-24,"Mon",15.15,15.3,15.3
"204",2017-07-25,"Tue",15.15,15.125,15.125
"205",2017-07-26,"Wed",15.15,15.2,15.2
"206",2017-07-27,"Thu",15.15,15.45,15.45
"207",2017-07-28,"Fri",15.1,15.275,15.275
"208",2017-07-29,"Sat",NA,NA,15.1
"209",2017-07-30,"Sun",NA,NA,15.1
"210",2017-07-31,"Mon",15.1,15.1,15.1
"211",2017-08-01,"Tue",15.1,15.4,15.4
"212",2017-08-02,"Wed",15.1,15.1,15.1
"213",2017-08-03,"Thu",15.1,15.025,15.025
"214",2017-08-04,"Fri",15.05,15.5,15.5
"215",2017-08-05,"Sat",NA,NA,15.05
"216",2017-08-06,"Sun",NA,NA,15.05
"217",2017-08-07,"Mon",15.05,15.3,15.3
"218",2017-08-08,"Tue",15.05,15.825,15.825
"219",2017-08-09,"Wed",15.05,15.525,15.525
"220",2017-08-10,"Thu",15.05,16.05,16.05
"221",2017-08-11,"Fri",15.125,16.23,16.23
"222",2017-08-12,"Sat",NA,NA,15.125
"223",2017-08-13,"Sun",NA,NA,15.125
"224",2017-08-14,"Mon",15.125,16.18,16.18
"225",2017-08-15,"Tue",15.125,15.8,15.8
"226",2017-08-16,"Wed",15.125,16,16
"227",2017-08-17,"Thu",15.125,16.275,16.275
"228",2017-08-18,"Fri",16.2,16.15,16.15
"229",2017-08-19,"Sat",NA,NA,16.2
"230",2017-08-20,"Sun",NA,NA,16.2
"231",2017-08-21,"Mon",16.2,16.35,16.35
"232",2017-08-22,"Tue",16.2,16.53,16.53
"233",2017-08-23,"Wed",16.2,16.2,16.2
"234",2017-08-24,"Thu",16.2,16.65,16.65
"235",2017-08-25,"Fri",16.25,16.4,16.4
"236",2017-08-26,"Sat",NA,NA,16.25
"237",2017-08-27,"Sun",NA,NA,16.25
"238",2017-08-28,"Mon",16.25,16.4,16.4
"239",2017-08-29,"Tue",16.25,16.325,16.325
"240",2017-08-30,"Wed",16.25,16.63,16.63
"241",2017-08-31,"Thu",16.15,16.7,16.7
"242",2017-09-01,"Fri",16.48,16.375,16.375
"243",2017-09-02,"Sat",NA,NA,16.48
"244",2017-09-03,"Sun",NA,NA,16.48
"245",2017-09-04,"Mon",16.48,16.575,16.575
"246",2017-09-05,"Tue",16.48,16.48,16.48
"247",2017-09-06,"Wed",16.48,16.95,16.95
"248",2017-09-07,"Thu",16.48,16.9,16.9
"249",2017-09-08,"Fri",16.45,16.8,16.8
"250",2017-09-09,"Sat",NA,NA,16.45
"251",2017-09-10,"Sun",NA,NA,16.45
"252",2017-09-11,"Mon",16.45,17.05,17.05
"253",2017-09-12,"Tue",16.45,17.375,17.375
"254",2017-09-13,"Wed",16.45,17.3,17.3
"255",2017-09-14,"Thu",16.45,17.625,17.625
"256",2017-09-15,"Fri",16.7,17.975,17.975
"257",2017-09-16,"Sat",NA,NA,16.7
"258",2017-09-17,"Sun",NA,NA,16.7
"259",2017-09-18,"Mon",16.7,17.6,17.6
"260",2017-09-19,"Tue",16.7,17.925,17.925
"261",2017-09-20,"Wed",16.7,17.75,17.75
"262",2017-09-21,"Thu",17.325,17.45,17.45
"263",2017-09-22,"Fri",17.025,17.375,17.375
"264",2017-09-23,"Sat",NA,NA,17.025
"265",2017-09-24,"Sun",NA,NA,17.025
"266",2017-09-25,"Mon",17.025,17.15,17.15
"267",2017-09-26,"Tue",17.025,17.68,17.68
"268",2017-09-27,"Wed",17.025,17.8,17.8
"269",2017-09-28,"Thu",17.025,17.58,17.58
"270",2017-09-29,"Fri",16.925,17.66,17.66
"271",2017-09-30,"Sat",NA,NA,16.925
"272",2017-10-01,"Sun",NA,NA,16.925
"273",2017-10-02,"Mon",16.925,16.5,16.5
"274",2017-10-03,"Tue",16.925,16.675,16.675
"275",2017-10-04,"Wed",16.925,17.325,17.325
"276",2017-10-05,"Thu",16.425,17.55,17.55
"277",2017-10-06,"Fri",17.65,18,18
"278",2017-10-07,"Sat",NA,NA,17.65
"279",2017-10-08,"Sun",NA,NA,17.65
"280",2017-10-09,"Mon",17.65,17.8,17.8
"281",2017-10-10,"Tue",17.7,18.05,18.05
"282",2017-10-11,"Wed",17.45,17.75,17.75
"283",2017-10-12,"Thu",17,17.425,17.425
"284",2017-10-13,"Fri",16.8,17.275,17.275
"285",2017-10-14,"Sat",NA,NA,16.8
"286",2017-10-15,"Sun",NA,NA,16.8
"287",2017-10-16,"Mon",16.8,17.275,17.275
"288",2017-10-17,"Tue",16.8,16.925,16.925
"289",2017-10-18,"Wed",16.8,17.1,17.1
"290",2017-10-19,"Thu",17.25,17.35,17.35
"291",2017-10-20,"Fri",16.8,16.93,16.93
"292",2017-10-21,"Sat",NA,NA,16.8
"293",2017-10-22,"Sun",NA,NA,16.8
"294",2017-10-23,"Mon",16.8,16.875,16.875
"295",2017-10-24,"Tue",16.8,17.225,17.225
"296",2017-10-25,"Wed",16.45,16.95,16.95
"297",2017-10-26,"Thu",17.15,17.3,17.3
"298",2017-10-27,"Fri",16.95,17.23,17.23
"299",2017-10-28,"Sat",NA,NA,16.95
"300",2017-10-29,"Sun",NA,NA,16.95
"301",2017-10-30,"Mon",16.95,17.525,17.525
"302",2017-10-31,"Tue",16.95,18.18,18.18
"303",2017-11-01,"Wed",16.95,17.875,17.875
"304",2017-11-02,"Thu",17.85,18.33,18.33
"305",2017-11-03,"Fri",18.1,18.1,18.1
"306",2017-11-04,"Sat",NA,NA,18.1
"307",2017-11-05,"Sun",NA,NA,18.1
"308",2017-11-06,"Mon",18.1,18.3,18.3
"309",2017-11-07,"Tue",18.1,18.95,18.95
"310",2017-11-08,"Wed",18.1,19.53,19.53
"311",2017-11-09,"Thu",18.075,19.45,19.45
"312",2017-11-10,"Fri",19.4,19.35,19.35
"313",2017-11-11,"Sat",NA,NA,19.4
"314",2017-11-12,"Sun",NA,NA,19.4
"315",2017-11-13,"Mon",19.4,19.83,19.83
"316",2017-11-14,"Tue",19.4,20.025,20.025
"317",2017-11-15,"Wed",19.4,19.5,19.5
"318",2017-11-16,"Thu",19.4,19.35,19.35
"319",2017-11-17,"Fri",19.78,19.48,19.48
"320",2017-11-18,"Sat",NA,NA,19.78
"321",2017-11-19,"Sun",NA,NA,19.78
"322",2017-11-20,"Mon",19.78,19.23,19.23
"323",2017-11-21,"Tue",19.78,19.65,19.65
"324",2017-11-22,"Wed",19.78,19.75,19.75
"325",2017-11-23,"Thu",19.78,19.6,19.6
"326",2017-11-24,"Fri",19.1,20.275,20.275
"327",2017-11-25,"Sat",NA,NA,19.1
"328",2017-11-26,"Sun",NA,NA,19.1
"329",2017-11-27,"Mon",19.1,20.49,20.49
"330",2017-11-28,"Tue",19.1,21.1,21.1
"331",2017-11-29,"Wed",19.1,20.65,20.65
"332",2017-11-30,"Thu",19.1,20.9,20.9
"333",2017-12-01,"Fri",20.4,20.8,20.8
"334",2017-12-02,"Sat",NA,NA,20.4
"335",2017-12-03,"Sun",NA,NA,20.4
"336",2017-12-04,"Mon",20.4,21.15,21.15
"337",2017-12-05,"Tue",20.4,21.5,21.5
"338",2017-12-06,"Wed",20.4,21.28,21.28
"339",2017-12-07,"Thu",20.95,21.125,21.125
"340",2017-12-08,"Fri",21.5,21.225,21.225
"341",2017-12-09,"Sat",NA,NA,21.5
"342",2017-12-10,"Sun",NA,NA,21.5
"343",2017-12-11,"Mon",21.5,21,21
"344",2017-12-12,"Tue",21.5,21.8,21.8
"345",2017-12-13,"Wed",21.5,22.13,22.13
"346",2017-12-14,"Thu",21.5,21.125,21.125
"347",2017-12-15,"Fri",20.83,21.5,21.5
"348",2017-12-16,"Sat",NA,NA,20.83
"349",2017-12-17,"Sun",NA,NA,20.83
"350",2017-12-18,"Mon",20.83,21.55,21.55
"351",2017-12-19,"Tue",20.83,20.65,20.65
"352",2017-12-20,"Wed",20.83,20.35,20.35
"353",2017-12-21,"Thu",21.38,19.95,19.95
"354",2017-12-22,"Fri",19.85,20.2,20.2
"355",2017-12-23,"Sat",NA,NA,19.85
"356",2017-12-24,"Sun",NA,NA,19.85
"357",2017-12-25,"Mon",19.85,20.2,20.2
"358",2017-12-26,"Tue",19.85,20.2,20.2
"359",2017-12-27,"Wed",19.85,19.6,19.6
"360",2017-12-28,"Thu",19.375,19.8,19.8
"361",2017-12-29,"Fri",19.63,19.8,19.8
"362",2017-12-30,"Sat",NA,NA,19.63
"363",2017-12-31,"Sun",NA,NA,19.63
"364",2018-01-01,"Mon",19.63,19.8,19.8
"365",2018-01-02,"Tue",19.63,19.13,19.13
"366",2018-01-03,"Wed",19.63,19.2,19.2
"367",2018-01-04,"Thu",19,19.1,19.1
"368",2018-01-05,"Fri",19.1,18.7,18.7
"369",2018-01-06,"Sat",NA,NA,19.1
"370",2018-01-07,"Sun",NA,NA,19.1
"371",2018-01-08,"Mon",19.1,18.625,18.625
"372",2018-01-09,"Tue",19.1,18.73,18.73
"373",2018-01-10,"Wed",19.1,19.3,19.3
"374",2018-01-11,"Thu",19.1,19.15,19.15
"375",2018-01-12,"Fri",18.65,19,19
"376",2018-01-13,"Sat",NA,NA,18.65
"377",2018-01-14,"Sun",NA,NA,18.65
"378",2018-01-15,"Mon",18.65,19.45,19.45
"379",2018-01-16,"Tue",18.65,18.725,18.725
"380",2018-01-17,"Wed",18.65,18.7,18.7
"381",2018-01-18,"Thu",18.65,18.25,18.25
"382",2018-01-19,"Fri",19.35,18.675,18.675
"383",2018-01-20,"Sat",NA,NA,19.35
"384",2018-01-21,"Sun",NA,NA,19.35
"385",2018-01-22,"Mon",19.35,18.325,18.325
"386",2018-01-23,"Tue",19.35,18.3,18.3
"387",2018-01-24,"Wed",19.35,18.15,18.15
"388",2018-01-25,"Thu",19.35,17.8,17.8
"389",2018-01-26,"Fri",18.2,17.85,17.85
"390",2018-01-27,"Sat",NA,NA,18.2
"391",2018-01-28,"Sun",NA,NA,18.2
"392",2018-01-29,"Mon",18.2,17.6,17.6
"393",2018-01-30,"Tue",18.2,17.35,17.35
"394",2018-01-31,"Wed",18.2,17.45,17.45
"395",2018-02-01,"Thu",18.2,17.88,17.88
"396",2018-02-02,"Fri",17.55,17.83,17.83
"397",2018-02-03,"Sat",NA,NA,17.55
"398",2018-02-04,"Sun",NA,NA,17.55
"399",2018-02-05,"Mon",17.55,17.95,17.95
"400",2018-02-06,"Tue",17.55,17.8,17.8
"401",2018-02-07,"Wed",17.55,17.9,17.9
"402",2018-02-08,"Thu",17.55,18.15,18.15
"403",2018-02-09,"Fri",17.75,17.575,17.575
"404",2018-02-10,"Sat",NA,NA,17.75
"405",2018-02-11,"Sun",NA,NA,17.75
"406",2018-02-12,"Mon",17.75,17.775,17.775
"407",2018-02-13,"Tue",17.75,17.825,17.825
"408",2018-02-14,"Wed",17.63,18.375,18.375
"409",2018-02-15,"Thu",17.95,18.075,18.075
"410",2018-02-16,"Fri",17.85,17.75,17.75
"411",2018-02-17,"Sat",NA,NA,17.85
"412",2018-02-18,"Sun",NA,NA,17.85
"413",2018-02-19,"Mon",17.85,18.1,18.1
"414",2018-02-20,"Tue",17.85,19.2,19.2
"415",2018-02-21,"Wed",17.85,20.68,20.68
"416",2018-02-22,"Thu",17.825,21.45,21.45
"417",2018-02-23,"Fri",22.6,22.325,22.325
"418",2018-02-24,"Sat",NA,NA,22.6
"419",2018-02-25,"Sun",NA,NA,22.6
"420",2018-02-26,"Mon",22.6,26.5,26.5
"421",2018-02-27,"Tue",23.8,24.25,24.25
"422",2018-02-28,"Wed",19.65,34.5,34.5
"423",2018-03-01,"Thu",22.1,44.6,44.6
"424",2018-03-02,"Fri",28.9,71,71
"425",2018-03-03,"Sat",NA,NA,28.9
"426",2018-03-04,"Sun",NA,NA,28.9
"427",2018-03-05,"Mon",28.9,33.6,33.6
"428",2018-03-06,"Tue",28.5,20,20
"429",2018-03-07,"Wed",18.95,19.35,19.35
"430",2018-03-08,"Thu",18.6,18.65,18.65
"431",2018-03-09,"Fri",18.55,19,19
"432",2018-03-10,"Sat",NA,NA,19.225
"433",2018-03-11,"Sun",NA,NA,19.225
"434",2018-03-12,"Mon",19.225,19.225,19.225
"435",2018-03-13,"Tue",24,25.1,25.1
"436",2018-03-14,"Wed",25.2,24.35,24.35
"437",2018-03-15,"Thu",22.55,22.5,22.5
"438",2018-03-16,"Fri",24.65,24.45,24.45
"439",2018-03-17,"Sat",NA,NA,24.65
"440",2018-03-18,"Sun",NA,NA,24.65
"441",2018-03-19,"Mon",24.65,21.3,21.3
"442",2018-03-20,"Tue",19.85,20.95,20.95
"443",2018-03-21,"Wed",20.7,21.33,21.33
"444",2018-03-22,"Thu",20.7,22.125,22.125
"445",2018-03-23,"Fri",21,20.525,20.525
"446",2018-03-24,"Sat",NA,NA,21
"447",2018-03-25,"Sun",NA,NA,21
"448",2018-03-26,"Mon",21,19.68,19.68
"449",2018-03-27,"Tue",21,18.7,18.7
"450",2018-03-28,"Wed",21,18.975,18.975
"451",2018-03-29,"Thu",19.28,18.65,18.65
"452",2018-03-30,"Fri",19.28,18.65,18.65
"453",2018-03-31,"Sat",NA,NA,19.28
"454",2018-04-01,"Sun",NA,NA,19.28
"455",2018-04-02,"Mon",19.28,18.65,18.65
"456",2018-04-03,"Tue",19.28,19.125,19.125
"457",2018-04-04,"Wed",19.28,19.1,19.1
"458",2018-04-05,"Thu",19.2,19.15,19.15
"459",2018-04-06,"Fri",18.5,18.925,18.925
"460",2018-04-07,"Sat",NA,NA,18.5
"461",2018-04-08,"Sun",NA,NA,18.5
"462",2018-04-09,"Mon",18.5,18.9,18.9
"463",2018-04-10,"Tue",18.5,18.88,18.88
"464",2018-04-11,"Wed",18.75,19.675,19.675
"465",2018-04-12,"Thu",18.75,19.63,19.63
"466",2018-04-13,"Fri",19.55,20.1,20.1
"467",2018-04-14,"Sat",NA,NA,19.55
"468",2018-04-15,"Sun",NA,NA,19.55
"469",2018-04-16,"Mon",19.55,20.35,20.35
"470",2018-04-17,"Tue",19.55,19.3,19.3
"471",2018-04-18,"Wed",19.55,19.1,19.1
"472",2018-04-19,"Thu",19.55,19.15,19.15
"473",2018-04-20,"Fri",20.325,20.1,20.1
"474",2018-04-21,"Sat",NA,NA,20.325
"475",2018-04-22,"Sun",NA,NA,20.325
"476",2018-04-23,"Mon",20.325,19.825,19.825
"477",2018-04-24,"Tue",20.325,19.775,19.775
"478",2018-04-25,"Wed",19.725,19.8,19.8
"479",2018-04-26,"Thu",19.725,19.95,19.95
"480",2018-04-27,"Fri",19.725,20.23,20.23
"481",2018-04-28,"Sat",NA,NA,19.725
"482",2018-04-29,"Sun",NA,NA,19.725
"483",2018-04-30,"Mon",19.725,20.3,20.3
"484",2018-05-01,"Tue",19.725,20.3,20.3
"485",2018-05-02,"Wed",19.725,20.9,20.9
"486",2018-05-03,"Thu",20.475,20.6,20.6
"487",2018-05-04,"Fri",20,20.35,20.35
"488",2018-05-05,"Sat",NA,NA,20
"489",2018-05-06,"Sun",NA,NA,20
"490",2018-05-07,"Mon",20,20.35,20.35
"491",2018-05-08,"Tue",20,20.4,20.4
"492",2018-05-09,"Wed",20,20.93,20.93
"493",2018-05-10,"Thu",20,20.9,20.9
"494",2018-05-11,"Fri",20.6,21.08,21.08
"495",2018-05-12,"Sat",NA,NA,20.6
"496",2018-05-13,"Sun",NA,NA,20.6
"497",2018-05-14,"Mon",20.6,21.325,21.325
"498",2018-05-15,"Tue",20.6,21.7,21.7
"499",2018-05-16,"Wed",20.6,21.6,21.6
"500",2018-05-17,"Thu",20.6,21.875,21.875
"501",2018-05-18,"Fri",21.35,22.525,22.525
"502",2018-05-19,"Sat",NA,NA,21.35
"503",2018-05-20,"Sun",NA,NA,21.35
"504",2018-05-21,"Mon",21.35,22.05,22.05
"505",2018-05-22,"Tue",21.35,22.275,22.275
"506",2018-05-23,"Wed",21.35,22.9,22.9
"507",2018-05-24,"Thu",22.075,22.75,22.75
"508",2018-05-25,"Fri",22.7,22.775,22.775
"509",2018-05-26,"Sat",NA,NA,22.7
"510",2018-05-27,"Sun",NA,NA,22.7
"511",2018-05-28,"Mon",22.7,22.775,22.775
"512",2018-05-29,"Tue",22.7,21.825,21.825
"513",2018-05-30,"Wed",22.7,22.675,22.675
"514",2018-05-31,"Thu",22.7,22.775,22.775
"515",2018-06-01,"Fri",21.825,22.2,22.2
"516",2018-06-02,"Sat",NA,NA,21.825
"517",2018-06-03,"Sun",NA,NA,21.825
"518",2018-06-04,"Mon",21.825,21.875,21.875
"519",2018-06-05,"Tue",21.825,22.05,22.05
"520",2018-06-06,"Wed",21.825,21.8,21.8
"521",2018-06-07,"Thu",21.825,21.475,21.475
"522",2018-06-08,"Fri",21.9,21.7,21.7
"523",2018-06-09,"Sat",NA,NA,21.9
"524",2018-06-10,"Sun",NA,NA,21.9
"525",2018-06-11,"Mon",21.9,21.625,21.625
"526",2018-06-12,"Tue",21.9,21.55,21.55
"527",2018-06-13,"Wed",21.9,22,22
"528",2018-06-14,"Thu",21.9,22.5,22.5
"529",2018-06-15,"Fri",21.65,22.625,22.625
"530",2018-06-16,"Sat",NA,NA,21.65
"531",2018-06-17,"Sun",NA,NA,21.65
"532",2018-06-18,"Mon",21.65,22,22
"533",2018-06-19,"Tue",21.65,22.375,22.375
"534",2018-06-20,"Wed",21.65,22.15,22.15
"535",2018-06-21,"Thu",21.65,21.925,21.925
"536",2018-06-22,"Fri",21.975,21.65,21.65
"537",2018-06-23,"Sat",NA,NA,21.975
"538",2018-06-24,"Sun",NA,NA,21.975
"539",2018-06-25,"Mon",21.975,21.8,21.8
"540",2018-06-26,"Tue",21.975,21.63,21.63
"541",2018-06-27,"Wed",21.975,21.49,21.49
"542",2018-06-28,"Thu",21.975,22.1,22.1
"543",2018-06-29,"Fri",21.725,21.95,21.95
"544",2018-06-30,"Sat",NA,NA,21.725
"545",2018-07-01,"Sun",NA,NA,21.725
"546",2018-07-02,"Mon",21.725,21.875,21.875
"547",2018-07-03,"Tue",21.725,22.125,22.125
"548",2018-07-04,"Wed",21.725,22.35,22.35
"549",2018-07-05,"Thu",21.725,22.4,22.4
"550",2018-07-06,"Fri",21.875,22.1,22.1
"551",2018-07-07,"Sat",NA,NA,21.875
"552",2018-07-08,"Sun",NA,NA,21.875
"553",2018-07-09,"Mon",21.875,22.15,22.15
"554",2018-07-10,"Tue",21.875,22.575,22.575
"555",2018-07-11,"Wed",21.875,22.68,22.68
"556",2018-07-12,"Thu",21.875,22.575,22.575
"557",2018-07-13,"Fri",22.15,22.075,22.075
"558",2018-07-14,"Sat",NA,NA,22.15
"559",2018-07-15,"Sun",NA,NA,22.15
"560",2018-07-16,"Mon",22.15,22.65,22.65
"561",2018-07-17,"Tue",22.15,22.03,22.03
"562",2018-07-18,"Wed",22.15,22.03,22.03
"563",2018-07-19,"Thu",22.15,22.15,22.15
"564",2018-07-20,"Fri",22.4,22.325,22.325
"565",2018-07-21,"Sat",NA,NA,22.4
"566",2018-07-22,"Sun",NA,NA,22.4
"567",2018-07-23,"Mon",22.4,22,22
"568",2018-07-24,"Tue",22.4,22.2,22.2
"569",2018-07-25,"Wed",22.4,22.15,22.15
"570",2018-07-26,"Thu",22.4,22.325,22.325
"571",2018-07-27,"Fri",21.95,22.23,22.23
"572",2018-07-28,"Sat",NA,NA,21.95
"573",2018-07-29,"Sun",NA,NA,21.95
"574",2018-07-30,"Mon",21.95,22.125,22.125
"575",2018-07-31,"Tue",21.95,22.2,22.2
"576",2018-08-01,"Wed",21.95,22.075,22.075
"577",2018-08-02,"Thu",21.95,22.175,22.175
"578",2018-08-03,"Fri",21.95,22.1,22.1
"579",2018-08-04,"Sat",NA,NA,21.95
"580",2018-08-05,"Sun",NA,NA,21.95
"581",2018-08-06,"Mon",21.95,22.2,22.2
"582",2018-08-07,"Tue",21.95,22.3,22.3
"583",2018-08-08,"Wed",21.95,22.55,22.55
"584",2018-08-09,"Thu",21.95,22.53,22.53
"585",2018-08-10,"Fri",22.1,22.575,22.575
"586",2018-08-11,"Sat",NA,NA,22.1
"587",2018-08-12,"Sun",NA,NA,22.1
"588",2018-08-13,"Mon",22.1,22.6,22.6
"589",2018-08-14,"Tue",22.1,23.375,23.375
"590",2018-08-15,"Wed",22.1,23.45,23.45
"591",2018-08-16,"Thu",22.1,23.375,23.375
"592",2018-08-17,"Fri",22.65,23.575,23.575
"593",2018-08-18,"Sat",NA,NA,22.65
"594",2018-08-19,"Sun",NA,NA,22.65
"595",2018-08-20,"Mon",22.65,24.1,24.1
"596",2018-08-21,"Tue",22.65,24.15,24.15
"597",2018-08-22,"Wed",22.65,24.225,24.225
"598",2018-08-23,"Thu",22.65,24.5,24.5
"599",2018-08-24,"Fri",23.95,24.8,24.8
"600",2018-08-25,"Sat",NA,NA,23.95
"601",2018-08-26,"Sun",NA,NA,23.95
"602",2018-08-27,"Mon",23.95,24.8,24.8
"603",2018-08-28,"Tue",23.95,25.1,25.1
"604",2018-08-29,"Wed",23.95,25.8,25.8
"605",2018-08-30,"Thu",23.95,26.325,26.325
"606",2018-08-31,"Fri",24.65,26.175,26.175
"607",2018-09-01,"Sat",NA,NA,24.65
"608",2018-09-02,"Sun",NA,NA,24.65
"609",2018-09-03,"Mon",24.65,25.775,25.775
"610",2018-09-04,"Tue",24.65,26.3,26.3
"611",2018-09-05,"Wed",24.65,26.675,26.675
"612",2018-09-06,"Thu",24.65,27.15,27.15
"613",2018-09-07,"Fri",25.7,27.45,27.45
"614",2018-09-08,"Sat",NA,NA,25.7
"615",2018-09-09,"Sun",NA,NA,25.7
"616",2018-09-10,"Mon",25.7,28.2,28.2
"617",2018-09-11,"Tue",25.7,29.15,29.15
"618",2018-09-12,"Wed",25.7,28.65,28.65
"619",2018-09-13,"Thu",25.7,27.505,27.505
"620",2018-09-14,"Fri",28,26.625,26.625
"621",2018-09-15,"Sat",NA,NA,28
"622",2018-09-16,"Sun",NA,NA,28
"623",2018-09-17,"Mon",28,27,27
"624",2018-09-18,"Tue",28,27.575,27.575
"625",2018-09-19,"Wed",28,27.175,27.175
"626",2018-09-20,"Thu",28,28.35,28.35
"627",2018-09-21,"Fri",26.8,28.2,28.2
"628",2018-09-22,"Sat",NA,NA,26.8
"629",2018-09-23,"Sun",NA,NA,26.8
"630",2018-09-24,"Mon",26.8,28.625,28.625
"631",2018-09-25,"Tue",26.8,29.65,29.65
"632",2018-09-26,"Wed",26.8,29.6,29.6
"633",2018-09-27,"Thu",28.625,28.15,28.15
"634",2018-09-28,"Fri",28,27.925,27.925
"635",2018-09-29,"Sat",NA,NA,28
"636",2018-09-30,"Sun",NA,NA,28
"637",2018-10-01,"Mon",28,27.35,27.35
"638",2018-10-02,"Tue",28,27.275,27.275
"639",2018-10-03,"Wed",28,26.8,26.8
"640",2018-10-04,"Thu",27.275,26.88,26.88
"641",2018-10-05,"Fri",27.1,27.05,27.05
"642",2018-10-06,"Sat",NA,NA,27.1
"643",2018-10-07,"Sun",NA,NA,27.1
"644",2018-10-08,"Mon",27.1,27.65,27.65
"645",2018-10-09,"Tue",27.1,27.05,27.05
"646",2018-10-10,"Wed",27.1,26.45,26.45
"647",2018-10-11,"Thu",27.45,25.85,25.85
"648",2018-10-12,"Fri",25.1,25.325,25.325
"649",2018-10-13,"Sat",NA,NA,25.1
"650",2018-10-14,"Sun",NA,NA,25.1
"651",2018-10-15,"Mon",25.1,26,26
"652",2018-10-16,"Tue",25.1,25.95,25.95
"653",2018-10-17,"Wed",25.1,25.75,25.75
"654",2018-10-18,"Thu",25.7,25.65,25.65
"655",2018-10-19,"Fri",25.75,25.4,25.4
"656",2018-10-20,"Sat",NA,NA,25.75
"657",2018-10-21,"Sun",NA,NA,25.75
"658",2018-10-22,"Mon",25.75,26.45,26.45
"659",2018-10-23,"Tue",25.75,25.675,25.675
"660",2018-10-24,"Wed",25.75,25.18,25.18
"661",2018-10-25,"Thu",25.75,25.35,25.35
"662",2018-10-26,"Fri",26.1,24.9,24.9
"663",2018-10-27,"Sat",NA,NA,26.1
"664",2018-10-28,"Sun",NA,NA,26.1
"665",2018-10-29,"Mon",26.1,24.75,24.75
"666",2018-10-30,"Tue",26.1,25.175,25.175
"667",2018-10-31,"Wed",24.375,24.5,24.5
"668",2018-11-01,"Thu",24.375,23.75,23.75
"669",2018-11-02,"Fri",23.525,23.63,23.63
"670",2018-11-03,"Sat",NA,NA,23.525
"671",2018-11-04,"Sun",NA,NA,23.525
"672",2018-11-05,"Mon",23.525,23.65,23.65
"673",2018-11-06,"Tue",26.65,23.33,23.33
"674",2018-11-07,"Wed",26.65,23.5,23.5
"675",2018-11-08,"Thu",26.65,24,24
"676",2018-11-09,"Fri",23.4,24.65,24.65
"677",2018-11-10,"Sat",NA,NA,23.4
"678",2018-11-11,"Sun",NA,NA,23.4
"679",2018-11-12,"Mon",23.4,23.8,23.8
"680",2018-11-13,"Tue",23.4,25.2,25.2
"681",2018-11-14,"Wed",23.4,26.725,26.725
"682",2018-11-15,"Thu",23.4,26.95,26.95
"683",2018-11-16,"Fri",23.625,26.6,26.6
"684",2018-11-17,"Sat",NA,NA,23.625
"685",2018-11-18,"Sun",NA,NA,23.625
"686",2018-11-19,"Mon",23.625,26.08,26.08
"687",2018-11-20,"Tue",23.625,24.9,24.9
"688",2018-11-21,"Wed",23.625,25.2,25.2
"689",2018-11-22,"Thu",26.2,24.975,24.975
"690",2018-11-23,"Fri",24.4,25.25,25.25
"691",2018-11-24,"Sat",NA,NA,24.4
"692",2018-11-25,"Sun",NA,NA,24.4
"693",2018-11-26,"Mon",24.4,25.25,25.25
"694",2018-11-27,"Tue",24.4,24.98,24.98
"695",2018-11-28,"Wed",25,25.575,25.575
"696",2018-11-29,"Thu",25,24.7,24.7
"697",2018-11-30,"Fri",24.4,25.025,25.025
"698",2018-12-01,"Sat",NA,NA,24.4
"699",2018-12-02,"Sun",NA,NA,24.4
"700",2018-12-03,"Mon",24.4,24.075,24.075
"701",2018-12-04,"Tue",24.4,24.9,24.9
"702",2018-12-05,"Wed",24.4,24.3,24.3
"703",2018-12-06,"Thu",24.4,23.6,23.6
"704",2018-12-07,"Fri",24.1,23.05,23.05
"705",2018-12-08,"Sat",NA,NA,24.1
"706",2018-12-09,"Sun",NA,NA,24.1
"707",2018-12-10,"Mon",24.1,23.1,23.1
"708",2018-12-11,"Tue",24.1,23.65,23.65
"709",2018-12-12,"Wed",24.1,23.925,23.925
"710",2018-12-13,"Thu",24.1,24.5,24.5
"711",2018-12-14,"Fri",22.525,24.6,24.6
"712",2018-12-15,"Sat",NA,NA,22.525
"713",2018-12-16,"Sun",NA,NA,22.525
"714",2018-12-17,"Mon",22.525,25.1,25.1
"715",2018-12-18,"Tue",22.525,25.075,25.075
"716",2018-12-19,"Wed",22.525,24.325,24.325
"717",2018-12-20,"Thu",22.525,24.75,24.75
"718",2018-12-21,"Fri",25.08,24.4,24.4
"719",2018-12-22,"Sat",NA,NA,25.08
"720",2018-12-23,"Sun",NA,NA,25.08
"721",2018-12-24,"Mon",25.08,24.5,24.5
"722",2018-12-25,"Tue",25.08,24.5,24.5
"723",2018-12-26,"Wed",25.08,24.5,24.5
"724",2018-12-27,"Thu",25.08,24.7,24.7
"725",2018-12-28,"Fri",24,23.8,23.8
"726",2018-12-29,"Sat",NA,NA,24
"727",2018-12-30,"Sun",NA,NA,24
"728",2018-12-31,"Mon",24,22.9,22.9
"729",2019-01-01,"Tue",24,22.9,22.9
"730",2019-01-02,"Wed",24,21.95,21.95
"731",2019-01-03,"Thu",24,22.7,22.7
"732",2019-01-04,"Fri",22.78,22,22
"733",2019-01-05,"Sat",NA,NA,22.78
"734",2019-01-06,"Sun",NA,NA,22.78
"735",2019-01-07,"Mon",22.78,22.63,22.63
"736",2019-01-08,"Tue",22.78,21.375,21.375
"737",2019-01-09,"Wed",22.7,22.2,22.2
"738",2019-01-10,"Thu",22.1,21.8,21.8
"739",2019-01-11,"Fri",21.8,22.05,22.05
"740",2019-01-12,"Sat",NA,NA,21.8
"741",2019-01-13,"Sun",NA,NA,21.8
"742",2019-01-14,"Mon",21.8,22.1,22.1
"743",2019-01-15,"Tue",21.8,21.7,21.7
"744",2019-01-16,"Wed",21.8,22,22
"745",2019-01-17,"Thu",21.8,22.35,22.35
"746",2019-01-18,"Fri",22.16,23.175,23.175
"747",2019-01-19,"Sat",NA,NA,22.16
"748",2019-01-20,"Sun",NA,NA,22.16
"749",2019-01-21,"Mon",22.16,22.925,22.925
"750",2019-01-22,"Tue",22.16,22.6,22.6
"751",2019-01-23,"Wed",22.16,22.48,22.48
"752",2019-01-24,"Thu",22.98,22.725,22.725
"753",2019-01-25,"Fri",21.9,21.9,21.9
"754",2019-01-26,"Sat",NA,NA,21.9
"755",2019-01-27,"Sun",NA,NA,21.9
"756",2019-01-28,"Mon",21.9,21.475,21.475
"757",2019-01-29,"Tue",21.9,21.25,21.25
"758",2019-01-30,"Wed",21.9,21.55,21.55
"759",2019-01-31,"Thu",21.9,21.05,21.05
"760",2019-02-01,"Fri",21.3,20.675,20.675
"761",2019-02-02,"Sat",NA,NA,21.3
"762",2019-02-03,"Sun",NA,NA,21.3
"763",2019-02-04,"Mon",21.3,20.18,20.18
"764",2019-02-05,"Tue",21.3,20.1,20.1
"765",2019-02-06,"Wed",21.3,19.3,19.3
"766",2019-02-07,"Thu",19.3,19.725,19.725
"767",2019-02-08,"Fri",19.55,19.275,19.275
"768",2019-02-09,"Sat",NA,NA,19.55
"769",2019-02-10,"Sun",NA,NA,19.55
"770",2019-02-11,"Mon",19.55,18.8,18.8
"771",2019-02-12,"Tue",18.63,18.9,18.9
"772",2019-02-13,"Wed",18.4,18.375,18.375
"773",2019-02-14,"Thu",18.4,18.775,18.775
"774",2019-02-15,"Fri",18.45,18.25,18.25
"775",2019-02-16,"Sat",NA,NA,18.45
"776",2019-02-17,"Sun",NA,NA,18.45
"777",2019-02-18,"Mon",18.45,18.625,18.625
"778",2019-02-19,"Tue",18.45,18.05,18.05
"779",2019-02-20,"Wed",18.45,18.38,18.38
"780",2019-02-21,"Thu",18.25,18.7,18.7
"781",2019-02-22,"Fri",18.475,18.025,18.025
"782",2019-02-23,"Sat",NA,NA,18.475
"783",2019-02-24,"Sun",NA,NA,18.475
"784",2019-02-25,"Mon",18.475,17.725,17.725
"785",2019-02-26,"Tue",18.475,17.625,17.625
"786",2019-02-27,"Wed",18.475,17.675,17.675
"787",2019-02-28,"Thu",18.475,18.33,18.33
"788",2019-03-01,"Fri",17.63,18.53,18.53
"789",2019-03-02,"Sat",NA,NA,17.63
"790",2019-03-03,"Sun",NA,NA,17.63
"791",2019-03-04,"Mon",17.63,17.825,17.825
"792",2019-03-05,"Tue",17.63,18.2,18.2
"793",2019-03-06,"Wed",17.63,18.025,18.025
"794",2019-03-07,"Thu",17.63,17.625,17.625
"795",2019-03-08,"Fri",17.8,17.625,17.625
"796",2019-03-09,"Sat",NA,NA,17.8
"797",2019-03-10,"Sun",NA,NA,17.8
"798",2019-03-11,"Mon",17.8,17.55,17.55
"799",2019-03-12,"Tue",17.8,17.575,17.575
"800",2019-03-13,"Wed",17.8,17.2,17.2
"801",2019-03-14,"Thu",17.8,16.55,16.55
"802",2019-03-15,"Fri",17.6,16.25,16.25
"803",2019-03-16,"Sat",NA,NA,17.6
"804",2019-03-17,"Sun",NA,NA,17.6
"805",2019-03-18,"Mon",17.6,15.7,15.7
"806",2019-03-19,"Tue",17.6,16.25,16.25
"807",2019-03-20,"Wed",15.85,16.05,16.05
"808",2019-03-21,"Thu",15.85,16,16
"809",2019-03-22,"Fri",15.65,15.2,15.2
"810",2019-03-23,"Sat",NA,NA,15.65
"811",2019-03-24,"Sun",NA,NA,15.65
"812",2019-03-25,"Mon",15.65,15.03,15.03
"813",2019-03-26,"Tue",15.65,15.18,15.18
"814",2019-03-27,"Wed",15.65,15.35,15.35
"815",2019-03-28,"Thu",15.65,15.45,15.45
"816",2019-03-29,"Fri",14.95,15.05,15.05
"817",2019-03-30,"Sat",NA,NA,14.95
"818",2019-03-31,"Sun",NA,NA,14.95
"819",2019-04-01,"Mon",14.95,15.5,15.5
"820",2019-04-02,"Tue",14.95,14.775,14.775
"821",2019-04-03,"Wed",14.95,14.575,14.575
"822",2019-04-04,"Thu",14.95,15.18,15.18
"823",2019-04-05,"Fri",14.85,15.8,15.8
"824",2019-04-06,"Sat",NA,NA,14.85
"825",2019-04-07,"Sun",NA,NA,14.85
"826",2019-04-08,"Mon",14.85,17.1,17.1
"827",2019-04-09,"Tue",14.85,16.625,16.625
"828",2019-04-10,"Wed",14.85,17.525,17.525
"829",2019-04-11,"Thu",14.85,16.85,16.85
"830",2019-04-12,"Fri",17,16.85,16.85
"831",2019-04-13,"Sat",NA,NA,17
"832",2019-04-14,"Sun",NA,NA,17
"833",2019-04-15,"Mon",17,16.83,16.83
"834",2019-04-16,"Tue",17,15.9,15.9
"835",2019-04-17,"Wed",17,16.03,16.03
"836",2019-04-18,"Thu",16.73,15.775,15.775
"837",2019-04-19,"Fri",16.73,15.775,15.775
"838",2019-04-20,"Sat",NA,NA,16.73
"839",2019-04-21,"Sun",NA,NA,16.73
"840",2019-04-22,"Mon",16.73,15.775,15.775
"841",2019-04-23,"Tue",16.73,15.325,15.325
"842",2019-04-24,"Wed",16.73,15.2,15.2
"843",2019-04-25,"Thu",16.73,14.95,14.95
"844",2019-04-26,"Fri",15.2,15.15,15.15
"845",2019-04-27,"Sat",NA,NA,15.2
"846",2019-04-28,"Sun",NA,NA,15.2
"847",2019-04-29,"Mon",15.2,15.59,15.59
"848",2019-04-30,"Tue",15.2,15.25,15.25
"849",2019-05-01,"Wed",15.2,15.25,15.25
"850",2019-05-02,"Thu",15.375,15,15
"851",2019-05-03,"Fri",15.18,15.5,15.5
"852",2019-05-04,"Sat",NA,NA,15.18
"853",2019-05-05,"Sun",NA,NA,15.18
"854",2019-05-06,"Mon",15.18,15.5,15.5
"855",2019-05-07,"Tue",15.18,15.85,15.85
"856",2019-05-08,"Wed",15.18,15.38,15.38
"857",2019-05-09,"Thu",15.18,15.25,15.25
"858",2019-05-10,"Fri",15.35,15.3,15.3
"859",2019-05-11,"Sat",NA,NA,15.35
"860",2019-05-12,"Sun",NA,NA,15.35
"861",2019-05-13,"Mon",15.35,14.825,14.825
"862",2019-05-14,"Tue",15.35,14.65,14.65
"863",2019-05-15,"Wed",15.05,14.45,14.45
"864",2019-05-16,"Thu",15.05,14.8,14.8
"865",2019-05-17,"Fri",14.5,14.25,14.25
"866",2019-05-18,"Sat",NA,NA,14.5
"867",2019-05-19,"Sun",NA,NA,14.5
"868",2019-05-20,"Mon",14.5,13.8,13.8
"869",2019-05-21,"Tue",14.5,13.75,13.75
"870",2019-05-22,"Wed",14.5,13.525,13.525
"871",2019-05-23,"Thu",14.5,13.5,13.5
"872",2019-05-24,"Fri",13.55,13.075,13.075
"873",2019-05-25,"Sat",NA,NA,13.55
"874",2019-05-26,"Sun",NA,NA,13.55
"875",2019-05-27,"Mon",13.55,13.075,13.075
"876",2019-05-28,"Tue",13.55,12.8,12.8
"877",2019-05-29,"Wed",13.55,13.28,13.28
"878",2019-05-30,"Thu",13.55,12.325,12.325
"879",2019-05-31,"Fri",12.8,11.925,11.925
"880",2019-06-01,"Sat",NA,NA,12.8
"881",2019-06-02,"Sun",NA,NA,12.8
"882",2019-06-03,"Mon",12.8,10.05,10.05
"883",2019-06-04,"Tue",12.8,10.275,10.275
"884",2019-06-05,"Wed",12.8,11.35,11.35
"885",2019-06-06,"Thu",9.63,11.275,11.275
"886",2019-06-07,"Fri",10.88,10.625,10.625
"887",2019-06-08,"Sat",NA,NA,10.88
"888",2019-06-09,"Sun",NA,NA,10.88
"889",2019-06-10,"Mon",10.88,10.85,10.85
"890",2019-06-11,"Tue",10.88,11.775,11.775
"891",2019-06-12,"Wed",10.88,11.45,11.45
"892",2019-06-13,"Thu",10.88,11.35,11.35
"893",2019-06-14,"Fri",11.6,11.525,11.525
"894",2019-06-15,"Sat",NA,NA,11.6
"895",2019-06-16,"Sun",NA,NA,11.6
"896",2019-06-17,"Mon",11.6,11.4,11.4
"897",2019-06-18,"Tue",11.6,11.55,11.55
"898",2019-06-19,"Wed",11.6,11.325,11.325
"899",2019-06-20,"Thu",11.6,10.38,10.38
"900",2019-06-21,"Fri",11.35,10.15,10.15
"901",2019-06-22,"Sat",NA,NA,11.35
"902",2019-06-23,"Sun",NA,NA,11.35
"903",2019-06-24,"Mon",11.35,10.675,10.675
"904",2019-06-25,"Tue",11.35,10.625,10.625
"905",2019-06-26,"Wed",11.35,9.73,9.73
"906",2019-06-27,"Thu",10.55,10,10
"907",2019-06-28,"Fri",9.555,9.675,9.675
"908",2019-06-29,"Sat",NA,NA,9.875
"909",2019-06-30,"Sun",NA,NA,9.875
"910",2019-07-01,"Mon",9.875,9.9,9.9
"911",2019-07-02,"Tue",9.875,10.6,10.6
"912",2019-07-03,"Wed",9.875,10.825,10.825
"913",2019-07-04,"Thu",9.875,10.5,10.5
"914",2019-07-05,"Fri",10.25,10.8,10.8
"915",2019-07-06,"Sat",NA,NA,10.25
"916",2019-07-07,"Sun",NA,NA,10.25
"917",2019-07-08,"Mon",10.25,11.35,11.35
"918",2019-07-09,"Tue",10.25,12.28,12.28
"919",2019-07-10,"Wed",10.25,11.75,11.75
"920",2019-07-11,"Thu",10.8,12.65,12.65
"921",2019-07-12,"Fri",12.85,13.2,13.2
"922",2019-07-13,"Sat",NA,NA,12.85
"923",2019-07-14,"Sun",NA,NA,12.85
"924",2019-07-15,"Mon",12.85,13.1,13.1
"925",2019-07-16,"Tue",12.85,13.05,13.05
"926",2019-07-17,"Wed",12.85,11.45,11.45
"927",2019-07-18,"Thu",12.85,11.3,11.3
"928",2019-07-19,"Fri",12.75,10.9,10.9
"929",2019-07-20,"Sat",NA,NA,12.75
"930",2019-07-21,"Sun",NA,NA,12.75
"931",2019-07-22,"Mon",12.75,11.15,11.15
"932",2019-07-23,"Tue",12.75,10.35,10.35
"933",2019-07-24,"Wed",10.45,10.9,10.9
"934",2019-07-25,"Thu",10.5,10.625,10.625
"935",2019-07-26,"Fri",10.28,10.3,10.3
"936",2019-07-27,"Sat",NA,NA,10.28
"937",2019-07-28,"Sun",NA,NA,10.28
"938",2019-07-29,"Mon",10.28,10.38,10.38
"939",2019-07-30,"Tue",10.28,10,10
"940",2019-07-31,"Wed",10.28,10.225,10.225
"941",2019-08-01,"Thu",10.28,10.525,10.525
"942",2019-08-02,"Fri",10.2,11.65,11.65
"943",2019-08-03,"Sat",NA,NA,10.2
"944",2019-08-04,"Sun",NA,NA,10.2
"945",2019-08-05,"Mon",10.2,11.65,11.65
"946",2019-08-06,"Tue",10.2,10.7,10.7
"947",2019-08-07,"Wed",11.45,10.35,10.35
"948",2019-08-08,"Thu",11.45,9.95,9.95
"949",2019-08-09,"Fri",9.8,10.35,10.35
"950",2019-08-10,"Sat",NA,NA,9.8
"951",2019-08-11,"Sun",NA,NA,9.8
"952",2019-08-12,"Mon",9.8,10.375,10.375
"953",2019-08-13,"Tue",9.8,10.83,10.83
"954",2019-08-14,"Wed",10.325,10.75,10.75
"955",2019-08-15,"Thu",10.325,9.9,9.9
"956",2019-08-16,"Fri",10.15,9.775,9.775
"957",2019-08-17,"Sat",NA,NA,10.15
"958",2019-08-18,"Sun",NA,NA,10.15
"959",2019-08-19,"Mon",10.15,9.65,9.65
"960",2019-08-20,"Tue",10.15,9.725,9.725
"961",2019-08-21,"Wed",10.15,10.125,10.125
"962",2019-08-22,"Thu",10.15,10.13,10.13
"963",2019-08-23,"Fri",10.1,10.325,10.325
"964",2019-08-24,"Sat",NA,NA,10.1
"965",2019-08-25,"Sun",NA,NA,10.1
"966",2019-08-26,"Mon",10.1,10.325,10.325
"967",2019-08-27,"Tue",10.1,9.85,9.85
"968",2019-08-28,"Wed",10,10.28,10.28
"969",2019-08-29,"Thu",10,10.15,10.15
"970",2019-08-30,"Fri",9.9,10,10
"971",2019-08-31,"Sat",NA,NA,9.9
"972",2019-09-01,"Sun",NA,NA,9.9
"973",2019-09-02,"Mon",9.9,8.975,8.975
"974",2019-09-03,"Tue",9.9,8.15,8.15
"975",2019-09-04,"Wed",9.05,7.9,7.9
"976",2019-09-05,"Thu",7.75,7.85,7.85
"977",2019-09-06,"Fri",7.325,8.13,8.13
"978",2019-09-07,"Sat",NA,NA,7.325
"979",2019-09-08,"Sun",NA,NA,7.325
"980",2019-09-09,"Mon",7.325,9.85,9.85
"981",2019-09-10,"Tue",7.325,9.75,9.75
"982",2019-09-11,"Wed",7.325,10.75,10.75
"983",2019-09-12,"Thu",7.325,10.225,10.225
"984",2019-09-13,"Fri",10,11.325,11.325
"985",2019-09-14,"Sat",NA,NA,10
"986",2019-09-15,"Sun",NA,NA,10
"987",2019-09-16,"Mon",10,10.93,10.93
"988",2019-09-17,"Tue",10,11.3,11.3
"989",2019-09-18,"Wed",10,10.075,10.075
"990",2019-09-19,"Thu",10,9.675,9.675
"991",2019-09-20,"Fri",10.48,10.2,10.2
"992",2019-09-21,"Sat",NA,NA,10.48
"993",2019-09-22,"Sun",NA,NA,10.48
"994",2019-09-23,"Mon",10.48,9.375,9.375
"995",2019-09-24,"Tue",10.48,10.3,10.3
"996",2019-09-25,"Wed",10.48,11.45,11.45
"997",2019-09-26,"Thu",10.48,10.65,10.65
"998",2019-09-27,"Fri",9.825,10.5,10.5
"999",2019-09-28,"Sat",NA,NA,9.825
"1000",2019-09-29,"Sun",NA,NA,9.825
"1001",2019-09-30,"Mon",9.825,10,10
"1002",2019-10-01,"Tue",9.825,8.25,8.25
"1003",2019-10-02,"Wed",9.8,9.9,9.9
"1004",2019-10-03,"Thu",10.35,10.65,10.65
"1005",2019-10-04,"Fri",12.2,11.8,11.8
"1006",2019-10-05,"Sat",NA,NA,10.15
"1007",2019-10-06,"Sun",NA,NA,10.15
"1008",2019-10-07,"Mon",10.15,11.25,11.25
"1009",2019-10-08,"Tue",10.3,10.4,10.4
"1010",2019-10-09,"Wed",9.65,9.9,9.9
"1011",2019-10-10,"Thu",8.3,8.4,8.4
"1012",2019-10-11,"Fri",8.65,8.88,8.88
"1013",2019-10-12,"Sat",NA,NA,8.65
"1014",2019-10-13,"Sun",NA,NA,8.65
"1015",2019-10-14,"Mon",8.65,9.225,9.225
"1016",2019-10-15,"Tue",8.65,10.65,10.65
"1017",2019-10-16,"Wed",8.1,11.15,11.15
"1018",2019-10-17,"Thu",8.1,10.78,10.78
"1019",2019-10-18,"Fri",10.85,10.05,10.05
"1020",2019-10-19,"Sat",NA,NA,10.85
"1021",2019-10-20,"Sun",NA,NA,10.85
"1022",2019-10-21,"Mon",10.85,10.525,10.525
"1023",2019-10-22,"Tue",10.85,10.55,10.55
"1024",2019-10-23,"Wed",10.85,10.4,10.4
"1025",2019-10-24,"Thu",10.85,10.37,10.37
"1026",2019-10-25,"Fri",10.35,9.98,9.98
"1027",2019-10-26,"Sat",NA,NA,9
"1028",2019-10-27,"Sun",NA,NA,9
"1029",2019-10-28,"Mon",9,11.15,11.15
"1030",2019-10-29,"Tue",11.275,11.7,11.7
"1031",2019-10-30,"Wed",10.25,10.95,10.95
"1032",2019-10-31,"Thu",9.8,10.325,10.325
"1033",2019-11-01,"Fri",9.875,10.05,10.05
"1034",2019-11-02,"Sat",NA,NA,9.875
"1035",2019-11-03,"Sun",NA,NA,9.875
"1036",2019-11-04,"Mon",9.875,10.075,10.075
"1037",2019-11-05,"Tue",9.875,12.35,12.35
"1038",2019-11-06,"Wed",9.875,13.9,13.9
"1039",2019-11-07,"Thu",9.875,13.6,13.6
"1040",2019-11-08,"Fri",11,14.05,14.05
"1041",2019-11-09,"Sat",NA,NA,11
"1042",2019-11-10,"Sun",NA,NA,11
"1043",2019-11-11,"Mon",11,14.7,14.7
"1044",2019-11-12,"Tue",11,14.85,14.85
"1045",2019-11-13,"Wed",11,15.675,15.675
"1046",2019-11-14,"Thu",15,15.355,15.355
"1047",2019-11-15,"Fri",15,14.8,14.8
"1048",2019-11-16,"Sat",NA,NA,15
"1049",2019-11-17,"Sun",NA,NA,15
"1050",2019-11-18,"Mon",15,15.7,15.7
"1051",2019-11-19,"Tue",15,15.125,15.125
"1052",2019-11-20,"Wed",15,15.775,15.775
"1053",2019-11-21,"Thu",15.325,15.6,15.6
"1054",2019-11-22,"Fri",15.825,16.075,16.075
"1055",2019-11-23,"Sat",NA,NA,15.825
"1056",2019-11-24,"Sun",NA,NA,15.825
"1057",2019-11-25,"Mon",15.825,16.075,16.075
"1058",2019-11-26,"Tue",15.825,16.775,16.775
"1059",2019-11-27,"Wed",15.825,15.9,15.9
"1060",2019-11-28,"Thu",15.825,16.125,16.125
"1061",2019-11-29,"Fri",15.88,15.9,15.9
"1062",2019-11-30,"Sat",NA,NA,15.88
"1063",2019-12-01,"Sun",NA,NA,15.88
"1064",2019-12-02,"Mon",15.88,16.025,16.025
"1065",2019-12-03,"Tue",15.88,15.975,15.975
"1066",2019-12-04,"Wed",15.88,15.85,15.85
"1067",2019-12-05,"Thu",15.88,15.475,15.475
"1068",2019-12-06,"Fri",15.45,14.525,14.525
"1069",2019-12-07,"Sat",NA,NA,14.3
"1070",2019-12-08,"Sun",NA,NA,14.3
"1071",2019-12-09,"Mon",14.3,14.45,14.45
"1072",2019-12-10,"Tue",14.3,14.05,14.05
"1073",2019-12-11,"Wed",14.3,14.08,14.08
"1074",2019-12-12,"Thu",14.3,14,14
"1075",2019-12-13,"Fri",14,14.2,14.2
"1076",2019-12-14,"Sat",NA,NA,14
"1077",2019-12-15,"Sun",NA,NA,14
"1078",2019-12-16,"Mon",14,13.175,13.175
"1079",2019-12-17,"Tue",14,12.675,12.675
"1080",2019-12-18,"Wed",14,13,13
"1081",2019-12-19,"Thu",12.83,13.25,13.25
"1082",2019-12-20,"Fri",12.9,13.18,13.18
"1083",2019-12-21,"Sat",NA,NA,12.9
"1084",2019-12-22,"Sun",NA,NA,12.9
"1085",2019-12-23,"Mon",12.9,12.93,12.93
"1086",2019-12-24,"Tue",12.9,11.4,11.4
"1087",2019-12-25,"Wed",12.9,11.4,11.4
"1088",2019-12-26,"Thu",12.9,11.4,11.4
"1089",2019-12-27,"Fri",12.65,11.05,11.05
"1090",2019-12-28,"Sat",NA,NA,12.65
"1091",2019-12-29,"Sun",NA,NA,12.65
"1092",2019-12-30,"Mon",12.65,12.33,12.33
"1093",2019-12-31,"Tue",12.65,12.6,12.6
"1094",2020-01-01,"Wed",12.65,12.6,12.6
"1095",2020-01-02,"Thu",12.65,12.25,12.25
"1096",2020-01-03,"Fri",12.405,12.35,12.35
"1097",2020-01-04,"Sat",NA,NA,12.405
"1098",2020-01-05,"Sun",NA,NA,12.405
"1099",2020-01-06,"Mon",12.405,13.3,13.3
"1100",2020-01-07,"Tue",12.405,12.95,12.95
"1101",2020-01-08,"Wed",12.405,12.3,12.3
"1102",2020-01-09,"Thu",12.405,12.35,12.35
"1103",2020-01-10,"Fri",12.875,12.275,12.275
"1104",2020-01-11,"Sat",NA,NA,12.875
"1105",2020-01-12,"Sun",NA,NA,12.875
"1106",2020-01-13,"Mon",12.875,12.3,12.3
"1107",2020-01-14,"Tue",12.875,12.58,12.58
"1108",2020-01-15,"Wed",12.875,11.75,11.75
"1109",2020-01-16,"Thu",12.2,11.745,11.745
"1110",2020-01-17,"Fri",12.35,11.6,11.6
"1111",2020-01-18,"Sat",NA,NA,12.35
"1112",2020-01-19,"Sun",NA,NA,12.35
"1113",2020-01-20,"Mon",12.35,11.6,11.6
"1114",2020-01-21,"Tue",12.35,11.25,11.25
"1115",2020-01-22,"Wed",12.35,11.45,11.45
"1116",2020-01-23,"Thu",12.35,11.2,11.2
"1117",2020-01-24,"Fri",11.475,10.875,10.875
"1118",2020-01-25,"Sat",NA,NA,11.475
"1119",2020-01-26,"Sun",NA,NA,11.475
"1120",2020-01-27,"Mon",11.475,11.125,11.125
"1121",2020-01-28,"Tue",11.475,11,11
"1122",2020-01-29,"Wed",10.925,11.3,11.3
"1123",2020-01-30,"Thu",10.55,10.7,10.7
"1124",2020-01-31,"Fri",10.28,10.35,10.35
"1125",2020-02-01,"Sat",NA,NA,10.28
"1126",2020-02-02,"Sun",NA,NA,10.28
"1127",2020-02-03,"Mon",10.28,10.325,10.325
"1128",2020-02-04,"Tue",10.28,9.83,9.83
"1129",2020-02-05,"Wed",10.28,10.3,10.3
"1130",2020-02-06,"Thu",10.28,10.225,10.225
"1131",2020-02-07,"Fri",10.125,9.85,9.85
"1132",2020-02-08,"Sat",NA,NA,10.125
"1133",2020-02-09,"Sun",NA,NA,10.125
"1134",2020-02-10,"Mon",10.125,9.63,9.63
"1135",2020-02-11,"Tue",10.125,9.43,9.43
"1136",2020-02-12,"Wed",9.8,9.58,9.58
"1137",2020-02-13,"Thu",9.8,9.75,9.75
"1138",2020-02-14,"Fri",9.4,9.55,9.55
"1139",2020-02-15,"Sat",NA,NA,9.4
"1140",2020-02-16,"Sun",NA,NA,9.4
"1141",2020-02-17,"Mon",9.4,9.425,9.425
"1142",2020-02-18,"Tue",9.4,9.85,9.85
"1143",2020-02-19,"Wed",9.425,10.25,10.25
"1144",2020-02-20,"Thu",9.425,10.25,10.25
"1145",2020-02-21,"Fri",10,10.35,10.35
"1146",2020-02-22,"Sat",NA,NA,10
"1147",2020-02-23,"Sun",NA,NA,10
"1148",2020-02-24,"Mon",10,9.925,9.925
"1149",2020-02-25,"Tue",10,9.65,9.65
"1150",2020-02-26,"Wed",9.75,9.675,9.675
"1151",2020-02-27,"Thu",9.75,9.73,9.73
"1152",2020-02-28,"Fri",9.5,9.5,9.5
"1153",2020-02-29,"Sat",NA,NA,9.5
"1154",2020-03-01,"Sun",NA,NA,9.5
"1155",2020-03-02,"Mon",9.5,9.625,9.625
"1156",2020-03-03,"Tue",9.5,9.98,9.98
"1157",2020-03-04,"Wed",9.5,10.125,10.125
"1158",2020-03-05,"Thu",9.5,9.93,9.93
"1159",2020-03-06,"Fri",9.4,9.975,9.975
"1160",2020-03-07,"Sat",NA,NA,9.4
"1161",2020-03-08,"Sun",NA,NA,9.4
"1162",2020-03-09,"Mon",9.4,9.55,9.55
"1163",2020-03-10,"Tue",9.4,9.25,9.25
"1164",2020-03-11,"Wed",9.4,9.475,9.475
"1165",2020-03-12,"Thu",9.4,9.68,9.68
"1166",2020-03-13,"Fri",9.325,9.7,9.7
"1167",2020-03-14,"Sat",NA,NA,9.325
"1168",2020-03-15,"Sun",NA,NA,9.325
"1169",2020-03-16,"Mon",9.325,9.85,9.85
"1170",2020-03-17,"Tue",9.325,8.85,8.85
"1171",2020-03-18,"Wed",9.325,8.45,8.45
"1172",2020-03-19,"Thu",9.325,8.7,8.7
"1173",2020-03-20,"Fri",9.525,9.08,9.08
"1174",2020-03-21,"Sat",NA,NA,9.525
"1175",2020-03-22,"Sun",NA,NA,9.525
"1176",2020-03-23,"Mon",9.525,8.8,8.8
"1177",2020-03-24,"Tue",9.525,8.75,8.75
"1178",2020-03-25,"Wed",9.525,8.575,8.575
"1179",2020-03-26,"Thu",9.525,8.425,8.425
"1180",2020-03-27,"Fri",8.9,8.2,8.2
"1181",2020-03-28,"Sat",NA,NA,8.9
"1182",2020-03-29,"Sun",NA,NA,8.9
"1183",2020-03-30,"Mon",8.9,8.05,8.05
"1184",2020-03-31,"Tue",8.9,7.825,7.825
"1185",2020-04-01,"Wed",8.9,7.875,7.875
"1186",2020-04-02,"Thu",8.9,7.7,7.7
"1187",2020-04-03,"Fri",7.825,7.625,7.625
"1188",2020-04-04,"Sat",NA,NA,7.825
"1189",2020-04-05,"Sun",NA,NA,7.825
"1190",2020-04-06,"Mon",7.825,7.775,7.775
"1191",2020-04-07,"Tue",7.825,7.65,7.65
"1192",2020-04-08,"Wed",7.825,8.025,8.025
"1193",2020-04-09,"Thu",7.8,7.675,7.675
"1194",2020-04-10,"Fri",7.8,7.675,7.675
"1195",2020-04-11,"Sat",NA,NA,7.8
"1196",2020-04-12,"Sun",NA,NA,7.8
"1197",2020-04-13,"Mon",7.8,7.675,7.675
"1198",2020-04-14,"Tue",7.8,7.65,7.65
"1199",2020-04-15,"Wed",7.8,7.65,7.65
"1200",2020-04-16,"Thu",7.39,7.4,7.4
"1201",2020-04-17,"Fri",7.4,7.325,7.325
"1202",2020-04-18,"Sat",NA,NA,7.4
"1203",2020-04-19,"Sun",NA,NA,7.4
"1204",2020-04-20,"Mon",7.4,7.25,7.25
"1205",2020-04-21,"Tue",7.4,6.9,6.9
"1206",2020-04-22,"Wed",7.4,6.4,6.4
"1207",2020-04-23,"Thu",7.4,6.7,6.7
"1208",2020-04-24,"Fri",7.225,6.375,6.375
"1209",2020-04-25,"Sat",NA,NA,7.225
"1210",2020-04-26,"Sun",NA,NA,7.225
"1211",2020-04-27,"Mon",7.225,6.05,6.05
"1212",2020-04-28,"Tue",7.225,6.275,6.275
"1213",2020-04-29,"Wed",5.85,6.4,6.4
"1214",2020-04-30,"Thu",6.33,6.275,6.275
"1215",2020-05-01,"Fri",6.33,6.275,6.275
"1216",2020-05-02,"Sat",NA,NA,6.33
"1217",2020-05-03,"Sun",NA,NA,6.33
"1218",2020-05-04,"Mon",6.33,6.18,6.18
"1219",2020-05-05,"Tue",6.3,6.1,6.1
"1220",2020-05-06,"Wed",6.3,6.175,6.175
"1221",2020-05-07,"Thu",5.93,6.1,6.1
"1222",2020-05-08,"Fri",5.93,5.98,5.98
"1223",2020-05-09,"Sat",NA,NA,5.93
"1224",2020-05-10,"Sun",NA,NA,5.93
"1225",2020-05-11,"Mon",5.93,6.075,6.075
"1226",2020-05-12,"Tue",5.93,6.43,6.43
"1227",2020-05-13,"Wed",5.93,5.95,5.95
"1228",2020-05-14,"Thu",5.93,5.71,5.71
"1229",2020-05-15,"Fri",5.875,5.575,5.575
"1230",2020-05-16,"Sat",NA,NA,5.875
"1231",2020-05-17,"Sun",NA,NA,5.875
"1232",2020-05-18,"Mon",5.875,5.18,5.18
"1233",2020-05-19,"Tue",5.875,5.125,5.125
"1234",2020-05-20,"Wed",5.875,4.7,4.7
"1235",2020-05-21,"Thu",5.875,4.7,4.7
"1236",2020-05-22,"Fri",5.275,3.68,3.68
"1237",2020-05-23,"Sat",NA,NA,5.275
"1238",2020-05-24,"Sun",NA,NA,5.275
"1239",2020-05-25,"Mon",5.275,3.68,3.68
"1240",2020-05-26,"Tue",5.275,4.1,4.1
"1241",2020-05-27,"Wed",5.275,4.425,4.425
"1242",2020-05-28,"Thu",4.1,4,4
"1243",2020-05-29,"Fri",3.75,3.95,3.95
"1244",2020-05-30,"Sat",NA,NA,3.75
"1245",2020-05-31,"Sun",NA,NA,3.75
"1246",2020-06-01,"Mon",3.75,3.5,3.5
"1247",2020-06-02,"Tue",3.75,3.68,3.68
"1248",2020-06-03,"Wed",3.75,4.48,4.48
"1249",2020-06-04,"Thu",3.75,4.875,4.875
"1250",2020-06-05,"Fri",3.98,4.525,4.525
"1251",2020-06-06,"Sat",NA,NA,3.98
"1252",2020-06-07,"Sun",NA,NA,3.98
"1253",2020-06-08,"Mon",3.98,5,5
"1254",2020-06-09,"Tue",3.98,5.25,5.25
"1255",2020-06-10,"Wed",3.98,4.725,4.725
"1256",2020-06-11,"Thu",3.98,4.6,4.6
"1257",2020-06-12,"Fri",5,4.7,4.7
"1258",2020-06-13,"Sat",NA,NA,5
"1259",2020-06-14,"Sun",NA,NA,5
"1260",2020-06-15,"Mon",5,5.05,5.05
"1261",2020-06-16,"Tue",5,5.4,5.4
"1262",2020-06-17,"Wed",5,5.2,5.2
"1263",2020-06-18,"Thu",5,5.15,5.15
"1264",2020-06-19,"Fri",4.9,5.25,5.25
"1265",2020-06-20,"Sat",NA,NA,4.9
"1266",2020-06-21,"Sun",NA,NA,4.9
"1267",2020-06-22,"Mon",4.9,5.35,5.35
"1268",2020-06-23,"Tue",4.9,5.28,5.28
"1269",2020-06-24,"Wed",4.9,5.575,5.575
"1270",2020-06-25,"Thu",4.9,5.65,5.65
"1271",2020-06-26,"Fri",5.28,4.975,4.975
"1272",2020-06-27,"Sat",NA,NA,5.28
"1273",2020-06-28,"Sun",NA,NA,5.28
"1274",2020-06-29,"Mon",5.28,5,5
"1275",2020-06-30,"Tue",5.28,5.7,5.7
"1276",2020-07-01,"Wed",5.28,5.55,5.55
"1277",2020-07-02,"Thu",5.28,5.7,5.7
"1278",2020-07-03,"Fri",4.75,5.1,5.1
"1279",2020-07-04,"Sat",NA,NA,4.75
"1280",2020-07-05,"Sun",NA,NA,4.75
"1281",2020-07-06,"Mon",4.75,5.15,5.15
"1282",2020-07-07,"Tue",4.75,5.6,5.6
"1283",2020-07-08,"Wed",4.75,5.9,5.9
"1284",2020-07-09,"Thu",4.75,5.5,5.5
"1285",2020-07-10,"Fri",5.2,5,5
"1286",2020-07-11,"Sat",NA,NA,5.2
"1287",2020-07-12,"Sun",NA,NA,5.2
"1288",2020-07-13,"Mon",5.2,4.98,4.98
"1289",2020-07-14,"Tue",5.2,4.75,4.75
"1290",2020-07-15,"Wed",5.2,4.9,4.9
"1291",2020-07-16,"Thu",5.2,5.175,5.175
"1292",2020-07-17,"Fri",4.88,4.7,4.7
"1293",2020-07-18,"Sat",NA,NA,4.88
"1294",2020-07-19,"Sun",NA,NA,4.88
"1295",2020-07-20,"Mon",4.88,5.18,5.18
"1296",2020-07-21,"Tue",4.88,4.8,4.8
"1297",2020-07-22,"Wed",4.88,4.9,4.9
"1298",2020-07-23,"Thu",4.88,4.9,4.9
"1299",2020-07-24,"Fri",5,4.83,4.83
"1300",2020-07-25,"Sat",NA,NA,5
"1301",2020-07-26,"Sun",NA,NA,5
"1302",2020-07-27,"Mon",5,4.9,4.9
"1303",2020-07-28,"Tue",5,4.45,4.45
"1304",2020-07-29,"Wed",5,4.75,4.75
"1305",2020-07-30,"Thu",5,5.125,5.125
"1306",2020-07-31,"Fri",4.75,5,5
"1307",2020-08-01,"Sat",NA,NA,4.75
"1308",2020-08-02,"Sun",NA,NA,4.75
"1309",2020-08-03,"Mon",4.75,5.325,5.325
"1310",2020-08-04,"Tue",5.425,6.3,6.3
"1311",2020-08-05,"Wed",6.6,6.23,6.23
"1312",2020-08-06,"Thu",6.6,6.63,6.63
"1313",2020-08-07,"Fri",6.7,7.15,7.15
"1314",2020-08-08,"Sat",NA,NA,6.7
"1315",2020-08-09,"Sun",NA,NA,6.7
"1316",2020-08-10,"Mon",6.7,7.23,7.23
"1317",2020-08-11,"Tue",6.7,7.1,7.1
"1318",2020-08-12,"Wed",6.7,6.6,6.6
"1319",2020-08-13,"Thu",6.7,6.23,6.23
"1320",2020-08-14,"Fri",7.4,6.525,6.525
"1321",2020-08-15,"Sat",NA,NA,7.4
"1322",2020-08-16,"Sun",NA,NA,7.4
"1323",2020-08-17,"Mon",7.4,7.2,7.2
"1324",2020-08-18,"Tue",7.4,7.4,7.4
"1325",2020-08-19,"Wed",7.4,8.08,8.08
"1326",2020-08-20,"Thu",7.4,7.9,7.9
"1327",2020-08-21,"Fri",7.2,7.35,7.35
"1328",2020-08-22,"Sat",NA,NA,7.2
"1329",2020-08-23,"Sun",NA,NA,7.2
"1330",2020-08-24,"Mon",7.2,6.48,6.48
"1331",2020-08-25,"Tue",7.2,7.8,7.8
"1332",2020-08-26,"Wed",7.2,8.25,8.25
"1333",2020-08-27,"Thu",6.38,8.5,8.5
"1334",2020-08-28,"Fri",8.7,8.3,8.3
"1335",2020-08-29,"Sat",NA,NA,8.7
"1336",2020-08-30,"Sun",NA,NA,8.7
"1337",2020-08-31,"Mon",8.7,8.3,8.3
"1338",2020-09-01,"Tue",8.9,9,9
"1339",2020-09-02,"Wed",10.3,10.4,10.4
"1340",2020-09-03,"Thu",10.3,10.4,10.4
"1341",2020-09-04,"Fri",10.3,10.875,10.875
"1342",2020-09-05,"Sat",NA,NA,11.05
"1343",2020-09-06,"Sun",NA,NA,11.05
"1344",2020-09-07,"Mon",11.05,11.25,11.25
"1345",2020-09-08,"Tue",11.05,10.475,10.475
"1346",2020-09-09,"Wed",10.95,9.975,9.975
"1347",2020-09-10,"Thu",10.95,10.2,10.2
"1348",2020-09-11,"Fri",10.95,9.85,9.85
"1349",2020-09-12,"Sat",NA,NA,9.3
"1350",2020-09-13,"Sun",NA,NA,9.3
"1351",2020-09-14,"Mon",9.3,9.925,9.925
"1352",2020-09-15,"Tue",9.3,9.83,9.83
"1353",2020-09-16,"Wed",9.3,9.95,9.95
"1354",2020-09-17,"Thu",9.3,10.675,10.675
"1355",2020-09-18,"Fri",9.38,10.575,10.575
"1356",2020-09-19,"Sat",NA,NA,10.525
"1357",2020-09-20,"Sun",NA,NA,10.525
"1358",2020-09-21,"Mon",10.525,10.55,10.55
"1359",2020-09-22,"Tue",10.525,10.9,10.9
"1360",2020-09-23,"Wed",10.525,11.2,11.2
"1361",2020-09-24,"Thu",10.525,11.475,11.475
"1362",2020-09-25,"Fri",10.4,11.225,11.225
"1363",2020-09-26,"Sat",NA,NA,11.08
"1364",2020-09-27,"Sun",NA,NA,11.08
"1365",2020-09-28,"Mon",11.08,11.35,11.35
"1366",2020-09-29,"Tue",11.08,12.175,12.175
"1367",2020-09-30,"Wed",11.08,12,12
"1368",2020-10-01,"Thu",11.08,12.15,12.15
"1369",2020-10-02,"Fri",11.08,11.58,11.58
"1370",2020-10-03,"Sat",NA,NA,11.725
"1371",2020-10-04,"Sun",NA,NA,11.725
"1372",2020-10-05,"Mon",11.725,11.95,11.95
"1373",2020-10-06,"Tue",11.725,13.13,13.13
"1374",2020-10-07,"Wed",11.725,12.5,12.5
"1375",2020-10-08,"Thu",11.725,13.025,13.025
"1376",2020-10-09,"Fri",11.43,13.225,13.225
"1377",2020-10-10,"Sat",NA,NA,13.28
"1378",2020-10-11,"Sun",NA,NA,13.28
"1379",2020-10-12,"Mon",13.28,13.53,13.53
"1380",2020-10-13,"Tue",13.28,13.85,13.85
"1381",2020-10-14,"Wed",13.28,13.35,13.35
"1382",2020-10-15,"Thu",13.28,13.675,13.675
"1383",2020-10-16,"Fri",13.28,14.2,14.2
"1384",2020-10-17,"Sat",NA,NA,14.425
"1385",2020-10-18,"Sun",NA,NA,14.425
"1386",2020-10-19,"Mon",14.425,14.55,14.55
"1387",2020-10-20,"Tue",14.425,14.58,14.58
"1388",2020-10-21,"Wed",14.425,14.3,14.3
"1389",2020-10-22,"Thu",14.425,14.525,14.525
"1390",2020-10-23,"Fri",14.35,14.95,14.95
"1391",2020-10-24,"Sat",NA,NA,14.375
"1392",2020-10-25,"Sun",NA,NA,14.375
"1393",2020-10-26,"Mon",14.375,15.05,15.05
"1394",2020-10-27,"Tue",14.375,14.775,14.775
"1395",2020-10-28,"Wed",14.375,14.55,14.55
"1396",2020-10-29,"Thu",14.375,13.9,13.9
"1397",2020-10-30,"Fri",14.9,13.775,13.775
"1398",2020-10-31,"Sat",NA,NA,13.2
"1399",2020-11-01,"Sun",NA,NA,13.2
"1400",2020-11-02,"Mon",13.2,12.95,12.95
"1401",2020-11-03,"Tue",13.2,12.65,12.65
"1402",2020-11-04,"Wed",13.2,13.275,13.275
"1403",2020-11-05,"Thu",13.2,13.6,13.6
"1404",2020-11-06,"Fri",13.2,14.05,14.05
"1405",2020-11-07,"Sat",NA,NA,12.9
"1406",2020-11-08,"Sun",NA,NA,12.9
"1407",2020-11-09,"Mon",12.9,13.65,13.65
"1408",2020-11-10,"Tue",13.4,13.65,13.65
"1409",2020-11-11,"Wed",13.4,13.85,13.85
"1410",2020-11-12,"Thu",13.4,13.5,13.5
"1411",2020-11-13,"Fri",13.4,13.63,13.63
"1412",2020-11-14,"Sat",NA,NA,13.45
"1413",2020-11-15,"Sun",NA,NA,13.45
"1414",2020-11-16,"Mon",13.45,13.65,13.65
"1415",2020-11-17,"Tue",13.45,14,14
"1416",2020-11-18,"Wed",13.45,13.68,13.68
"1417",2020-11-19,"Thu",13.45,13.225,13.225
"1418",2020-11-20,"Fri",13.45,12.9,12.9
"1419",2020-11-21,"Sat",NA,NA,13.45
"1420",2020-11-22,"Sun",NA,NA,13.45
"1421",2020-11-23,"Mon",13.45,12.7,12.7
"1422",2020-11-24,"Tue",13.45,13.375,13.375
"1423",2020-11-25,"Wed",13.45,13.75,13.75
"1424",2020-11-26,"Thu",13.45,13.95,13.95
"1425",2020-11-27,"Fri",12.55,14.025,14.025
"1426",2020-11-28,"Sat",NA,NA,14.35
"1427",2020-11-29,"Sun",NA,NA,14.35
"1428",2020-11-30,"Mon",14.35,14.425,14.425
"1429",2020-12-01,"Tue",14.35,14.825,14.825
"1430",2020-12-02,"Wed",14.35,14.775,14.775
"1431",2020-12-03,"Thu",14.35,14.7,14.7
"1432",2020-12-04,"Fri",14.35,13.8,13.8
"1433",2020-12-05,"Sat",NA,NA,14.3
"1434",2020-12-06,"Sun",NA,NA,14.3
"1435",2020-12-07,"Mon",14.3,14.25,14.25
"1436",2020-12-08,"Tue",14.3,14.125,14.125
"1437",2020-12-09,"Wed",14.3,14.175,14.175
"1438",2020-12-10,"Thu",14.3,14.62,14.62
"1439",2020-12-11,"Fri",14.3,15.35,15.35
"1440",2020-12-12,"Sat",NA,NA,15.5
"1441",2020-12-13,"Sun",NA,NA,15.5
"1442",2020-12-14,"Mon",15.5,15.68,15.68
"1443",2020-12-15,"Tue",15.5,16.2,16.2
"1444",2020-12-16,"Wed",15.5,16.65,16.65
"1445",2020-12-17,"Thu",15.5,16,16
"1446",2020-12-18,"Fri",15.5,15.45,15.45
"1447",2020-12-19,"Sat",NA,NA,15.05
"1448",2020-12-20,"Sun",NA,NA,15.05
"1449",2020-12-21,"Mon",15.05,15.1,15.1
"1450",2020-12-22,"Tue",15.05,16.25,16.25
"1451",2020-12-23,"Wed",14.98,16.8,16.8
"1452",2020-12-24,"Thu",16.5,16.35,16.35
"1453",2020-12-25,"Fri",16.5,16.35,16.35
"1454",2020-12-26,"Sat",NA,NA,17.25
"1455",2020-12-27,"Sun",NA,NA,17.25
"1456",2020-12-28,"Mon",17.25,17.3,17.3
"1457",2020-12-29,"Tue",17.25,19.075,19.075
"1458",2020-12-30,"Wed",17.25,18.3,18.3
"1459",2020-12-31,"Thu",18.63,18.35,18.35
"1460",2021-01-01,"Fri",18.63,18.35,18.35
"1461",2021-01-02,"Sat",NA,NA,18.15
"1462",2021-01-03,"Sun",NA,NA,18.15
"1463",2021-01-04,"Mon",18.15,18.4,18.4
"1464",2021-01-05,"Tue",18.15,19.4,19.4
"1465",2021-01-06,"Wed",18.15,17.7,17.7
"1466",2021-01-07,"Thu",18.15,17.25,17.25
"1467",2021-01-08,"Fri",18.1,18.95,18.95
"1468",2021-01-09,"Sat",NA,NA,19.48
"1469",2021-01-10,"Sun",NA,NA,19.48
"1470",2021-01-11,"Mon",19.48,19.93,19.93
"1471",2021-01-12,"Tue",19.48,21.9,21.9
"1472",2021-01-13,"Wed",19.48,25.9,25.9
"1473",2021-01-14,"Thu",19.48,21.75,21.75
"1474",2021-01-15,"Fri",20.5,20.85,20.85
"1475",2021-01-16,"Sat",NA,NA,19.65
"1476",2021-01-17,"Sun",NA,NA,19.65
"1477",2021-01-18,"Mon",19.65,19.85,19.85
"1478",2021-01-19,"Tue",19.65,18.8,18.8
"1479",2021-01-20,"Wed",19.65,19.8,19.8
"1480",2021-01-21,"Thu",19.65,19.3,19.3
"1481",2021-01-22,"Fri",19.65,18.95,18.95
"1482",2021-01-23,"Sat",NA,NA,20.8
"1483",2021-01-24,"Sun",NA,NA,20.8
"1484",2021-01-25,"Mon",20.8,20.8,20.8
"1485",2021-01-26,"Tue",19.7,20.425,20.425
"1486",2021-01-27,"Wed",19.7,18.9,18.9
"1487",2021-01-28,"Thu",19.7,19.3,19.3
"1488",2021-01-29,"Fri",19.05,20.03,20.03
"1489",2021-01-30,"Sat",NA,NA,19.925
"1490",2021-01-31,"Sun",NA,NA,19.925
"1491",2021-02-01,"Mon",19.925,20.05,20.05
"1492",2021-02-02,"Tue",19.925,17.9,17.9
"1493",2021-02-03,"Wed",19.925,17.6,17.6
"1494",2021-02-04,"Thu",19.925,17.55,17.55
"1495",2021-02-05,"Fri",20.23,17.7,17.7
"1496",2021-02-06,"Sat",NA,NA,18.175
"1497",2021-02-07,"Sun",NA,NA,18.175
"1498",2021-02-08,"Mon",18.175,19.2,19.2
"1499",2021-02-09,"Tue",18,21,21
"1500",2021-02-10,"Wed",20.125,20.05,20.05
"1501",2021-02-11,"Thu",19.95,19.78,19.78
"1502",2021-02-12,"Fri",18,18.78,18.78
"1503",2021-02-13,"Sat",NA,NA,18.3
"1504",2021-02-14,"Sun",NA,NA,18.3
"1505",2021-02-15,"Mon",18.3,18.43,18.43
"1506",2021-02-16,"Tue",18.3,17.2,17.2
"1507",2021-02-17,"Wed",18.3,17.25,17.25
"1508",2021-02-18,"Thu",18.3,16.625,16.625
"1509",2021-02-19,"Fri",18.3,17.33,17.33
"1510",2021-02-20,"Sat",NA,NA,16.28
"1511",2021-02-21,"Sun",NA,NA,16.28
"1512",2021-02-22,"Mon",16.28,16.5,16.5
"1513",2021-02-23,"Tue",16.28,16,16
"1514",2021-02-24,"Wed",16.28,16.175,16.175
"1515",2021-02-25,"Thu",16.28,16.3,16.3
"1516",2021-02-26,"Fri",16.28,16,16
"1517",2021-02-27,"Sat",NA,NA,16.1
"1518",2021-02-28,"Sun",NA,NA,16.1
"1519",2021-03-01,"Mon",16.1,16.25,16.25
"1520",2021-03-02,"Tue",16.1,16.65,16.65
"1521",2021-03-03,"Wed",16.1,16.3,16.3
"1522",2021-03-04,"Thu",15.98,16.35,16.35
"1523",2021-03-05,"Fri",15.98,16.73,16.73
"1524",2021-03-06,"Sat",NA,NA,17.05
"1525",2021-03-07,"Sun",NA,NA,17.05
"1526",2021-03-08,"Mon",17.05,17.13,17.13
"1527",2021-03-09,"Tue",17.05,17.15,17.15
"1528",2021-03-10,"Wed",17.05,17.6,17.6
"1529",2021-03-11,"Thu",17.05,18,18
"1530",2021-03-12,"Fri",18,18.43,18.43
"1531",2021-03-13,"Sat",NA,NA,18.7
"1532",2021-03-14,"Sun",NA,NA,18.7
"1533",2021-03-15,"Mon",18.7,19.075,19.075
"1534",2021-03-16,"Tue",18.7,18.53,18.53
"1535",2021-03-17,"Wed",18.7,18.28,18.28
"1536",2021-03-18,"Thu",18.7,18.95,18.95
"1537",2021-03-19,"Fri",18.75,18.25,18.25
"1538",2021-03-20,"Sat",NA,NA,17.875
"1539",2021-03-21,"Sun",NA,NA,17.875
"1540",2021-03-22,"Mon",17.875,17.725,17.725
"1541",2021-03-23,"Tue",17.875,18.7,18.7
"1542",2021-03-24,"Wed",17.875,18.875,18.875
"1543",2021-03-25,"Thu",17.875,18.98,18.98
"1544",2021-03-26,"Fri",17.93,18.475,18.475
"1545",2021-03-27,"Sat",NA,NA,18.725
"1546",2021-03-28,"Sun",NA,NA,18.725
"1547",2021-03-29,"Mon",18.725,18.625,18.625
"1548",2021-03-30,"Tue",18.725,18.48,18.48
"1549",2021-03-31,"Wed",18.725,18.675,18.675
"1550",2021-04-01,"Thu",18.65,19.4,19.4
"1551",2021-04-02,"Fri",18.65,19.4,19.4
"1552",2021-04-03,"Sat",NA,NA,18.65
"1553",2021-04-04,"Sun",NA,NA,18.65
"1554",2021-04-05,"Mon",18.65,19.4,19.4
"1555",2021-04-06,"Tue",18.65,19.7,19.7
"1556",2021-04-07,"Wed",18.65,21.025,21.025
"1557",2021-04-08,"Thu",18.65,20.35,20.35
"1558",2021-04-09,"Fri",19.6,19.9,19.9
"1559",2021-04-10,"Sat",NA,NA,19.7
"1560",2021-04-11,"Sun",NA,NA,19.7
"1561",2021-04-12,"Mon",19.7,19.95,19.95
"1562",2021-04-13,"Tue",19.7,21.25,21.25
"1563",2021-04-14,"Wed",19.7,20.825,20.825
"1564",2021-04-15,"Thu",19.7,20.925,20.925
"1565",2021-04-16,"Fri",19.7,21.48,21.48
"1566",2021-04-17,"Sat",NA,NA,21
"1567",2021-04-18,"Sun",NA,NA,21
"1568",2021-04-19,"Mon",21,21.4,21.4
"1569",2021-04-20,"Tue",21,21.7,21.7
"1570",2021-04-21,"Wed",21,21.65,21.65
"1571",2021-04-22,"Thu",21,21.6,21.6
"1572",2021-04-23,"Fri",21.33,22,22
"1573",2021-04-24,"Sat",NA,NA,20.3
"1574",2021-04-25,"Sun",NA,NA,20.3
"1575",2021-04-26,"Mon",20.3,20.8,20.8
"1576",2021-04-27,"Tue",20.3,20.83,20.83
"1577",2021-04-28,"Wed",20.3,22.2,22.2
"1578",2021-04-29,"Thu",20.3,21.98,21.98
"1579",2021-04-30,"Fri",20.3,22.73,22.73
"1580",2021-05-01,"Sat",NA,NA,23.7
"1581",2021-05-02,"Sun",NA,NA,23.7
"1582",2021-05-03,"Mon",23.7,23.58,23.58
"1583",2021-05-04,"Tue",23.7,23.58,23.58
"1584",2021-05-05,"Wed",23.7,23.95,23.95
"1585",2021-05-06,"Thu",23.7,24.95,24.95
"1586",2021-05-07,"Fri",23.7,25.5,25.5
"1587",2021-05-08,"Sat",NA,NA,24.4
"1588",2021-05-09,"Sun",NA,NA,24.4
"1589",2021-05-10,"Mon",24.4,24.15,24.15
"1590",2021-05-11,"Tue",24.4,25.55,25.55
"1591",2021-05-12,"Wed",24.35,25.925,25.925
"1592",2021-05-13,"Thu",24.35,26.575,26.575
"1593",2021-05-14,"Fri",24.35,26.5,26.5
"1594",2021-05-15,"Sat",NA,NA,27.05
"1595",2021-05-16,"Sun",NA,NA,27.05
"1596",2021-05-17,"Mon",27.05,27.1,27.1
"1597",2021-05-18,"Tue",27.05,26.425,26.425
"1598",2021-05-19,"Wed",27.05,25.25,25.25
"1599",2021-05-20,"Thu",27.05,22.7,22.7
"1600",2021-05-21,"Fri",27.05,24.65,24.65
"1601",2021-05-22,"Sat",NA,NA,24.625
"1602",2021-05-23,"Sun",NA,NA,24.625
"1603",2021-05-24,"Mon",24.625,24.73,24.73
"1604",2021-05-25,"Tue",24.625,25,25
"1605",2021-05-26,"Wed",24.625,26.325,26.325
"1606",2021-05-27,"Thu",24.625,26.75,26.75
"1607",2021-05-28,"Fri",25.1,25.45,25.45
"1608",2021-05-29,"Sat",NA,NA,25
"1609",2021-05-30,"Sun",NA,NA,25
"1610",2021-05-31,"Mon",25,24.88,24.88
"1611",2021-06-01,"Tue",25,25.2,25.2
"1612",2021-06-02,"Wed",25,26.08,26.08
"1613",2021-06-03,"Thu",25,25.9,25.9
"1614",2021-06-04,"Fri",25.05,25.925,25.925
"1615",2021-06-05,"Sat",NA,NA,25.95
"1616",2021-06-06,"Sun",NA,NA,25.95
"1617",2021-06-07,"Mon",25.95,25.975,25.975
"1618",2021-06-08,"Tue",25.95,26.6,26.6
"1619",2021-06-09,"Wed",25.95,27.85,27.85
"1620",2021-06-10,"Thu",25.95,28.175,28.175
"1621",2021-06-11,"Fri",25.95,28.525,28.525
"1622",2021-06-12,"Sat",NA,NA,27.95
"1623",2021-06-13,"Sun",NA,NA,27.95
"1624",2021-06-14,"Mon",27.95,28,28
"1625",2021-06-15,"Tue",27.75,28.775,28.775
"1626",2021-06-16,"Wed",27.75,27.925,27.925
"1627",2021-06-17,"Thu",27.75,28.075,28.075
"1628",2021-06-18,"Fri",27.75,28.625,28.625
"1629",2021-06-19,"Sat",NA,NA,29.7
"1630",2021-06-20,"Sun",NA,NA,29.7
"1631",2021-06-21,"Mon",29.7,29.8,29.8
"1632",2021-06-22,"Tue",29.7,29.68,29.68
"1633",2021-06-23,"Wed",29.7,30.9,30.9
"1634",2021-06-24,"Thu",29.7,31.5,31.5
"1635",2021-06-25,"Fri",29.7,31.6,31.6
"1636",2021-06-26,"Sat",NA,NA,31.925
"1637",2021-06-27,"Sun",NA,NA,31.925
"1638",2021-06-28,"Mon",31.925,31.98,31.98
"1639",2021-06-29,"Tue",31.925,32.125,32.125
"1640",2021-06-30,"Wed",31.925,33.2,33.2
"1641",2021-07-01,"Thu",31.925,34.88,34.88
"1642",2021-07-02,"Fri",32.18,35.875,35.875
"1643",2021-07-03,"Sat",NA,NA,35.5
"1644",2021-07-04,"Sun",NA,NA,35.5
"1645",2021-07-05,"Mon",35.5,35.7,35.7
"1646",2021-07-06,"Tue",35.5,37.725,37.725
"1647",2021-07-07,"Wed",35.5,33.275,33.275
"1648",2021-07-08,"Thu",35.5,32.55,32.55
"1649",2021-07-09,"Fri",36.05,33.65,33.65
"1650",2021-07-10,"Sat",NA,NA,36.725
"1651",2021-07-11,"Sun",NA,NA,36.725
"1652",2021-07-12,"Mon",36.725,36.75,36.75
"1653",2021-07-13,"Tue",36.725,34.65,34.65
"1654",2021-07-14,"Wed",36.725,35.2,35.2
"1655",2021-07-15,"Thu",36.725,34,34
"1656",2021-07-16,"Fri",36.7,33.7,33.7
"1657",2021-07-17,"Sat",NA,NA,34.625
"1658",2021-07-18,"Sun",NA,NA,34.625
"1659",2021-07-19,"Mon",34.625,35.025,35.025
"1660",2021-07-20,"Tue",34.625,35.825,35.825
"1661",2021-07-21,"Wed",34.625,34.83,34.83
"1662",2021-07-22,"Thu",34.625,36,36
"1663",2021-07-23,"Fri",34.9,36,36
"1664",2021-07-24,"Sat",NA,NA,35.3
"1665",2021-07-25,"Sun",NA,NA,35.3
"1666",2021-07-26,"Mon",35.3,35.25,35.25
"1667",2021-07-27,"Tue",35.3,36.75,36.75
"1668",2021-07-28,"Wed",35.3,37.08,37.08
"1669",2021-07-29,"Thu",35.3,38.73,38.73
"1670",2021-07-30,"Fri",35.3,40.6,40.6
"1671",2021-07-31,"Sat",NA,NA,39.88
"1672",2021-08-01,"Sun",NA,NA,39.88
"1673",2021-08-02,"Mon",39.88,40.15,40.15
"1674",2021-08-03,"Tue",39.88,41.65,41.65
"1675",2021-08-04,"Wed",39.88,40.73,40.73
"1676",2021-08-05,"Thu",39.88,41.5,41.5
"1677",2021-08-06,"Fri",39.88,42.5,42.5
"1678",2021-08-07,"Sat",NA,NA,42.9
"1679",2021-08-08,"Sun",NA,NA,42.9
"1680",2021-08-09,"Mon",42.9,43.05,43.05
"1681",2021-08-10,"Tue",42.9,42.425,42.425
"1682",2021-08-11,"Wed",42.9,44.15,44.15
"1683",2021-08-12,"Thu",42.9,45.5,45.5
"1684",2021-08-13,"Fri",42.4,45.15,45.15
"1685",2021-08-14,"Sat",NA,NA,44.025
"1686",2021-08-15,"Sun",NA,NA,44.025
"1687",2021-08-16,"Mon",44.025,44.2,44.2
"1688",2021-08-17,"Tue",44.025,47.45,47.45
"1689",2021-08-18,"Wed",44.025,46.2,46.2
"1690",2021-08-19,"Thu",44.025,44.9,44.9
"1691",2021-08-20,"Fri",44.1,40.03,40.03
"1692",2021-08-21,"Sat",NA,NA,41.225
"1693",2021-08-22,"Sun",NA,NA,41.225
"1694",2021-08-23,"Mon",41.225,41.675,41.675
"1695",2021-08-24,"Tue",41.225,41.925,41.925
"1696",2021-08-25,"Wed",41.225,45.225,45.225
"1697",2021-08-26,"Thu",41.225,45.175,45.175
"1698",2021-08-27,"Fri",41.35,45.425,45.425
"1699",2021-08-28,"Sat",NA,NA,47.225
"1700",2021-08-29,"Sun",NA,NA,47.225
"1701",2021-08-30,"Mon",47.225,47.6,47.6
"1702",2021-08-31,"Tue",47.225,48.8,48.8
"1703",2021-09-01,"Wed",47.225,49.85,49.85
"1704",2021-09-02,"Thu",47.225,49.3,49.3
"1705",2021-09-03,"Fri",47,51.725,51.725
"1706",2021-09-04,"Sat",NA,NA,47
"1707",2021-09-05,"Sun",NA,NA,47
"1708",2021-09-06,"Mon",47,50.95,50.95
"1709",2021-09-07,"Tue",47,52.3,52.3
"1710",2021-09-08,"Wed",47,53.2,53.2
"1711",2021-09-09,"Thu",47,54.625,54.625
"1712",2021-09-10,"Fri",50.8,55.925,55.925
"1713",2021-09-11,"Sat",NA,NA,57.2
"1714",2021-09-12,"Sun",NA,NA,57.2
"1715",2021-09-13,"Mon",57.2,57.45,57.45
"1716",2021-09-14,"Tue",57.2,60.95,60.95
"1717",2021-09-15,"Wed",57.2,65.75,65.75
"1718",2021-09-16,"Thu",57.2,65.5,65.5
"1719",2021-09-17,"Fri",57.2,61.05,61.05
"1720",2021-09-18,"Sat",NA,NA,63.05
"1721",2021-09-19,"Sun",NA,NA,63.05
"1722",2021-09-20,"Mon",63.05,65.75,65.75
"1723",2021-09-21,"Tue",63.05,73.7,73.7
"1724",2021-09-22,"Wed",63.05,71.9,71.9
"1725",2021-09-23,"Thu",63.05,69.03,69.03
"1726",2021-09-24,"Fri",62.9,67.15,67.15
"1727",2021-09-25,"Sat",NA,NA,67.6
"1728",2021-09-26,"Sun",NA,NA,67.6
"1729",2021-09-27,"Mon",67.6,68.6,68.6
"1730",2021-09-28,"Tue",67.6,74.7,74.7
"1731",2021-09-29,"Wed",67.6,77.6,77.6
"1732",2021-09-30,"Thu",67.6,81.5,81.5
"1733",2021-10-01,"Fri",67.6,86.5,86.5
"1734",2021-10-02,"Sat",NA,NA,90.9
"1735",2021-10-03,"Sun",NA,NA,90.9
"1736",2021-10-04,"Mon",90.9,94.1,94.1
"1737",2021-10-05,"Tue",90.9,92.2,92.2
"1738",2021-10-06,"Wed",90.9,115.88,115.88
"1739",2021-10-07,"Thu",90.9,111.6,111.6
"1740",2021-10-08,"Fri",90.9,94,94
"1741",2021-10-09,"Sat",NA,NA,71
"1742",2021-10-10,"Sun",NA,NA,71
"1743",2021-10-11,"Mon",71,80.7,80.7
"1744",2021-10-12,"Tue",71,86,86
"1745",2021-10-13,"Wed",71,86.8,86.8
"1746",2021-10-14,"Thu",71,92.3,92.3
"1747",2021-10-15,"Fri",90.9,100.18,100.18
"1748",2021-10-16,"Sat",NA,NA,90.9
"1749",2021-10-17,"Sun",NA,NA,90.9
"1750",2021-10-18,"Mon",90.9,95.5,95.5
"1751",2021-10-19,"Tue",90.9,96.8,96.8
"1752",2021-10-20,"Wed",90.9,88.3,88.3
"1753",2021-10-21,"Thu",90.9,89.88,89.88
"1754",2021-10-22,"Fri",96.25,87.5,87.5
"1755",2021-10-23,"Sat",NA,NA,88.25
"1756",2021-10-24,"Sun",NA,NA,88.25
"1757",2021-10-25,"Mon",88.25,87.58,87.58
"1758",2021-10-26,"Tue",88.25,88,88
"1759",2021-10-27,"Wed",88.25,88,88
"1760",2021-10-28,"Thu",88.25,86.2,86.2
"1761",2021-10-29,"Fri",88.5,76.3,76.3
"1762",2021-10-30,"Sat",NA,NA,62.85
"1763",2021-10-31,"Sun",NA,NA,62.85
"1764",2021-11-01,"Mon",62.85,62.2,62.2
"1765",2021-11-02,"Tue",62.85,69.6,69.6
"1766",2021-11-03,"Wed",62.85,68.175,68.175
"1767",2021-11-04,"Thu",62.85,77.775,77.775
"1768",2021-11-05,"Fri",65.15,72,72
"1769",2021-11-06,"Sat",NA,NA,73.25
"1770",2021-11-07,"Sun",NA,NA,73.25
"1771",2021-11-08,"Mon",73.25,73,73
"1772",2021-11-09,"Tue",73.25,77.75,77.75
"1773",2021-11-10,"Wed",73.25,70.58,70.58
"1774",2021-11-11,"Thu",76,69.95,69.95
"1775",2021-11-12,"Fri",70.2,72.9,72.9
"1776",2021-11-13,"Sat",NA,NA,75.4
"1777",2021-11-14,"Sun",NA,NA,75.4
"1778",2021-11-15,"Mon",75.4,76.85,76.85
"1779",2021-11-16,"Tue",75.4,80,80
"1780",2021-11-17,"Wed",75.4,91.03,91.03
"1781",2021-11-18,"Thu",75.4,96.25,96.25
"1782",2021-11-19,"Fri",88.9,94.15,94.15
"1783",2021-11-20,"Sat",NA,NA,85.8
"1784",2021-11-21,"Sun",NA,NA,85.8
"1785",2021-11-22,"Mon",85.8,86.45,86.45
"1786",2021-11-23,"Tue",87.5,84.55,84.55
"1787",2021-11-24,"Wed",87.5,90.55,90.55
"1788",2021-11-25,"Thu",87.5,93.55,93.55
"1789",2021-11-26,"Fri",89.5,92.78,92.78
"1790",2021-11-27,"Sat",NA,NA,87.85
"1791",2021-11-28,"Sun",NA,NA,87.85
"1792",2021-11-29,"Mon",87.85,88.275,88.275
"1793",2021-11-30,"Tue",87.85,93.1,93.1
"1794",2021-12-01,"Wed",90,92.35,92.35
"1795",2021-12-02,"Thu",90,95.85,95.85
"1796",2021-12-03,"Fri",93.5,94.4,94.4
"1797",2021-12-04,"Sat",NA,NA,89.9
"1798",2021-12-05,"Sun",NA,NA,89.9
"1799",2021-12-06,"Mon",89.9,91.15,91.15
"1800",2021-12-07,"Tue",89.9,91.25,91.25
"1801",2021-12-08,"Wed",89.9,96.325,96.325
"1802",2021-12-09,"Thu",89.9,102.6,102.6
"1803",2021-12-10,"Fri",90.65,102.25,102.25
"1804",2021-12-11,"Sat",NA,NA,107
"1805",2021-12-12,"Sun",NA,NA,107
"1806",2021-12-13,"Mon",107,106.65,106.65
"1807",2021-12-14,"Tue",107,117.45,117.45
"1808",2021-12-15,"Wed",107,127.7,127.7
"1809",2021-12-16,"Thu",107,125.7,125.7
"1810",2021-12-17,"Fri",105.7,133,133
"1811",2021-12-18,"Sat",NA,NA,135.5
"1812",2021-12-19,"Sun",NA,NA,135.5
"1813",2021-12-20,"Mon",135.5,134.75,134.75
"1814",2021-12-21,"Tue",135.5,148.85,148.85
"1815",2021-12-22,"Wed",135.5,183,183
"1816",2021-12-23,"Thu",175.1,173.5,173.5
"1817",2021-12-24,"Fri",124.63,124.45,124.45
"1818",2021-12-25,"Sat",NA,NA,106.4
"1819",2021-12-26,"Sun",NA,NA,106.4
"1820",2021-12-27,"Mon",106.4,107,107
"1821",2021-12-28,"Tue",106.4,107,107
"1822",2021-12-29,"Wed",106.4,107,107
"1823",2021-12-30,"Thu",106.4,88.3,88.3
"1824",2021-12-31,"Fri",82.15,78.3,78.3
"1825",2022-01-01,"Sat",NA,NA,64.2
"1826",2022-01-02,"Sun",NA,NA,64.2
"1827",2022-01-03,"Mon",64.2,69,69
"1828",2022-01-04,"Tue",64.2,69,69
"1829",2022-01-05,"Wed",64.2,84.6,84.6
"1830",2022-01-06,"Thu",64.2,93.8,93.8
"1831",2022-01-07,"Fri",95,97.5,97.5
"1832",2022-01-08,"Sat",NA,NA,88.8
"1833",2022-01-09,"Sun",NA,NA,88.8
"1834",2022-01-10,"Mon",88.8,87.15,87.15
"1835",2022-01-11,"Tue",88.8,86.3,86.3
"1836",2022-01-12,"Wed",88.8,80.7,80.7
"1837",2022-01-13,"Thu",88.8,74.9,74.9
"1838",2022-01-14,"Fri",88.25,80.7,80.7
"1839",2022-01-15,"Sat",NA,NA,86.45
"1840",2022-01-16,"Sun",NA,NA,86.45
"1841",2022-01-17,"Mon",86.45,89,89
"1842",2022-01-18,"Tue",86.45,76.95,76.95
"1843",2022-01-19,"Wed",86.45,77.525,77.525
"1844",2022-01-20,"Thu",86.45,76.53,76.53
"1845",2022-01-21,"Fri",86.45,77.5,77.5
"1846",2022-01-22,"Sat",NA,NA,79.775
"1847",2022-01-23,"Sun",NA,NA,79.775
"1848",2022-01-24,"Mon",79.775,78.73,78.73
"1849",2022-01-25,"Tue",79.775,93.5,93.5
"1850",2022-01-26,"Wed",79.775,93,93
"1851",2022-01-27,"Thu",79.775,91.8,91.8
"1852",2022-01-28,"Fri",78.3,92.7,92.7
"1853",2022-01-29,"Sat",NA,NA,91.8
"1854",2022-01-30,"Sun",NA,NA,91.8
"1855",2022-01-31,"Mon",91.8,93.4,93.4
"1856",2022-02-01,"Tue",87,86.9,86.9
"1857",2022-02-02,"Wed",87,76.28,76.28
"1858",2022-02-03,"Thu",87,77.7,77.7
"1859",2022-02-04,"Fri",87,79.98,79.98
"1860",2022-02-05,"Sat",NA,NA,81.25
"1861",2022-02-06,"Sun",NA,NA,81.25
"1862",2022-02-07,"Mon",81.25,82.25,82.25
"1863",2022-02-08,"Tue",81.25,78.3,78.3
"1864",2022-02-09,"Wed",82,79.15,79.15
"1865",2022-02-10,"Thu",82,75.3,75.3
"1866",2022-02-11,"Fri",76,75,75
"1867",2022-02-12,"Sat",NA,NA,76.7
"1868",2022-02-13,"Sun",NA,NA,76.7
"1869",2022-02-14,"Mon",76.7,74.8,74.8
"1870",2022-02-15,"Tue",76.7,79.28,79.28
"1871",2022-02-16,"Wed",81.05,68.2,68.2
"1872",2022-02-17,"Thu",81.05,70.15,70.15
"1873",2022-02-18,"Fri",67.5,74.9,74.9
"1874",2022-02-19,"Sat",NA,NA,72.6
"1875",2022-02-20,"Sun",NA,NA,72.6
"1876",2022-02-21,"Mon",72.6,73.8,73.8
"1877",2022-02-22,"Tue",72.6,72.05,72.05
"1878",2022-02-23,"Wed",72.6,80.95,80.95
"1879",2022-02-24,"Thu",88.7,90.3,90.3
"1880",2022-02-25,"Fri",88.7,120,120
"1881",2022-02-26,"Sat",NA,NA,95.3
"1882",2022-02-27,"Sun",NA,NA,95.3
"1883",2022-02-28,"Mon",95.3,95.6,95.6
"1884",2022-03-01,"Tue",95.3,99.3,99.3
"1885",2022-03-02,"Wed",95.3,121.4,121.4
"1886",2022-03-03,"Thu",95.3,156,156
"1887",2022-03-04,"Fri",95.3,170,170
"1888",2022-03-05,"Sat",NA,NA,207
"1889",2022-03-06,"Sun",NA,NA,207
"1890",2022-03-07,"Mon",207,209,209
"1891",2022-03-08,"Tue",207,211,211
"1892",2022-03-09,"Wed",207,215.1,215.1
"1893",2022-03-10,"Thu",207,145.5,145.5
"1894",2022-03-11,"Fri",142.5,128.1,128.1
"1895",2022-03-12,"Sat",NA,NA,126.5
"1896",2022-03-13,"Sun",NA,NA,126.5
"1897",2022-03-14,"Mon",126.5,129.5,129.5
"1898",2022-03-15,"Tue",126.5,109,109
"1899",2022-03-16,"Wed",126.5,113.95,113.95
"1900",2022-03-17,"Thu",126.5,100,100
"1901",2022-03-18,"Fri",128.75,103.55,103.55
"1902",2022-03-19,"Sat",NA,NA,98.5
"1903",2022-03-20,"Sun",NA,NA,98.5
"1904",2022-03-21,"Mon",98.5,97.5,97.5
"1905",2022-03-22,"Tue",100,95.75,95.75
"1906",2022-03-23,"Wed",100,94.3,94.3
"1907",2022-03-24,"Thu",100,114.15,114.15
"1908",2022-03-25,"Fri",94.5,110.18,110.18
"1909",2022-03-26,"Sat",NA,NA,94
"1910",2022-03-27,"Sun",NA,NA,94
"1911",2022-03-28,"Mon",94,101,101
"1912",2022-03-29,"Tue",94,102,102
"1913",2022-03-30,"Wed",94,111.4,111.4
"1914",2022-03-31,"Thu",94,160,160
"1915",2022-04-01,"Fri",100.65,123.4,123.4
"1916",2022-04-02,"Sat",NA,NA,116.8
"1917",2022-04-03,"Sun",NA,NA,116.8
"1918",2022-04-04,"Mon",116.8,116.3,116.3
"1919",2022-04-05,"Tue",116.8,110.1,110.1
"1920",2022-04-06,"Wed",116.8,110.9,110.9
"1921",2022-04-07,"Thu",116.8,106.2,106.2
"1922",2022-04-08,"Fri",116.8,104.1,104.1
"1923",2022-04-09,"Sat",NA,NA,102.55
"1924",2022-04-10,"Sun",NA,NA,102.55
"1925",2022-04-11,"Mon",102.55,105,105
"1926",2022-04-12,"Tue",102.55,101.18,101.18
"1927",2022-04-13,"Wed",102.55,103.5,103.5
"1928",2022-04-14,"Thu",103.5,104.3,104.3
"1929",2022-04-15,"Fri",103.5,104.3,104.3
"1930",2022-04-16,"Sat",NA,NA,103.5
"1931",2022-04-17,"Sun",NA,NA,103.5
"1932",2022-04-18,"Mon",103.5,104.3,104.3
"1933",2022-04-19,"Tue",103.5,89,89
"1934",2022-04-20,"Wed",103.5,95.55,95.55
"1935",2022-04-21,"Thu",103.5,96.625,96.625
"1936",2022-04-22,"Fri",97.58,98,98
"1937",2022-04-23,"Sat",NA,NA,90.4
"1938",2022-04-24,"Sun",NA,NA,90.4
"1939",2022-04-25,"Mon",90.4,92.5,92.5
"1940",2022-04-26,"Tue",90.4,96.65,96.65
"1941",2022-04-27,"Wed",90.4,93.5,93.5
"1942",2022-04-28,"Thu",90.4,108.5,108.5
"1943",2022-04-29,"Fri",103,99.4,99.4
"1944",2022-04-30,"Sat",NA,NA,104
"1945",2022-05-01,"Sun",NA,NA,104
"1946",2022-05-02,"Mon",104,106.3,106.3
"1947",2022-05-03,"Tue",102,105.6,105.6
"1948",2022-05-04,"Wed",102,98.1,98.1
"1949",2022-05-05,"Thu",102,102.2,102.2
"1950",2022-05-06,"Fri",95.5,110,110
"1951",2022-05-07,"Sat",NA,NA,95.7
"1952",2022-05-08,"Sun",NA,NA,95.7
"1953",2022-05-09,"Mon",95.7,97.5,97.5
"1954",2022-05-10,"Tue",96.6,88.95,88.95
"1955",2022-05-11,"Wed",96.6,85.8,85.8
"1956",2022-05-12,"Thu",86,82.3,82.3
"1957",2022-05-13,"Fri",91,95.35,95.35
"1958",2022-05-14,"Sat",NA,NA,90.5
"1959",2022-05-15,"Sun",NA,NA,90.5
"1960",2022-05-16,"Mon",90.5,91,91
"1961",2022-05-17,"Tue",90.5,93.5,93.5
"1962",2022-05-18,"Wed",90.5,92.825,92.825
"1963",2022-05-19,"Thu",90.5,94.25,94.25
"1964",2022-05-20,"Fri",91,87.99,87.99
"1965",2022-05-21,"Sat",NA,NA,83
"1966",2022-05-22,"Sun",NA,NA,83
"1967",2022-05-23,"Mon",83,83,83
"1968",2022-05-24,"Tue",83,78.95,78.95
"1969",2022-05-25,"Wed",83,79.25,79.25
"1970",2022-05-26,"Thu",83,79.6,79.6
"1971",2022-05-27,"Fri",83,82.05,82.05
"1972",2022-05-28,"Sat",NA,NA,83
"1973",2022-05-29,"Sun",NA,NA,83
"1974",2022-05-30,"Mon",83,83.5,83.5
"1975",2022-05-31,"Tue",83,87.75,87.75
"1976",2022-06-01,"Wed",83,85.9,85.9
"1977",2022-06-02,"Thu",83,85.9,85.9
"1978",2022-06-03,"Fri",83,85.9,85.9
"1979",2022-06-04,"Sat",NA,NA,83
"1980",2022-06-05,"Sun",NA,NA,83
"1981",2022-06-06,"Mon",83,79.3,79.3
"1982",2022-06-07,"Tue",83,79,79
"1983",2022-06-08,"Wed",83,78.5,78.5
"1984",2022-06-09,"Thu",83,77.25,77.25
"1985",2022-06-10,"Fri",79.95,84.6,84.6
"1986",2022-06-11,"Sat",NA,NA,79.95
"1987",2022-06-12,"Sun",NA,NA,79.95
"1988",2022-06-13,"Mon",79.95,82.9,82.9
"1989",2022-06-14,"Tue",79.95,80.33,80.33
"1990",2022-06-15,"Wed",79.95,92.2,92.2
"1991",2022-06-16,"Thu",78.3,120.2,120.2
"1992",2022-06-17,"Fri",135.5,120.2,120.2
"1993",2022-06-18,"Sat",NA,NA,135.5
"1994",2022-06-19,"Sun",NA,NA,135.5
"1995",2022-06-20,"Mon",135.5,117,117
"1996",2022-06-21,"Tue",135.5,123.2,123.2
"1997",2022-06-22,"Wed",135.5,123.93,123.93
"1998",2022-06-23,"Thu",135.5,128.4,128.4
"1999",2022-06-24,"Fri",120,128.4,128.4
"2000",2022-06-25,"Sat",NA,NA,123.5
"2001",2022-06-26,"Sun",NA,NA,123.5
"2002",2022-06-27,"Mon",123.5,132,132
"2003",2022-06-28,"Tue",123.5,130.5,130.5
"2004",2022-06-29,"Wed",123.5,127.4,127.4
"2005",2022-06-30,"Thu",123.5,141,141
"2006",2022-07-01,"Fri",130,145,145
"2007",2022-07-02,"Sat",NA,NA,130
"2008",2022-07-03,"Sun",NA,NA,130
"2009",2022-07-04,"Mon",130,145.53,145.53
"2010",2022-07-05,"Tue",130,162.5,162.5
"2011",2022-07-06,"Wed",130,175.75,175.75
"2012",2022-07-07,"Thu",145.7,176.1,176.1
"2013",2022-07-08,"Fri",180,185.7,185.7
"2014",2022-07-09,"Sat",NA,NA,179.4
"2015",2022-07-10,"Sun",NA,NA,179.4
"2016",2022-07-11,"Mon",179.4,170,170
"2017",2022-07-12,"Tue",179.4,172.2,172.2
"2018",2022-07-13,"Wed",179.4,173.9,173.9
"2019",2022-07-14,"Thu",179.4,182.6,182.6
"2020",2022-07-15,"Fri",170,179,179
"2021",2022-07-16,"Sat",NA,NA,170
"2022",2022-07-17,"Sun",NA,NA,170
"2023",2022-07-18,"Mon",170,158.63,158.63
"2024",2022-07-19,"Tue",170,157.65,157.65
"2025",2022-07-20,"Wed",170,153.2,153.2
"2026",2022-07-21,"Thu",170,154,154
"2027",2022-07-22,"Fri",169.4,155,155
"2028",2022-07-23,"Sat",NA,NA,169.4
"2029",2022-07-24,"Sun",NA,NA,169.4
"2030",2022-07-25,"Mon",169.4,162.9,162.9
"2031",2022-07-26,"Tue",169.4,117.8,117.8
"2032",2022-07-27,"Wed",169.4,197.2,197.2
"2033",2022-07-28,"Thu",169.4,217.25,217.25
"2034",2022-07-29,"Fri",159.75,205.4,205.4
"2035",2022-07-30,"Sat",NA,NA,159.75
"2036",2022-07-31,"Sun",NA,NA,159.75
"2037",2022-08-01,"Mon",159.75,194,194
"2038",2022-08-02,"Tue",159.75,198.9,198.9
"2039",2022-08-03,"Wed",194.28,202.85,202.85
"2040",2022-08-04,"Thu",194.28,195.7,195.7
"2041",2022-08-05,"Fri",199,197.075,197.075
"2042",2022-08-06,"Sat",NA,NA,199
"2043",2022-08-07,"Sun",NA,NA,199
"2044",2022-08-08,"Mon",199,195,195
"2045",2022-08-09,"Tue",199,192.2,192.2
"2046",2022-08-10,"Wed",199,189.15,189.15
"2047",2022-08-11,"Thu",199,204.45,204.45
"2048",2022-08-12,"Fri",196.2,211,211
"2049",2022-08-13,"Sat",NA,NA,196.2
"2050",2022-08-14,"Sun",NA,NA,196.2
"2051",2022-08-15,"Mon",196.2,204.675,204.675
"2052",2022-08-16,"Tue",196.2,225.325,225.325
"2053",2022-08-17,"Wed",196.2,223,223
"2054",2022-08-18,"Thu",196.2,223.8,223.8
"2055",2022-08-19,"Fri",206.98,236.5,236.5
"2056",2022-08-20,"Sat",NA,NA,206.98
"2057",2022-08-21,"Sun",NA,NA,206.98
"2058",2022-08-22,"Mon",206.98,245.5,245.5
"2059",2022-08-23,"Tue",206.98,282.8,282.8
"2060",2022-08-24,"Wed",206.98,268.6,268.6
"2061",2022-08-25,"Thu",239.5,299,299
"2062",2022-08-26,"Fri",305,308,308
"2063",2022-08-27,"Sat",NA,NA,305
"2064",2022-08-28,"Sun",NA,NA,305
"2065",2022-08-29,"Mon",305,308,308
"2066",2022-08-30,"Tue",305,315.125,315.125
"2067",2022-08-31,"Wed",305,274.95,274.95
"2068",2022-09-01,"Thu",317.75,237,237
"2069",2022-09-02,"Fri",233,229,229
"2070",2022-09-03,"Sat",NA,NA,233
"2071",2022-09-04,"Sun",NA,NA,233
"2072",2022-09-05,"Mon",233,202.9,202.9
"2073",2022-09-06,"Tue",233,244,244
"2074",2022-09-07,"Wed",233,229,229
"2075",2022-09-08,"Thu",233,217.25,217.25
"2076",2022-09-09,"Fri",201.9,211,211
"2077",2022-09-10,"Sat",NA,NA,193.5
"2078",2022-09-11,"Sun",NA,NA,193.5
"2079",2022-09-12,"Mon",193.5,190.73,190.73
"2080",2022-09-13,"Tue",193.5,188.65,188.65
"2081",2022-09-14,"Wed",193.5,190.5,190.5
"2082",2022-09-15,"Thu",193.5,210.05,210.05
"2083",2022-09-16,"Fri",180,221.4,221.4
"2084",2022-09-17,"Sat",NA,NA,180
"2085",2022-09-18,"Sun",NA,NA,180
"2086",2022-09-19,"Mon",180,167.93,167.93
"2087",2022-09-20,"Tue",180,170,170
"2088",2022-09-21,"Wed",180,171.45,171.45
"2089",2022-09-22,"Thu",180,172,172
"2090",2022-09-23,"Fri",163.53,174.1,174.1
"2091",2022-09-24,"Sat",NA,NA,169.75
"2092",2022-09-25,"Sun",NA,NA,169.75
"2093",2022-09-26,"Mon",169.75,165.3,165.3
"2094",2022-09-27,"Tue",165,171,171
"2095",2022-09-28,"Wed",185.5,185.3,185.3
"2096",2022-09-29,"Thu",185.5,193,193
"2097",2022-09-30,"Fri",190,182.7,182.7
"2098",2022-10-01,"Sat",NA,NA,190
"2099",2022-10-02,"Sun",NA,NA,190
"2100",2022-10-03,"Mon",190,162.65,162.65
"2101",2022-10-04,"Tue",190,133,133
"2102",2022-10-05,"Wed",190,90,90
"2103",2022-10-06,"Thu",190,99.5,99.5
"2104",2022-10-07,"Fri",159.65,125,125
"2105",2022-10-08,"Sat",NA,NA,159.65
"2106",2022-10-09,"Sun",NA,NA,159.65
"2107",2022-10-10,"Mon",159.65,117.75,117.75
"2108",2022-10-11,"Tue",159.65,114,114
"2109",2022-10-12,"Wed",80,102,102
"2110",2022-10-13,"Thu",99,104.8,104.8
"2111",2022-10-14,"Fri",99,95.655,95.655
"2112",2022-10-15,"Sat",NA,NA,99
"2113",2022-10-16,"Sun",NA,NA,99
"2114",2022-10-17,"Mon",99,79.7,79.7
"2115",2022-10-18,"Tue",99,59,59
"2116",2022-10-19,"Wed",72,71,71
"2117",2022-10-20,"Thu",69,64.15,64.15
"2118",2022-10-21,"Fri",62.2,65.5,65.5
"2119",2022-10-22,"Sat",NA,NA,62.2
"2120",2022-10-23,"Sun",NA,NA,62.2
"2121",2022-10-24,"Mon",62.2,42.6,42.6
"2122",2022-10-25,"Tue",62.2,31.925,31.925
"2123",2022-10-26,"Wed",42.35,39,39
"2124",2022-10-27,"Thu",45.25,36,36
"2125",2022-10-28,"Fri",38,30,30
"2126",2022-10-29,"Sat",NA,NA,38
"2127",2022-10-30,"Sun",NA,NA,38
"2128",2022-10-31,"Mon",38,34.75,34.75
"2129",2022-11-01,"Tue",38,36.475,36.475
"2130",2022-11-02,"Wed",38,22.525,22.525
"2131",2022-11-03,"Thu",30.8,46.35,46.35
"2132",2022-11-04,"Fri",77.3,73,73
"2133",2022-11-05,"Sat",NA,NA,54
"2134",2022-11-06,"Sun",NA,NA,54
"2135",2022-11-07,"Mon",54,62.5,62.5
"2136",2022-11-08,"Tue",58,66.475,66.475
"2137",2022-11-09,"Wed",95,87,87
"2138",2022-11-10,"Thu",86.5,90,90
"2139",2022-11-11,"Fri",88,91.75,91.75
"2140",2022-11-12,"Sat",NA,NA,88
"2141",2022-11-13,"Sun",NA,NA,88
"2142",2022-11-14,"Mon",88,77.25,77.25
"2143",2022-11-15,"Tue",88,110.495,110.495
"2144",2022-11-16,"Wed",69,116.95,116.95
"2145",2022-11-17,"Thu",69,111.5,111.5
"2146",2022-11-18,"Fri",105.665,107,107
"2147",2022-11-19,"Sat",NA,NA,105.665
"2148",2022-11-20,"Sun",NA,NA,105.665
"2149",2022-11-21,"Mon",105.665,112.4,112.4
"2150",2022-11-22,"Tue",105.665,113,113
"2151",2022-11-23,"Wed",105.665,116.38,116.38
"2152",2022-11-24,"Thu",107.275,126,126
"2153",2022-11-25,"Fri",122.5,119.5,119.5
"2154",2022-11-26,"Sat",NA,NA,122.5
"2155",2022-11-27,"Sun",NA,NA,122.5
"2156",2022-11-28,"Mon",122.5,126.5,126.5
"2157",2022-11-29,"Tue",122.5,123.43,123.43
"2158",2022-11-30,"Wed",122.5,130.4,130.4
"2159",2022-12-01,"Thu",122.5,140,140
"2160",2022-12-02,"Fri",123.85,139,139
"2161",2022-12-03,"Sat",NA,NA,123.85
"2162",2022-12-04,"Sun",NA,NA,123.85
"2163",2022-12-05,"Mon",123.85,135,135
"2164",2022-12-06,"Tue",123.85,136.55,136.55
"2165",2022-12-07,"Wed",123.85,139,139
"2166",2022-12-08,"Thu",123.85,148.4,148.4
"2167",2022-12-09,"Fri",137.8,141,141
"2168",2022-12-10,"Sat",NA,NA,137.8
"2169",2022-12-11,"Sun",NA,NA,137.8
"2170",2022-12-12,"Mon",137.8,140.2,140.2
"2171",2022-12-13,"Tue",141.4,137,137
"2172",2022-12-14,"Wed",141.4,139.6,139.6
"2173",2022-12-15,"Thu",137,133,133
"2174",2022-12-16,"Fri",136,134.9,134.9
"2175",2022-12-17,"Sat",NA,NA,136
"2176",2022-12-18,"Sun",NA,NA,136
"2177",2022-12-19,"Mon",136,117,117
"2178",2022-12-20,"Tue",117.5,106.9,106.9
"2179",2022-12-21,"Wed",103,105,105
"2180",2022-12-22,"Thu",91.5,97.4,97.4
"2181",2022-12-23,"Fri",89.5,89.65,89.65
"2182",2022-12-24,"Sat",NA,NA,89.5
"2183",2022-12-25,"Sun",NA,NA,89.5
"2184",2022-12-26,"Mon",89.5,89.65,89.65
"2185",2022-12-27,"Tue",89.5,89.65,89.65
"2186",2022-12-28,"Wed",82.9,84,84
"2187",2022-12-29,"Thu",82.9,77.4,77.4
"2188",2022-12-30,"Fri",78.5,79.675,79.675
"2189",2022-12-31,"Sat",NA,NA,78.5
"2190",2023-01-01,"Sun",NA,NA,78.5
"2191",2023-01-02,"Mon",78.5,79.675,79.675
"2192",2023-01-03,"Tue",78.5,72.75,72.75
"2193",2023-01-04,"Wed",78.5,68.5,68.5
"2194",2023-01-05,"Thu",74.7,63.5,63.5
"2195",2023-01-06,"Fri",64,68,68
"2196",2023-01-07,"Sat",NA,NA,64
"2197",2023-01-08,"Sun",NA,NA,64
"2198",2023-01-09,"Mon",64,65.8,65.8
"2199",2023-01-10,"Tue",65.225,72,72
"2200",2023-01-11,"Wed",69,66.6,66.6
"2201",2023-01-12,"Thu",69,64.93,64.93
"2202",2023-01-13,"Fri",64.5,65.6,65.6
"2203",2023-01-14,"Sat",NA,NA,64.5
"2204",2023-01-15,"Sun",NA,NA,64.5
"2205",2023-01-16,"Mon",64.5,64.8,64.8
"2206",2023-01-17,"Tue",64.5,56.33,56.33
"2207",2023-01-18,"Wed",64.5,61,61
"2208",2023-01-19,"Thu",64.5,63.875,63.875
"2209",2023-01-20,"Fri",64.5,61.9,61.9
"2210",2023-01-21,"Sat",NA,NA,64.5
"2211",2023-01-22,"Sun",NA,NA,64.5
"2212",2023-01-23,"Mon",64.5,68.25,68.25
"2213",2023-01-24,"Tue",67.45,64.6,64.6
"2214",2023-01-25,"Wed",67.45,60.08,60.08
"2215",2023-01-26,"Thu",67.45,58.25,58.25
"2216",2023-01-27,"Fri",59,56.7,56.7
"2217",2023-01-28,"Sat",NA,NA,59
"2218",2023-01-29,"Sun",NA,NA,59
"2219",2023-01-30,"Mon",59,58.5,58.5
"2220",2023-01-31,"Tue",59,56.2,56.2
"2221",2023-02-01,"Wed",58.3,58.45,58.45
"2222",2023-02-02,"Thu",53,60.475,60.475
"2223",2023-02-03,"Fri",58.3,56.225,56.225
"2224",2023-02-04,"Sat",NA,NA,58.3
"2225",2023-02-05,"Sun",NA,NA,58.3
"2226",2023-02-06,"Mon",58.3,59.8,59.8
"2227",2023-02-07,"Tue",58.3,59.65,59.65
"2228",2023-02-08,"Wed",58.3,58.625,58.625
"2229",2023-02-09,"Thu",58.3,55.325,55.325
"2230",2023-02-10,"Fri",58.8,54.625,54.625
"2231",2023-02-11,"Sat",NA,NA,58.8
"2232",2023-02-12,"Sun",NA,NA,58.8
"2233",2023-02-13,"Mon",58.8,55.6,55.6
"2234",2023-02-14,"Tue",55.2,53.4,53.4
"2235",2023-02-15,"Wed",53,53.5,53.5
"2236",2023-02-16,"Thu",53,55.1,55.1
"2237",2023-02-17,"Fri",53.5,52.18,52.18
"2238",2023-02-18,"Sat",NA,NA,53.5
"2239",2023-02-19,"Sun",NA,NA,53.5
"2240",2023-02-20,"Mon",53.5,49.9,49.9
"2241",2023-02-21,"Tue",53.5,50,50
"2242",2023-02-22,"Wed",53.5,49.13,49.13
"2243",2023-02-23,"Thu",49.15,49.945,49.945
"2244",2023-02-24,"Fri",50.5,51.75,51.75
"2245",2023-02-25,"Sat",NA,NA,50.5
"2246",2023-02-26,"Sun",NA,NA,50.5
"2247",2023-02-27,"Mon",50.5,54.5,54.5
"2248",2023-02-28,"Tue",51.98,49.85,49.85
"2249",2023-03-01,"Wed",48.4,48.2,48.2
"2250",2023-03-02,"Thu",48.4,49.08,49.08
