"Date","Cloud"
2018-01-01,76.536766
2018-01-02,85.7721
2018-01-03,89.905876
2018-01-04,89.25423
2018-01-05,88.94343
2018-01-06,89.29203
2018-01-07,80.21293
2018-01-08,57.293167
2018-01-09,76.50448
2018-01-10,78.20709
2018-01-11,89.034035
2018-01-12,95.57775
2018-01-13,87.25955
2018-01-14,57.2798
2018-01-15,75.39203
2018-01-16,85.909744
2018-01-17,85.41378
2018-01-18,87.585464
2018-01-19,77.85483
2018-01-20,87.44034
2018-01-21,85.43884
2018-01-22,95.93788
2018-01-23,88.01946
2018-01-24,95.14978
2018-01-25,98.34849
2018-01-26,95.86962
2018-01-27,91.184845
2018-01-28,94.74805
2018-01-29,90.42347
2018-01-30,74.29183
2018-01-31,91.56635
2018-02-01,67.09617
2018-02-02,71.098145
2018-02-03,80.578094
2018-02-04,74.14164
2018-02-05,52.12216
2018-02-06,69.980446
2018-02-07,48.953564
2018-02-08,60.501186
2018-02-09,65.59412
2018-02-10,81.90721
2018-02-11,86.99885
2018-02-12,63.494923
2018-02-13,24.186169
2018-02-14,18.254786
2018-02-15,91.35166
2018-02-16,52.743793
2018-02-17,89.43415
2018-02-18,70.59823
2018-02-19,88.29722
2018-02-20,63.781395
2018-02-21,57.440556
2018-02-22,59.78659
2018-02-23,47.942913
2018-02-24,40.0638
2018-02-25,42.267277
2018-02-26,61.48686
2018-02-27,71.81481
2018-02-28,53.520363
2018-03-01,57.670216
2018-03-02,53.923588
2018-03-03,54.834137
2018-03-04,60.339405
2018-03-05,78.54713
2018-03-06,88.91934
2018-03-07,80.64133
2018-03-08,73.19198
2018-03-09,79.80802
2018-03-10,93.74568
2018-03-11,84.51909
2018-03-12,90.415825
2018-03-13,90.371574
2018-03-14,78.564575
2018-03-15,78.10593
2018-03-16,89.12093
2018-03-17,87.74317
2018-03-18,68.84497
2018-03-19,46.54685
2018-03-20,53.872993
2018-03-21,60.80654
2018-03-22,94.03682
2018-03-23,94.362404
2018-03-24,62.680862
2018-03-25,56.872
2018-03-26,75.926155
2018-03-27,76.7304
2018-03-28,98.81457
2018-03-29,73.91821
2018-03-30,84.447815
2018-03-31,92.40983
2018-04-01,79.81596
2018-04-02,82.14399
2018-04-03,80.87176
2018-04-04,75.15978
2018-04-05,57.06629
2018-04-06,26.141191
2018-04-07,30.203714
2018-04-08,10.815209
2018-04-09,57.341934
2018-04-10,54.30253
2018-04-11,55.417664
2018-04-12,80.63008
2018-04-13,89.64438
2018-04-14,69.4598
2018-04-15,81.13502
2018-04-16,73.993866
2018-04-17,46.688396
2018-04-18,7.9850116
2018-04-19,4.8277583
2018-04-20,10.157547
2018-04-21,14.527686
2018-04-22,36.47132
2018-04-23,69.98023
2018-04-24,89.65835
2018-04-25,55.909576
2018-04-26,53.863216
2018-04-27,66.10106
2018-04-28,66.013985
2018-04-29,61.25736
2018-04-30,53.096607
2018-05-01,67.56834
2018-05-02,70.217804
2018-05-03,62.553646
2018-05-04,27.319128
2018-05-05,18.684198
2018-05-06,2.3218095
2018-05-07,3.2184482
2018-05-08,5.008979
2018-05-09,26.829216
2018-05-10,60.22045
2018-05-11,72.19107
2018-05-12,60.326553
2018-05-13,52.141026
2018-05-14,39.949066
2018-05-15,62.17965
2018-05-16,84.728294
2018-05-17,78.643745
2018-05-18,74.5197
2018-05-19,71.06061
2018-05-20,38.46804
2018-05-21,32.509384
2018-05-22,63.361675
2018-05-23,79.0004
2018-05-24,73.55622
2018-05-25,52.673172
2018-05-26,41.289932
2018-05-27,68.28022
2018-05-28,62.167534
2018-05-29,53.040337
2018-05-30,47.736458
2018-05-31,62.957523
2018-06-01,78.39563
2018-06-02,70.70402
2018-06-03,57.036293
2018-06-04,48.449074
2018-06-05,43.07015
2018-06-06,32.42601
2018-06-07,54.891483
2018-06-08,77.319496
2018-06-09,73.83052
2018-06-10,79.02539
2018-06-11,84.59847
2018-06-12,90.16706
2018-06-13,91.22693
2018-06-14,80.473755
2018-06-15,74.76596
2018-06-16,71.37023
2018-06-17,69.01247
2018-06-18,73.073456
2018-06-19,66.79622
2018-06-20,34.78592
2018-06-21,48.217747
2018-06-22,59.646503
2018-06-23,80.35925
2018-06-24,90.36744
2018-06-25,81.190735
2018-06-26,59.782463
2018-06-27,31.825394
2018-06-28,53.558647
2018-06-29,36.23053
2018-06-30,14.625448
2018-07-01,10.44776
2018-07-02,7.342037
2018-07-03,26.341179
2018-07-04,48.57561
2018-07-05,68.89847
2018-07-06,62.728653
2018-07-07,33.46944
2018-07-08,37.42741
2018-07-09,66.84335
2018-07-10,76.77365
2018-07-11,76.93041
2018-07-12,64.16131
2018-07-13,33.093624
2018-07-14,36.261272
2018-07-15,29.94049
2018-07-16,33.837055
2018-07-17,47.27894
2018-07-18,43.49832
2018-07-19,27.00884
2018-07-20,58.90144
2018-07-21,82.83795
2018-07-22,61.808514
2018-07-23,34.42203
2018-07-24,14.382993
2018-07-25,25.316956
2018-07-26,21.46544
2018-07-27,24.193878
2018-07-28,55.62907
2018-07-29,59.097034
2018-07-30,33.151787
2018-07-31,33.251915
2018-08-01,63.747902
2018-08-02,44.191277
2018-08-03,18.607077
2018-08-04,41.813194
2018-08-05,43.109055
2018-08-06,28.105082
2018-08-07,44.59076
2018-08-08,69.17897
2018-08-09,53.802002
2018-08-10,63.006493
2018-08-11,47.68576
2018-08-12,54.905903
2018-08-13,75.33191
2018-08-14,68.499115
2018-08-15,61.011
2018-08-16,26.567013
2018-08-17,50.31543
2018-08-18,43.85766
2018-08-19,35.856792
2018-08-20,55.872345
2018-08-21,42.91524
2018-08-22,29.761301
2018-08-23,43.768898
2018-08-24,83.704285
2018-08-25,71.2544
2018-08-26,64.96974
2018-08-27,73.185776
2018-08-28,45.39887
2018-08-29,54.741516
2018-08-30,81.96349
2018-08-31,82.498276
2018-09-01,64.343254
2018-09-02,72.52224
2018-09-03,70.49727
2018-09-04,53.32557
2018-09-05,40.564247
2018-09-06,66.8197
2018-09-07,63.869713
2018-09-08,50.98506
2018-09-09,51.23575
2018-09-10,81.938805
2018-09-11,71.260574
2018-09-12,44.40423
2018-09-13,79.767075
2018-09-14,72.56742
2018-09-15,55.905926
2018-09-16,64.63786
2018-09-17,52.779663
2018-09-18,24.238825
2018-09-19,28.878632
2018-09-20,44.88558
2018-09-21,72.46296
2018-09-22,79.23255
2018-09-23,91.26789
2018-09-24,44.585236
2018-09-25,43.197624
2018-09-26,68.640724
2018-09-27,26.438066
2018-09-28,47.799267
2018-09-29,47.666904
2018-09-30,20.81026
2018-10-01,67.245544
2018-10-02,82.70111
2018-10-03,69.88513
2018-10-04,50.29684
2018-10-05,10.722869
2018-10-06,52.80904
2018-10-07,63.030445
2018-10-08,68.63207
2018-10-09,73.24372
2018-10-10,22.511496
2018-10-11,20.539871
2018-10-12,21.865168
2018-10-13,7.1477056
2018-10-14,1.9809452
2018-10-15,14.408633
2018-10-16,25.56018
2018-10-17,41.33715
2018-10-18,59.053555
2018-10-19,63.450966
2018-10-20,62.428886
2018-10-21,45.99522
2018-10-22,56.498688
2018-10-23,94.83092
2018-10-24,89.47719
2018-10-25,86.903595
2018-10-26,86.49641
2018-10-27,85.45188
2018-10-28,90.42052
2018-10-29,98.130974
2018-10-30,78.34322
2018-10-31,61.32499
2018-11-01,69.08052
2018-11-02,62.189304
2018-11-03,57.07211
2018-11-04,75.965996
2018-11-05,70.529945
2018-11-06,53.119102
2018-11-07,40.419353
2018-11-08,75.496376
2018-11-09,86.459175
2018-11-10,83.20552
2018-11-11,72.00164
2018-11-12,68.32644
2018-11-13,67.259895
2018-11-14,74.48704
2018-11-15,51.189537
2018-11-16,16.762878
2018-11-17,13.740458
2018-11-18,45.53406
2018-11-19,76.2599
2018-11-20,77.14964
2018-11-21,84.712494
2018-11-22,76.68418
2018-11-23,70.24934
2018-11-24,91.49201
2018-11-25,91.11728
2018-11-26,97.266945
2018-11-27,90.92758
2018-11-28,75.8745
2018-11-29,95.03425
2018-11-30,93.20001
2018-12-01,87.7384
2018-12-02,97.42144
2018-12-03,87.53852
2018-12-04,51.32549
2018-12-05,71.94494
2018-12-06,98.30939
2018-12-07,95.140785
2018-12-08,80.763306
2018-12-09,85.5131
2018-12-10,63.29106
2018-12-11,67.38787
2018-12-12,73.85808
2018-12-13,72.51129
2018-12-14,77.05101
2018-12-15,75.856026
2018-12-16,93.61333
2018-12-17,93.68209
2018-12-18,80.786156
2018-12-19,94.04005
2018-12-20,90.60394
2018-12-21,97.09589
2018-12-22,92.11929
2018-12-23,99.456055
2018-12-24,88.75094
2018-12-25,73.97688
2018-12-26,80.30688
2018-12-27,86.39738
2018-12-28,72.25064
2018-12-29,94.46954
2018-12-30,89.9244
2018-12-31,99.07416
2019-01-01,82.819405
2019-01-02,41.738346
2019-01-03,64.07299
2019-01-04,97.74898
2019-01-05,95.5998
2019-01-06,95.49609
2019-01-07,97.01743
2019-01-08,87.963005
2019-01-09,87.347305
2019-01-10,92.2151
2019-01-11,92.06447
2019-01-12,95.91815
2019-01-13,94.0538
2019-01-14,56.306973
2019-01-15,89.407005
2019-01-16,93.72229
2019-01-17,82.3285
2019-01-18,51.019077
2019-01-19,59.864338
2019-01-20,29.768997
2019-01-21,42.499126
2019-01-22,61.973484
2019-01-23,78.53747
2019-01-24,88.20938
2019-01-25,93.20946
2019-01-26,99.30077
2019-01-27,91.06542
2019-01-28,91.492325
2019-01-29,60.214188
2019-01-30,87.322495
2019-01-31,67.62912
2019-02-01,89.67211
2019-02-02,97.7846
2019-02-03,79.006386
2019-02-04,66.4093
2019-02-05,74.29954
2019-02-06,80.27853
2019-02-07,83.69942
2019-02-08,79.63274
2019-02-09,76.77157
2019-02-10,94.157036
2019-02-11,69.36786
2019-02-12,77.38176
2019-02-13,74.75824
2019-02-14,42.297073
2019-02-15,1.762172
2019-02-16,8.877702
2019-02-17,38.48291
2019-02-18,16.002365
2019-02-19,63.128696
2019-02-20,80.34378
2019-02-21,79.49191
2019-02-22,81.17567
2019-02-23,54.129967
2019-02-24,13.090021
2019-02-25,30.231739
2019-02-26,40.923824
2019-02-27,5.8875837
2019-02-28,43.26362
2019-03-01,93.50557
2019-03-02,92.11776
2019-03-03,96.65332
2019-03-04,83.69942
2019-03-05,75.21854
2019-03-06,93.16855
2019-03-07,69.10924
2019-03-08,71.773834
2019-03-09,87.40808
2019-03-10,85.30573
2019-03-11,80.94792
2019-03-12,88.03105
2019-03-13,75.22756
2019-03-14,92.563515
2019-03-15,88.77346
2019-03-16,84.75003
2019-03-17,71.4348
2019-03-18,50.75327
2019-03-19,36.285557
2019-03-20,48.540115
2019-03-21,47.58414
2019-03-22,39.702164
2019-03-23,41.81167
2019-03-24,53.719654
2019-03-25,61.27752
2019-03-26,77.50398
2019-03-27,84.66278
2019-03-28,78.28866
2019-03-29,38.183456
2019-03-30,29.399893
2019-03-31,35.2617
2019-04-01,8.616633
2019-04-02,63.14377
2019-04-03,87.641884
2019-04-04,80.81697
2019-04-05,85.65209
2019-04-06,53.59235
2019-04-07,35.22061
2019-04-08,53.001118
2019-04-09,64.23904
2019-04-10,59.349033
2019-04-11,57.43329
2019-04-12,66.718414
2019-04-13,64.49607
2019-04-14,78.56274
2019-04-15,14.533231
2019-04-16,25.280806
2019-04-17,34.368324
2019-04-18,13.371722
2019-04-19,2.2190201
2019-04-20,9.14284
2019-04-21,1.5348282
2019-04-22,11.15303
2019-04-23,41.274593
2019-04-24,47.850323
2019-04-25,51.15837
2019-04-26,79.688576
2019-04-27,77.66812
2019-04-28,78.79551
2019-04-29,81.9278
2019-04-30,45.072083
2019-05-01,49.187405
2019-05-02,72.75124
2019-05-03,75.41257
2019-05-04,72.45595
2019-05-05,58.270332
2019-05-06,54.09845
2019-05-07,59.39
2019-05-08,91.98387
2019-05-09,75.90638
2019-05-10,59.288994
2019-05-11,83.33364
2019-05-12,59.428444
2019-05-13,31.385395
2019-05-14,39.111027
2019-05-15,53.19483
2019-05-16,89.35513
2019-05-17,80.68812
2019-05-18,49.787457
2019-05-19,58.18766
2019-05-20,92.80871
2019-05-21,92.6657
2019-05-22,83.29678
2019-05-23,64.16258
2019-05-24,69.628555
2019-05-25,72.16713
2019-05-26,72.96596
2019-05-27,84.3408
2019-05-28,87.92389
2019-05-29,58.58494
2019-05-30,71.68364
2019-05-31,73.5382
2019-06-01,43.11968
2019-06-02,28.640036
2019-06-03,50.049942
2019-06-04,47.389637
2019-06-05,29.47537
2019-06-06,68.54356
2019-06-07,54.85843
2019-06-08,50.462498
2019-06-09,72.12411
2019-06-10,94.53526
2019-06-11,87.71504
2019-06-12,74.78478
2019-06-13,38.525497
2019-06-14,52.7518
2019-06-15,70.20744
2019-06-16,64.95318
2019-06-17,32.36196
2019-06-18,54.786682
2019-06-19,60.940044
2019-06-20,76.57282
2019-06-21,54.03529
2019-06-22,62.659107
2019-06-23,43.595993
2019-06-24,47.97617
2019-06-25,46.40591
2019-06-26,18.683577
2019-06-27,27.896088
2019-06-28,25.304
2019-06-29,0.9711795
2019-06-30,13.89684
2019-07-01,55.093666
2019-07-02,43.4685
2019-07-03,45.45872
2019-07-04,44.88859
2019-07-05,65.68893
2019-07-06,65.692635
2019-07-07,68.28219
2019-07-08,63.60759
2019-07-09,58.109688
2019-07-10,56.708504
2019-07-11,88.27618
2019-07-12,80.93848
2019-07-13,69.227036
2019-07-14,80.59865
2019-07-15,80.0677
2019-07-16,66.651535
2019-07-17,61.98993
2019-07-18,70.572685
2019-07-19,80.78783
2019-07-20,79.06685
2019-07-21,61.577614
2019-07-22,80.95574
2019-07-23,11.381585
2019-07-24,16.489515
2019-07-25,33.463978
2019-07-26,34.874798
2019-07-27,60.001938
2019-07-28,73.739296
2019-07-29,76.06679
2019-07-30,48.097786
2019-07-31,63.126606
2019-08-01,54.95109
2019-08-02,66.17369
2019-08-03,51.056595
2019-08-04,52.749653
2019-08-05,78.304535
2019-08-06,81.07036
2019-08-07,82.54348
2019-08-08,46.05137
2019-08-09,79.58916
2019-08-10,57.107452
2019-08-11,55.96247
2019-08-12,70.90684
2019-08-13,62.62839
2019-08-14,38.358845
2019-08-15,80.35833
2019-08-16,68.602806
2019-08-17,95.25241
2019-08-18,73.55426
2019-08-19,65.87592
2019-08-20,79.625374
2019-08-21,52.252567
2019-08-22,25.103024
2019-08-23,23.714193
2019-08-24,22.603703
2019-08-25,28.650614
2019-08-26,30.464579
2019-08-27,42.93799
2019-08-28,69.91748
2019-08-29,65.71322
2019-08-30,40.33475
2019-08-31,23.539392
2019-09-01,70.34329
2019-09-02,45.509365
2019-09-03,45.336254
2019-09-04,45.95688
2019-09-05,54.949238
2019-09-06,60.742584
2019-09-07,82.9115
2019-09-08,83.00032
2019-09-09,83.172386
2019-09-10,56.656315
2019-09-11,53.632336
2019-09-12,62.20777
2019-09-13,61.34982
2019-09-14,39.28305
2019-09-15,48.97629
2019-09-16,78.073364
2019-09-17,57.83891
2019-09-18,32.342873
2019-09-19,46.79309
2019-09-20,48.773224
2019-09-21,4.90968
2019-09-22,30.730305
2019-09-23,78.79368
2019-09-24,86.32777
2019-09-25,85.08445
2019-09-26,88.16166
2019-09-27,78.40929
2019-09-28,64.390724
2019-09-29,80.73514
2019-09-30,74.99402
2019-10-01,84.58276
2019-10-02,68.569824
2019-10-03,65.402405
2019-10-04,92.80817
2019-10-05,76.07512
2019-10-06,83.19516
2019-10-07,71.84986
2019-10-08,90.157776
2019-10-09,82.20786
2019-10-10,64.48672
2019-10-11,79.331276
2019-10-12,61.543716
2019-10-13,39.750683
2019-10-14,40.50428
2019-10-15,74.82997
2019-10-16,76.99411
2019-10-17,82.72904
2019-10-18,74.40169
2019-10-19,91.845116
2019-10-20,86.27616
2019-10-21,91.36575
2019-10-22,76.96822
2019-10-23,69.87683
2019-10-24,78.81429
2019-10-25,82.70428
2019-10-26,74.46054
2019-10-27,80.39262
2019-10-28,62.333057
2019-10-29,63.696316
2019-10-30,50.57629
2019-10-31,33.011547
2019-11-01,85.779305
2019-11-02,93.585434
2019-11-03,95.66191
2019-11-04,76.92391
2019-11-05,79.39501
2019-11-06,83.14159
2019-11-07,80.620804
2019-11-08,88.34644
2019-11-09,69.00044
2019-11-10,42.12902
2019-11-11,80.77881
2019-11-12,77.831154
2019-11-13,82.882515
2019-11-14,59.973396
2019-11-15,97.77375
2019-11-16,78.75948
2019-11-17,89.03524
2019-11-18,87.136024
2019-11-19,79.75317
2019-11-20,87.24555
2019-11-21,92.56557
2019-11-22,80.96564
2019-11-23,80.25392
2019-11-24,86.10081
2019-11-25,97.16446
2019-11-26,95.83936
2019-11-27,85.60745
2019-11-28,81.394714
2019-11-29,60.181633
2019-11-30,34.575302
2019-12-01,92.80086
2019-12-02,72.29858
2019-12-03,78.07068
2019-12-04,31.533182
2019-12-05,31.331121
2019-12-06,81.31843
2019-12-07,93.58118
2019-12-08,91.88299
2019-12-09,75.297356
2019-12-10,45.756046
2019-12-11,93.639565
2019-12-12,79.230736
2019-12-13,83.57762
2019-12-14,78.61469
2019-12-15,76.083466
2019-12-16,91.89974
2019-12-17,79.88343
2019-12-18,60.78673
2019-12-19,59.08238
2019-12-20,77.75919
2019-12-21,62.080254
2019-12-22,94.609
2019-12-23,80.09975
2019-12-24,87.71949
2019-12-25,82.9976
2019-12-26,83.79641
2019-12-27,80.02968
2019-12-28,82.24364
2019-12-29,68.80191
2019-12-30,38.30012
2019-12-31,50.339714
2020-01-01,30.507992
2020-01-02,45.560505
2020-01-03,91.41777
2020-01-04,81.35604
2020-01-05,76.354225
2020-01-06,60.913185
2020-01-07,80.06345
2020-01-08,95.17059
2020-01-09,96.391556
2020-01-10,79.71223
2020-01-11,79.8619
2020-01-12,74.205475
2020-01-13,85.10137
2020-01-14,93.56259
2020-01-15,54.93596
2020-01-16,31.421907
2020-01-17,49.76254
2020-01-18,74.06259
2020-01-19,61.521275
2020-01-20,62.204487
2020-01-21,28.428137
2020-01-22,63.482033
2020-01-23,61.373177
2020-01-24,50.694504
2020-01-25,81.25728
2020-01-26,86.77379
2020-01-27,91.74733
2020-01-28,90.672165
2020-01-29,79.73383
2020-01-30,95.48443
2020-01-31,96.500595
2020-02-01,87.26827
2020-02-02,94.17879
2020-02-03,93.52218
2020-02-04,73.81344
2020-02-05,51.976818
2020-02-06,64.20634
2020-02-07,47.79119
2020-02-08,54.243156
2020-02-09,79.27174
2020-02-10,81.767876
2020-02-11,74.5372
2020-02-12,68.68124
2020-02-13,83.78725
2020-02-14,89.17827
2020-02-15,85.72646
2020-02-16,98.27678
2020-02-17,81.56641
2020-02-18,58.405716
2020-02-19,73.882744
2020-02-20,83.139656
2020-02-21,72.60767
2020-02-22,84.32675
2020-02-23,93.2485
2020-02-24,85.37771
2020-02-25,72.24688
2020-02-26,81.9525
2020-02-27,87.246315
2020-02-28,79.10858
2020-02-29,90.07866
2020-03-01,69.61972
2020-03-02,85.26365
2020-03-03,76.59479
2020-03-04,52.570522
2020-03-05,82.10294
2020-03-06,96.305
2020-03-07,70.160995
2020-03-08,85.55099
2020-03-09,71.27201
2020-03-10,96.03647
2020-03-11,79.20253
2020-03-12,60.246666
2020-03-13,52.686813
2020-03-14,48.73964
2020-03-15,67.98639
2020-03-16,52.609425
2020-03-17,64.455055
2020-03-18,61.645855
2020-03-19,55.993248
2020-03-20,72.49521
2020-03-21,66.399925
2020-03-22,16.24924
2020-03-23,2.7746394
2020-03-24,9.974358
2020-03-25,17.033707
2020-03-26,17.844828
2020-03-27,11.2574
2020-03-28,11.764468
2020-03-29,61.601658
2020-03-30,40.559265
2020-03-31,37.048187
2020-04-01,21.25182
2020-04-02,35.497814
2020-04-03,51.05483
2020-04-04,25.01699
2020-04-05,2.5142357
2020-04-06,1.4129533
2020-04-07,7.2705903
2020-04-08,13.762976
2020-04-09,29.369389
2020-04-10,43.057556
2020-04-11,38.733574
2020-04-12,20.65463
2020-04-13,52.239098
2020-04-14,49.734303
2020-04-15,34.761326
2020-04-16,55.554657
2020-04-17,31.170603
2020-04-18,43.62167
2020-04-19,27.778961
2020-04-20,6.714844
2020-04-21,7.71237
2020-04-22,0.14456616
2020-04-23,15.07951
2020-04-24,58.22187
2020-04-25,41.387436
2020-04-26,28.971642
2020-04-27,32.52648
2020-04-28,79.584526
2020-04-29,82.472824
2020-04-30,88.89618
2020-05-01,64.340164
2020-05-02,55.656677
2020-05-03,70.85021
2020-05-04,67.0591
2020-05-05,44.181103
2020-05-06,23.061209
2020-05-07,34.945587
2020-05-08,75.16798
2020-05-09,60.090626
2020-05-10,84.23905
2020-05-11,79.846756
2020-05-12,60.0755
2020-05-13,72.289566
2020-05-14,59.160736
2020-05-15,49.41093
2020-05-16,51.66757
2020-05-17,38.304615
2020-05-18,57.108948
2020-05-19,52.11613
2020-05-20,59.083042
2020-05-21,39.70687
2020-05-22,91.09511
2020-05-23,84.992516
2020-05-24,63.719925
2020-05-25,67.983826
2020-05-26,56.746212
2020-05-27,58.680428
2020-05-28,34.72343
2020-05-29,28.696756
2020-05-30,52.925476
2020-05-31,67.86581
2020-06-01,10.39753
2020-06-02,43.506565
2020-06-03,82.67151
2020-06-04,97.74253
2020-06-05,80.07877
2020-06-06,62.355007
2020-06-07,73.112785
2020-06-08,64.10225
2020-06-09,84.039696
2020-06-10,91.972466
2020-06-11,85.86236
2020-06-12,46.558285
2020-06-13,61.118057
2020-06-14,84.85443
2020-06-15,76.13873
2020-06-16,73.83316
2020-06-17,80.56544
2020-06-18,80.87079
2020-06-19,89.99809
2020-06-20,83.02669
2020-06-21,56.110977
2020-06-22,37.030025
2020-06-23,13.527965
2020-06-24,27.565855
2020-06-25,33.387455
2020-06-26,36.536804
2020-06-27,53.43936
2020-06-28,83.819466
2020-06-29,65.15015
2020-06-30,63.52819
2020-07-01,61.786663
2020-07-02,67.98073
2020-07-03,68.698006
2020-07-04,73.506065
2020-07-05,70.09238
2020-07-06,44.751324
2020-07-07,58.360317
2020-07-08,80.13309
2020-07-09,76.30343
2020-07-10,71.86635
2020-07-11,45.44424
2020-07-12,45.431488
2020-07-13,58.577637
2020-07-14,72.578026
2020-07-15,79.9382
2020-07-16,76.050224
2020-07-17,63.690582
2020-07-18,63.88185
2020-07-19,65.735985
2020-07-20,55.166653
2020-07-21,31.85321
2020-07-22,48.404625
2020-07-23,44.493595
2020-07-24,59.316616
2020-07-25,68.588394
2020-07-26,78.131134
2020-07-27,69.519585
2020-07-28,52.462685
2020-07-29,39.59688
2020-07-30,28.909971
2020-07-31,14.380166
2020-08-01,54.674747
2020-08-02,92.99978
2020-08-03,90.71785
2020-08-04,67.28759
2020-08-05,28.588644
2020-08-06,10.633135
2020-08-07,8.210986
2020-08-08,17.941534
2020-08-09,46.20873
2020-08-10,42.966274
2020-08-11,42.356777
2020-08-12,40.570927
2020-08-13,69.33561
2020-08-14,85.93295
2020-08-15,62.968067
2020-08-16,42.69815
2020-08-17,75.42944
2020-08-18,76.67263
2020-08-19,55.66537
2020-08-20,64.59058
2020-08-21,45.004436
2020-08-22,70.80147
2020-08-23,61.07839
2020-08-24,72.52631
2020-08-25,62.280113
2020-08-26,71.33488
2020-08-27,73.88441
2020-08-28,77.65216
2020-08-29,73.553474
2020-08-30,84.61257
2020-08-31,75.21432
2020-09-01,68.25549
2020-09-02,61.884407
2020-09-03,75.942505
2020-09-04,67.8816
2020-09-05,68.327156
2020-09-06,61.904938
2020-09-07,46.115204
2020-09-08,54.866856
2020-09-09,52.58112
2020-09-10,62.444115
2020-09-11,43.267254
2020-09-12,36.339436
2020-09-13,65.642555
2020-09-14,42.858467
2020-09-15,29.607758
2020-09-16,43.45655
2020-09-17,33.12681
2020-09-18,13.181719
2020-09-19,42.805397
2020-09-20,32.44082
2020-09-21,10.6011715
2020-09-22,21.568975
2020-09-23,53.881927
2020-09-24,82.530685
2020-09-25,93.56682
2020-09-26,98.692085
2020-09-27,87.80792
2020-09-28,72.29383
2020-09-29,74.55378
2020-09-30,71.99415
2020-10-01,79.374504
2020-10-02,89.59382
2020-10-03,78.04887
2020-10-04,53.372467
2020-10-05,82.46543
2020-10-06,80.52312
2020-10-07,66.245224
2020-10-08,90.26458
2020-10-09,83.56709
2020-10-10,69.802734
2020-10-11,65.01462
2020-10-12,66.8843
2020-10-13,79.79905
2020-10-14,95.2765
2020-10-15,96.97706
2020-10-16,89.457985
2020-10-17,79.635
2020-10-18,76.76062
2020-10-19,68.95205
2020-10-20,97.18306
2020-10-21,72.72242
2020-10-22,65.82246
2020-10-23,87.65643
2020-10-24,73.085175
2020-10-25,77.74976
2020-10-26,90.34077
2020-10-27,72.35298
2020-10-28,81.23728
2020-10-29,83.4545
2020-10-30,95.34643
2020-10-31,76.01565
2020-11-01,95.88909
2020-11-02,88.038
2020-11-03,67.361084
2020-11-04,54.778587
2020-11-05,48.632534
2020-11-06,53.864082
2020-11-07,18.948349
2020-11-08,39.730816
2020-11-09,63.222355
2020-11-10,87.25126
2020-11-11,94.51874
2020-11-12,78.86544
2020-11-13,73.866425
2020-11-14,71.32631
2020-11-15,81.79426
2020-11-16,78.37241
2020-11-17,94.334404
2020-11-18,49.624306
2020-11-19,68.05107
2020-11-20,44.731537
2020-11-21,73.270004
2020-11-22,84.566185
2020-11-23,66.06286
2020-11-24,78.2045
2020-11-25,60.191933
2020-11-26,65.65507
2020-11-27,59.151405
2020-11-28,69.93731
2020-11-29,74.26486
2020-11-30,62.203224
2020-12-01,94.95421
2020-12-02,81.98892
2020-12-03,85.32747
2020-12-04,87.447395
2020-12-05,89.609474
2020-12-06,98.227776
2020-12-07,89.609436
2020-12-08,78.75282
2020-12-09,98.26131
2020-12-10,94.1059
2020-12-11,96.87623
2020-12-12,93.37351
2020-12-13,95.467064
2020-12-14,91.25777
2020-12-15,95.81405
2020-12-16,82.553474
2020-12-17,71.03832
2020-12-18,59.85579
2020-12-19,52.184517
2020-12-20,87.969315
2020-12-21,81.45698
2020-12-22,96.05017
2020-12-23,96.48923
2020-12-24,89.1149
2020-12-25,64.06528
2020-12-26,84.45415
2020-12-27,95.78585
2020-12-28,94.87853
2020-12-29,80.497475
2020-12-30,64.148674
2020-12-31,84.6983
2021-01-01,87.19584
2021-01-02,85.76655
2021-01-03,95.91236
2021-01-04,94.62499
2021-01-05,96.53969
2021-01-06,98.618576
2021-01-07,85.831985
2021-01-08,87.689445
2021-01-09,83.258194
2021-01-10,78.03446
2021-01-11,81.89502
2021-01-12,80.98223
2021-01-13,70.14855
2021-01-14,76.52309
2021-01-15,82.389465
2021-01-16,85.773926
2021-01-17,90.098885
2021-01-18,94.75298
2021-01-19,98.61294
2021-01-20,92.721245
2021-01-21,80.22827
2021-01-22,83.66263
2021-01-23,96.5543
2021-01-24,90.55598
2021-01-25,82.47386
2021-01-26,77.48714
2021-01-27,92.66368
2021-01-28,97.64082
2021-01-29,94.374985
2021-01-30,87.1359
2021-01-31,74.09156
2021-02-01,95.47452
2021-02-02,96.838806
2021-02-03,94.22609
2021-02-04,86.89987
2021-02-05,95.910484
2021-02-06,94.97911
2021-02-07,98.35288
2021-02-08,94.39297
2021-02-09,85.1443
2021-02-10,84.064926
2021-02-11,64.2538
2021-02-12,40.47359
2021-02-13,22.269375
2021-02-14,51.67237
2021-02-15,96.43162
2021-02-16,97.703026
2021-02-17,80.23766
2021-02-18,96.4362
2021-02-19,84.08012
2021-02-20,78.00862
2021-02-21,20.81099
2021-02-22,35.98957
2021-02-23,41.06085
2021-02-24,23.35952
2021-02-25,22.809952
2021-02-26,59.779263
2021-02-27,71.75302
2021-02-28,46.61075
2021-03-01,36.75606
2021-03-02,14.16247
2021-03-03,30.694557
2021-03-04,75.97837
2021-03-05,42.757057
2021-03-06,33.012917
2021-03-07,45.66784
2021-03-08,57.75951
2021-03-09,83.21942
2021-03-10,84.03263
2021-03-11,87.25514
2021-03-12,74.555664
2021-03-13,88.5664
2021-03-14,79.35082
2021-03-15,76.7305
2021-03-16,66.78058
2021-03-17,63.179207
2021-03-18,76.03128
2021-03-19,54.5857
2021-03-20,71.58546
2021-03-21,87.73476
2021-03-22,86.81675
2021-03-23,81.70488
2021-03-24,30.3619
2021-03-25,71.46634
2021-03-26,48.033035
2021-03-27,67.52594
2021-03-28,87.53555
2021-03-29,54.733517
2021-03-30,20.633041
2021-03-31,20.526007
2021-04-01,50.680004
2021-04-02,61.051388
2021-04-03,54.75843
2021-04-04,48.054253
2021-04-05,79.59937
2021-04-06,75.94211
2021-04-07,79.90831
2021-04-08,68.47322
2021-04-09,83.895805
2021-04-10,93.061516
2021-04-11,90.97697
2021-04-12,77.99072
2021-04-13,55.245686
2021-04-14,51.04834
2021-04-15,69.030396
2021-04-16,69.99887
2021-04-17,70.516884
2021-04-18,76.57207
2021-04-19,68.22223
2021-04-20,30.287584
2021-04-21,34.789253
2021-04-22,51.03463
2021-04-23,30.229214
2021-04-24,64.5933
2021-04-25,30.798948
2021-04-26,26.634102
2021-04-27,23.487335
2021-04-28,47.418507
2021-04-29,77.91023
2021-04-30,87.55021
2021-05-01,91.446785
2021-05-02,72.47829
2021-05-03,65.95709
2021-05-04,82.88075
2021-05-05,71.174965
2021-05-06,80.90738
2021-05-07,62.77458
2021-05-08,66.884415
2021-05-09,66.16792
2021-05-10,79.503456
2021-05-11,95.005905
2021-05-12,93.59369
2021-05-13,91.1627
2021-05-14,72.188255
2021-05-15,71.89714
2021-05-16,69.00486
2021-05-17,72.84445
2021-05-18,69.53623
2021-05-19,71.87034
2021-05-20,71.99119
2021-05-21,72.27884
2021-05-22,69.021545
2021-05-23,66.22584
2021-05-24,75.57241
2021-05-25,77.44887
2021-05-26,80.07118
2021-05-27,77.36466
2021-05-28,68.85112
2021-05-29,48.46998
2021-05-30,19.852203
2021-05-31,9.134383
2021-06-01,44.49772
2021-06-02,37.687183
2021-06-03,71.139534
2021-06-04,76.52855
2021-06-05,89.742386
2021-06-06,90.786514
2021-06-07,72.455826
2021-06-08,61.519547
2021-06-09,54.0589
2021-06-10,59.983265
2021-06-11,56.054195
2021-06-12,81.482254
2021-06-13,34.444004
2021-06-14,18.802835
2021-06-15,72.58145
2021-06-16,63.869076
2021-06-17,19.515728
2021-06-18,33.848175
2021-06-19,65.29316
2021-06-20,91.55058
2021-06-21,77.13405
2021-06-22,85.69586
2021-06-23,85.08212
2021-06-24,90.443985
2021-06-25,75.251236
2021-06-26,58.423775
2021-06-27,69.1629
2021-06-28,78.49434
2021-06-29,90.93941
2021-06-30,89.56315
2021-07-01,93.00128
2021-07-02,70.11635
2021-07-03,66.233604
2021-07-04,79.06482
2021-07-05,77.90089
2021-07-06,71.363106
2021-07-07,74.5935
2021-07-08,90.233086
2021-07-09,86.05581
2021-07-10,71.73701
2021-07-11,75.28236
2021-07-12,79.22507
2021-07-13,89.2228
2021-07-14,88.10402
2021-07-15,76.35289
2021-07-16,73.67066
2021-07-17,60.229683
2021-07-18,34.8614
2021-07-19,52.665813
2021-07-20,60.74439
2021-07-21,47.58075
2021-07-22,45.100918
2021-07-23,45.05182
2021-07-24,77.20124
2021-07-25,78.38699
2021-07-26,74.80873
2021-07-27,73.32534
2021-07-28,68.35528
2021-07-29,45.923534
2021-07-30,47.654465
2021-07-31,59.317947
2021-08-01,82.81122
2021-08-02,57.211926
2021-08-03,76.021515
2021-08-04,71.761795
2021-08-05,69.571205
2021-08-06,70.62004
2021-08-07,73.67365
2021-08-08,64.83714
2021-08-09,65.50903
2021-08-10,62.73621
2021-08-11,47.7059
2021-08-12,55.295303
2021-08-13,67.37941
2021-08-14,35.106762
2021-08-15,59.103996
2021-08-16,76.676735
2021-08-17,83.32552
2021-08-18,87.141174
2021-08-19,84.11423
2021-08-20,60.627148
2021-08-21,64.71511
2021-08-22,89.56855
2021-08-23,61.735653
2021-08-24,54.88105
2021-08-25,59.38898
2021-08-26,71.030785
2021-08-27,77.05964
2021-08-28,91.02979
2021-08-29,96.13341
2021-08-30,81.55746
2021-08-31,65.04647
2021-09-01,58.905746
2021-09-02,35.880714
2021-09-03,13.5141325
2021-09-04,37.46385
2021-09-05,33.43968
2021-09-06,57.830666
2021-09-07,70.10799
2021-09-08,9.510237
2021-09-09,20.616508
2021-09-10,68.62492
2021-09-11,80.905975
2021-09-12,76.35319
2021-09-13,76.458466
2021-09-14,63.15825
2021-09-15,93.356544
2021-09-16,82.97017
2021-09-17,73.83882
2021-09-18,69.29025
2021-09-19,80.545204
2021-09-20,81.63576
2021-09-21,91.02419
2021-09-22,73.985245
2021-09-23,57.26947
2021-09-24,64.26723
2021-09-25,48.76608
2021-09-26,72.1904
2021-09-27,84.79729
2021-09-28,83.058136
2021-09-29,72.582306
2021-09-30,65.21037
2021-10-01,74.50684
2021-10-02,89.128235
2021-10-03,98.21297
2021-10-04,90.13619
2021-10-05,91.64203
2021-10-06,64.197945
2021-10-07,58.593853
2021-10-08,48.348118
2021-10-09,15.93688
2021-10-10,32.68838
2021-10-11,73.676636
2021-10-12,66.929115
2021-10-13,75.37618
2021-10-14,89.85732
2021-10-15,68.10147
2021-10-16,69.45694
2021-10-17,90.86641
2021-10-18,88.67535
2021-10-19,88.256584
2021-10-20,78.92189
2021-10-21,72.708244
2021-10-22,57.7801
2021-10-23,60.72593
2021-10-24,24.554405
2021-10-25,57.618156
2021-10-26,81.47814
2021-10-27,84.98179
2021-10-28,33.007267
2021-10-29,50.50171
2021-10-30,84.263016
2021-10-31,82.6134
2021-11-01,78.25609
2021-11-02,77.130905
2021-11-03,92.94261
2021-11-04,94.81486
2021-11-05,74.50824
2021-11-06,83.249374
2021-11-07,82.977646
2021-11-08,80.07631
2021-11-09,55.004997
2021-11-10,71.504364
2021-11-11,66.076546
2021-11-12,77.13876
2021-11-13,92.3243
2021-11-14,94.69431
2021-11-15,91.36023
2021-11-16,94.42436
2021-11-17,91.1314
2021-11-18,95.20073
2021-11-19,92.741684
2021-11-20,86.51075
2021-11-21,80.041595
2021-11-22,54.66414
2021-11-23,70.28088
2021-11-24,70.7186
2021-11-25,78.93464
2021-11-26,93.37254
2021-11-27,84.133224
2021-11-28,84.051155
2021-11-29,81.32785
2021-11-30,94.9742
2021-12-01,95.081505
2021-12-02,69.668755
2021-12-03,83.4775
2021-12-04,97.55109
2021-12-05,87.121376
2021-12-06,85.90203
2021-12-07,87.03145
2021-12-08,98.04302
2021-12-09,91.415985
2021-12-10,83.07898
2021-12-11,78.418755
2021-12-12,94.500534
2021-12-13,95.372406
2021-12-14,98.12063
2021-12-15,94.59212
2021-12-16,84.29108
2021-12-17,89.68965
2021-12-18,88.09723
2021-12-19,79.41368
2021-12-20,38.849293
2021-12-21,52.90582
2021-12-22,78.02684
2021-12-23,98.2314
2021-12-24,93.36072
2021-12-25,59.191414
2021-12-26,62.445877
2021-12-27,86.1633
2021-12-28,92.10846
2021-12-29,98.584915
2021-12-30,97.39331
2021-12-31,77.37209
2022-01-01,86.685715
2022-01-02,86.460526
2022-01-03,82.4428
2022-01-04,91.75858
2022-01-05,76.56632
2022-01-06,42.38634
2022-01-07,89.767456
2022-01-08,81.57863
2022-01-09,92.09536
2022-01-10,73.82103
2022-01-11,78.56394
2022-01-12,80.975655
2022-01-13,69.575806
2022-01-14,53.739315
2022-01-15,71.97072
2022-01-16,89.02935
2022-01-17,81.16864
2022-01-18,81.528824
2022-01-19,72.88387
2022-01-20,58.527412
2022-01-21,64.44776
2022-01-22,96.88542
2022-01-23,89.76889
2022-01-24,71.60958
2022-01-25,80.39512
2022-01-26,88.52168
2022-01-27,84.81356
2022-01-28,71.26122
2022-01-29,92.408264
2022-01-30,66.00535
2022-01-31,92.42651
2022-02-01,92.40043
2022-02-02,71.960075
2022-02-03,97.47451
2022-02-04,91.020645
2022-02-05,71.516205
2022-02-06,97.232346
2022-02-07,54.069263
2022-02-08,88.98035
2022-02-09,73.606125
2022-02-10,75.15525
2022-02-11,59.399902
2022-02-12,51.01634
2022-02-13,58.53687
2022-02-14,63.633324
2022-02-15,81.11603
2022-02-16,98.21135
2022-02-17,63.886482
2022-02-18,78.813705
2022-02-19,66.94
2022-02-20,97.64617
2022-02-21,81.119514
2022-02-22,79.44172
2022-02-23,36.84495
2022-02-24,82.64304
2022-02-25,62.49297
2022-02-26,46.895466
2022-02-27,15.553424
2022-02-28,6.90494
2022-03-01,44.175453
2022-03-02,51.440895
2022-03-03,21.553988
2022-03-04,37.106533
2022-03-05,42.465805
2022-03-06,66.66581
2022-03-07,25.61996
2022-03-08,13.130621
2022-03-09,8.508788
2022-03-10,5.250186
2022-03-11,10.477595
2022-03-12,43.46886
2022-03-13,25.246702
2022-03-14,65.04347
2022-03-15,88.33223
2022-03-16,67.094635
2022-03-17,81.5069
2022-03-18,38.822723
2022-03-19,22.447216
2022-03-20,18.562643
2022-03-21,11.789949
2022-03-22,8.034583
2022-03-23,0.34815875
2022-03-24,1.93097
2022-03-25,3.0597825
2022-03-26,23.480967
2022-03-27,21.791325
2022-03-28,33.944
2022-03-29,87.392975
2022-03-30,90.943634
2022-03-31,97.04293
2022-04-01,98.7169
2022-04-02,88.98765
2022-04-03,61.30436
2022-04-04,89.4589
2022-04-05,97.23647
2022-04-06,92.53836
2022-04-07,81.3437
2022-04-08,90.85128
2022-04-09,58.730606
2022-04-10,50.665054
2022-04-11,66.78538
2022-04-12,89.080055
2022-04-13,88.03523
2022-04-14,77.1478
2022-04-15,78.43368
2022-04-16,41.509037
2022-04-17,22.730844
2022-04-18,18.749609
2022-04-19,39.80213
2022-04-20,49.729073
2022-04-21,70.134315
2022-04-22,55.47045
2022-04-23,49.150566
2022-04-24,65.30185
2022-04-25,77.355804
2022-04-26,65.300804
2022-04-27,47.793545
2022-04-28,32.67547
2022-04-29,80.82235
2022-04-30,85.822754
2022-05-01,76.62865
2022-05-02,50.603935
2022-05-03,45.389694
2022-05-04,65.53301
2022-05-05,72.46946
2022-05-06,62.551346
2022-05-07,56.87487
2022-05-08,36.460716
2022-05-09,26.146257
2022-05-10,80.76355
2022-05-11,58.251575
2022-05-12,63.344753
2022-05-13,69.266716
2022-05-14,41.591175
2022-05-15,49.285774
2022-05-16,84.5768
2022-05-17,66.87102
2022-05-18,57.297318
2022-05-19,85.2493
2022-05-20,90.54556
2022-05-21,68.18267
2022-05-22,73.850815
2022-05-23,89.81222
2022-05-24,74.58321
2022-05-25,63.443684
2022-05-26,74.960556
2022-05-27,65.97328
2022-05-28,57.25587
2022-05-29,65.46164
2022-05-30,61.242214
2022-05-31,65.92098
2022-06-01,58.506382
2022-06-02,48.41455
2022-06-03,63.17838
2022-06-04,65.192894
2022-06-05,84.20079
2022-06-06,72.441444
2022-06-07,71.24799
2022-06-08,76.99905
2022-06-09,72.47881
2022-06-10,51.50718
2022-06-11,41.380116
2022-06-12,44.211357
2022-06-13,49.074795
2022-06-14,57.01221
2022-06-15,36.559574
2022-06-16,51.639366
2022-06-17,83.65131
2022-06-18,52.24557
2022-06-19,62.22371
2022-06-20,65.05415
2022-06-21,52.520744
2022-06-22,57.504086
2022-06-23,29.774103
2022-06-24,67.46079
2022-06-25,66.77161
2022-06-26,67.250404
2022-06-27,87.29421
2022-06-28,67.780815
2022-06-29,68.67889
2022-06-30,68.72885
2022-07-01,76.62246
2022-07-02,22.981596
2022-07-03,30.573322
2022-07-04,50.88556
2022-07-05,44.572983
2022-07-06,67.83909
2022-07-07,82.45445
2022-07-08,67.814606
2022-07-09,78.80891
2022-07-10,75.535484
2022-07-11,69.07851
2022-07-12,62.826637
2022-07-13,67.82979
2022-07-14,58.507877
2022-07-15,54.26873
2022-07-16,37.59487
2022-07-17,49.369743
2022-07-18,53.75377
2022-07-19,8.712809
2022-07-20,51.198917
2022-07-21,66.529495
2022-07-22,69.131454
2022-07-23,65.47017
2022-07-24,42.48985
2022-07-25,54.826054
2022-07-26,66.83183
2022-07-27,66.01605
2022-07-28,73.23489
2022-07-29,78.961266
2022-07-30,61.492065
2022-07-31,64.52647
2022-08-01,68.54789
2022-08-02,72.874214
2022-08-03,34.234398
2022-08-04,51.86677
2022-08-05,80.13142
2022-08-06,48.920258
2022-08-07,40.675064
2022-08-08,31.616604
2022-08-09,24.608688
2022-08-10,23.39988
2022-08-11,21.869776
2022-08-12,17.940985
2022-08-13,45.678448
2022-08-14,57.379044
2022-08-15,65.174
2022-08-16,42.170525
2022-08-17,81.498024
2022-08-18,90.795906
2022-08-19,88.93854
2022-08-20,79.68572
2022-08-21,58.272972
2022-08-22,57.13205
2022-08-23,36.725063
2022-08-24,39.82252
2022-08-25,44.206787
2022-08-26,77.5126
2022-08-27,87.54209
2022-08-28,58.03276
2022-08-29,58.837288
2022-08-30,69.10233
2022-08-31,71.16529
2022-09-01,43.586784
2022-09-02,41.789177
2022-09-03,65.21584
2022-09-04,53.281616
2022-09-05,67.04522
2022-09-06,77.85573
2022-09-07,88.557175
2022-09-08,81.82258
2022-09-09,69.19556
2022-09-10,82.822914
2022-09-11,62.00893
2022-09-12,64.95966
2022-09-13,86.08513
2022-09-14,95.32893
2022-09-15,74.68568
2022-09-16,62.367207
2022-09-17,78.951225
2022-09-18,83.43319
2022-09-19,69.356766
2022-09-20,48.236877
2022-09-21,39.61968
2022-09-22,34.777447
2022-09-23,82.12067
2022-09-24,91.41689
2022-09-25,77.21451
2022-09-26,86.53228
2022-09-27,92.3941
2022-09-28,80.84007
2022-09-29,71.43955
2022-09-30,49.304718
