"date","hdd16_sum","wind_speed_sum"
2018-01-01,8.73464934190211,6.13238050503523
2018-01-02,10.6311551786927,4.99427586467979
2018-01-03,9.1731171671381,8.32324669147198
2018-01-04,8.46864190213579,5.82843874232937
2018-01-05,8.16154917854579,4.95753444791572
2018-01-06,9.8566529570532,2.50957678736239
2018-01-07,12.851146024466,4.61808559484513
2018-01-08,13.3458029238183,5.12434894829154
2018-01-09,11.654888787186,3.98411239784157
2018-01-10,10.6915885859029,2.39446082522656
2018-01-11,11.8990088224488,1.51094556323357
2018-01-12,12.3116568906095,2.14296972482639
2018-01-13,12.985275238488,3.78879193611268
2018-01-14,14.825938341602,4.01193037436304
2018-01-15,13.4216554425913,5.31189342169808
2018-01-16,11.3156308906914,5.95011907517658
2018-01-17,13.5799213826281,5.95084746766555
2018-01-18,11.6495990236598,7.49940897502642
2018-01-19,13.1299259253478,3.86663000823125
2018-01-20,13.8644962521871,3.2331924847698
2018-01-21,14.3414257466875,2.66978202798096
2018-01-22,12.6587117140273,3.5513453762046
2018-01-23,10.2083186349843,3.9299900603729
2018-01-24,6.6904729931494,5.49468204876263
2018-01-25,7.64865840288124,3.53832245279302
2018-01-26,9.7456395638888,1.8679997407493
2018-01-27,10.7319364723705,2.87943024758177
2018-01-28,8.38474980184903,6.15674930660539
2018-01-29,7.15104223339174,6.88026629380969
2018-01-30,10.5235156565572,3.9141294932594
2018-01-31,9.3994914745447,5.35053249393894
2018-02-01,12.4616291803198,4.5987002343851
2018-02-02,13.0568911855736,4.06966594300229
2018-02-03,14.1261734187797,2.77075454159833
2018-02-04,15.8367644129674,2.94543517276784
2018-02-05,16.3250281020279,3.76295548612086
2018-02-06,17.5467493349861,2.69973301014102
2018-02-07,17.2529292731549,2.18371230058227
2018-02-08,17.7339172088097,1.57671180171889
2018-02-09,16.8513462685138,2.58058539657089
2018-02-10,14.9644573711962,2.74546587926833
2018-02-11,13.4974866908534,5.13491835929927
2018-02-12,14.3770596700277,4.15614272394415
2018-02-13,15.4956435395953,3.11546624220488
2018-02-14,16.3092947160347,3.1252876401429
2018-02-15,14.6878994994302,4.2414522135167
2018-02-16,12.5922423557271,2.84007302095769
2018-02-17,14.732061286827,2.28177919986585
2018-02-18,14.9217562771398,2.19323617954036
2018-02-19,15.2460697819955,1.9376623580358
2018-02-20,15.7865424871287,2.26870818495636
2018-02-21,16.1663381443511,3.19328273234604
2018-02-22,16.6072238467448,4.34677000060285
2018-02-23,17.4438747049472,4.83564266123598
2018-02-24,17.7621130313811,5.82061303783291
2018-02-25,20.5542721726602,4.88074489263313
2018-02-26,21.9733044919435,4.62464391841788
2018-02-27,23.0728596914359,3.76872061775793
2018-02-28,24.2663775761204,5.10887060339139
2018-03-01,21.8952633725793,6.33505383516723
2018-03-02,20.9407637127813,4.82636662837634
2018-03-03,18.4242579880705,3.66734671712166
2018-03-04,13.7015476688356,3.64654054665676
2018-03-05,10.4805629703872,3.12441125600687
2018-03-06,12.0970497726109,2.18116007737403
2018-03-07,11.5510746030508,3.02670318768807
2018-03-08,10.2305186237018,4.7800446692155
2018-03-09,10.08123035875,3.54273477452014
2018-03-10,6.81260450314786,3.16146902103855
2018-03-11,5.04484186771574,2.9104135124428
2018-03-12,6.67460558760419,3.29777416413927
2018-03-13,8.49577838110601,5.13788824755534
2018-03-14,10.7743728536401,2.82491974358112
2018-03-15,10.5720989641625,5.31093127125405
2018-03-16,12.0484429258405,4.94049646316649
2018-03-17,17.3146192513596,7.27125121028456
2018-03-18,18.2896917674169,7.02222390007888
2018-03-19,17.5762548672491,3.86303969629931
2018-03-20,15.9626872431808,3.65435222133463
2018-03-21,15.1499251398271,2.80559440835275
2018-03-22,13.5724917786393,4.03407352045843
2018-03-23,11.485404937195,2.34580401575462
2018-03-24,10.548220020506,2.58473627711112
2018-03-25,9.95907661497957,1.84968667620363
2018-03-26,10.622633133887,2.41827394845178
2018-03-27,10.3114275460976,2.74853458656037
2018-03-28,9.37108709754435,4.35854729944121
2018-03-29,10.4831064051915,4.06415624149067
2018-03-30,8.94233465381065,3.76478445182709
2018-03-31,9.79895131720895,3.32060085576782
2018-04-01,11.2343510556806,4.50641545368434
2018-04-02,8.51870513402852,3.34669007158448
2018-04-03,2.57244944325738,3.95015173585829
2018-04-04,3.16894141678571,4.01377029190212
2018-04-05,7.34119483582419,5.41834905515218
2018-04-06,8.10036132870903,3.6897869402514
2018-04-07,2.73881071789871,3.84503453194552
2018-04-08,1.14123822826788,2.59642545921244
2018-04-09,1.41294013287062,2.37836554591628
2018-04-10,1.88975658069324,3.45839278323401
2018-04-11,3.99597800101836,3.5513333733229
2018-04-12,2.02843079933432,3.95204673184476
2018-04-13,3.87395218877377,3.29018090979967
2018-04-14,3.38172098210149,2.98160070435185
2018-04-15,2.46074783496865,2.04059382047491
2018-04-16,2.68275950254893,2.30245066711598
2018-04-17,1.94164552292693,1.97867423740122
2018-04-18,0.257132066368905,2.16666930831882
2018-04-19,0,2.77187887044381
2018-04-20,0,2.37269010638695
2018-04-21,0.303727023443721,2.30904423690252
2018-04-22,0.280608978427294,2.49559000525176
2018-04-23,0.413808411062949,3.77155043270924
2018-04-24,2.32330350884002,3.79481823956027
2018-04-25,2.34281274755342,4.86124175216771
2018-04-26,5.84318811930935,4.402726537977
2018-04-27,4.04915989388544,2.71631594184602
2018-04-28,1.69682839454416,2.83639981927251
2018-04-29,0.512687106688715,2.97942750391134
2018-04-30,2.02661694937014,5.46844810448089
2018-05-01,6.01892603347114,4.97372689693303
2018-05-02,4.56229879765183,2.65322901809753
2018-05-03,3.0088926267131,3.0622316730301
2018-05-04,2.53478863954725,3.28612002501689
2018-05-05,1.3127743954542,3.73463784470238
2018-05-06,0.225107094843127,3.42729721608786
2018-05-07,0,3.34447023596203
2018-05-08,0,3.37440914909887
2018-05-09,0,2.75246677317696
2018-05-10,0.935265334697552,3.30086113791479
2018-05-11,1.36870748445755,2.39384788877055
2018-05-12,0.0326256796176301,2.5392177972972
2018-05-13,0.484075184819548,3.45456041739675
2018-05-14,0.463628794149563,3.68076904871817
2018-05-15,0.832824878629418,3.06674712321375
2018-05-16,1.79250918143487,3.09912899437197
2018-05-17,2.76770008720218,4.06406383878325
2018-05-18,3.51897760100649,2.81142269912689
2018-05-19,2.44221188913994,2.20824440435841
2018-05-20,0.377661005261368,3.28738416440492
2018-05-21,0,3.77817646054392
2018-05-22,0,2.43986765454997
2018-05-23,0,2.86521877010665
2018-05-24,0.00509947978974328,3.21018438619787
2018-05-25,0,2.67542448093129
2018-05-26,0,2.44049105760059
2018-05-27,0,2.52029293934122
2018-05-28,0,2.71153918636625
2018-05-29,0,3.08654405829035
2018-05-30,0,2.18736408203612
2018-05-31,0,2.31338027340763
2018-06-01,0,2.85882436145084
2018-06-02,0,2.70567503065449
2018-06-03,0,2.11366989388772
2018-06-04,0,2.66008530620354
2018-06-05,0.0178219210813597,2.65191743419589
2018-06-06,0,2.93570550289375
2018-06-07,0,2.42757082370639
2018-06-08,0,2.25860177179178
2018-06-09,0,2.34391720027138
2018-06-10,0,2.42844644901882
2018-06-11,0.0133664408110201,2.83055709882424
2018-06-12,0.169280844835481,3.11894575747317
2018-06-13,1.37678781275423,3.42685502275864
2018-06-14,0.31481400866774,2.59469652233068
2018-06-15,0,1.76394809533533
2018-06-16,0,2.06841429774706
2018-06-17,0.00938409487214396,3.28316263329876
2018-06-18,0,3.11617803197019
2018-06-19,0,2.93579016103067
2018-06-20,0,2.50274748259068
2018-06-21,0.257569764480033,4.87844365724547
2018-06-22,2.98811603593774,4.93381497145975
2018-06-23,2.40814625455435,4.10453443099552
2018-06-24,1.39880731690185,3.10850090477388
2018-06-25,0.221794655455058,3.06340688454557
2018-06-26,0.247183032136683,2.49200122479661
2018-06-27,0,3.04857391009812
2018-06-28,0.0790101503299301,3.32758730797659
2018-06-29,0.00445548027033961,3.21583467391167
2018-06-30,0,3.61753640017283
2018-07-01,0.0341513756395564,3.95121498782196
2018-07-02,0,2.97574127354964
2018-07-03,0,2.31508213014796
2018-07-04,0,2.10837202201271
2018-07-05,0,2.72634206041003
2018-07-06,0,3.46413640083905
2018-07-07,0,3.31545721629278
2018-07-08,0,3.03318178607858
2018-07-09,0.00700107970616915,3.31412597633449
2018-07-10,0.314468289958308,3.13018103979782
2018-07-11,0.220709985665202,2.47395812647824
2018-07-12,0.0121969198712703,2.73059914378482
2018-07-13,0,2.51646721531497
2018-07-14,0,2.40218999256942
2018-07-15,0,2.20644404185238
2018-07-16,0,1.99137960395926
2018-07-17,0,2.75861832641251
2018-07-18,0,3.09053733982734
2018-07-19,0,2.41467863201205
2018-07-20,0,2.15811263241547
2018-07-21,0,2.27035900569865
2018-07-22,0,2.2635263235005
2018-07-23,0,2.04141928345863
2018-07-24,0,1.85771552054379
2018-07-25,0,2.17459791518808
2018-07-26,0,2.63939340423071
2018-07-27,0,2.8235285126645
2018-07-28,0,3.15346045208016
2018-07-29,0,2.54357481990476
2018-07-30,0,1.94656115755642
2018-07-31,0,2.53770960232099
2018-08-01,0,2.67657362306798
2018-08-02,0,2.35688795786752
2018-08-03,0,2.19738858494323
2018-08-04,0,2.59242259437075
2018-08-05,0,3.25676697240363
2018-08-06,0,2.24492176606849
2018-08-07,0,2.60726750134938
2018-08-08,0,3.4234029922976
2018-08-09,0,3.72324034850038
2018-08-10,0,4.35556192745572
2018-08-11,0,3.7978267009485
2018-08-12,0,2.35052602169074
2018-08-13,0,2.9565058054034
2018-08-14,0,3.78280464654027
2018-08-15,0,2.4362776432613
2018-08-16,0,2.28921773596597
2018-08-17,0,2.59762495308312
2018-08-18,0,2.45701188783154
2018-08-19,0,2.48840716504573
2018-08-20,0,2.88660875732221
2018-08-21,0,1.91733918841303
2018-08-22,0,2.05368487145414
2018-08-23,0,2.66487500197072
2018-08-24,0,3.81450057663979
2018-08-25,1.91611259275462,3.59671013591469
2018-08-26,1.53706615297876,2.75343302138869
2018-08-27,0.0108452199362429,4.21252980953131
2018-08-28,0,2.14858078881601
2018-08-29,0,2.67883043240042
2018-08-30,0.034500302212622,3.7447821671788
2018-08-31,1.19152488681052,2.49804916914769
2018-09-01,1.01885344976902,2.52064809163501
2018-09-02,0.609961102052858,2.85201232021668
2018-09-03,0,2.30591010723091
2018-09-04,0,1.96033824399633
2018-09-05,0,2.00955333478259
2018-09-06,0,2.26383650978376
2018-09-07,0.107514567579207,3.06806180795002
2018-09-08,0.439217055309618,2.72385929601782
2018-09-09,0,2.08210577060575
2018-09-10,0,2.41820947610494
2018-09-11,0,3.74381136301903
2018-09-12,0.0400498690211542,3.02260089771357
2018-09-13,0.72162631446797,2.14328406840471
2018-09-14,0.696239103079646,1.99595045969017
2018-09-15,0.418199075050559,2.72702581759605
2018-09-16,0.0664048703198746,2.11373975676829
2018-09-17,0,1.98314846398169
2018-09-18,0,3.1240542054515
2018-09-19,0,3.02259514039505
2018-09-20,0,3.03055419761674
2018-09-21,0,5.22045860821097
2018-09-22,2.76721756498413,4.34262610520823
2018-09-23,3.40907540639362,4.24328370222122
2018-09-24,6.03909304296934,4.37854990818295
2018-09-25,6.8041288175336,2.51763464257502
2018-09-26,4.54471293564907,3.13673923529654
2018-09-27,1.081920081901,2.62161440238054
2018-09-28,3.48870459082626,3.26164667595398
2018-09-29,6.14378815816928,2.6799257064795
2018-09-30,5.07832505648396,2.17137775764884
2018-10-01,6.21975783100845,3.49550809920328
2018-10-02,6.94360670853457,5.08658666304869
2018-10-03,4.13265309347307,4.58055643981421
2018-10-04,4.4100772375396,2.44484095676664
2018-10-05,2.11179316859373,2.39082279158792
2018-10-06,0.622704193929048,2.27052598537303
2018-10-07,3.37340199957355,2.85412351298384
2018-10-08,4.57695768341426,1.92490122515858
2018-10-09,2.66450238170195,1.89813552712162
2018-10-10,0.921468699229995,2.78358550368408
2018-10-11,0.245064520509884,2.85446750960865
2018-10-12,0,2.66082783313496
2018-10-13,0.221228420923801,2.7873221819856
2018-10-14,0.258283686407385,3.07394442496209
2018-10-15,0.556200540650387,2.1457652983137
2018-10-16,1.14728430923199,1.50602459880028
2018-10-17,1.3375047355824,1.52702499503608
2018-10-18,3.14606375710448,2.44965401792707
2018-10-19,5.018535959057,2.00618723117306
2018-10-20,6.14763030814095,1.90724118724699
2018-10-21,6.41795340621062,1.97576951417407
2018-10-22,7.13046201618277,2.69035334795317
2018-10-23,6.10992319695004,5.98785951387596
2018-10-24,3.90345199318127,5.8008936560916
2018-10-25,3.93863083341283,4.52634458641474
2018-10-26,5.68054556855375,3.71440703269054
2018-10-27,9.11490939315506,3.3088415576443
2018-10-28,11.492116178154,4.61555799011127
2018-10-29,10.5230175988991,4.7849066853213
2018-10-30,8.09019254890303,5.75630908188826
2018-10-31,7.79722109417528,3.75044254748699
2018-11-01,7.31977690141202,2.49954630886975
2018-11-02,6.96452062774169,2.72601710592832
2018-11-03,8.71765211295514,2.12118223249775
2018-11-04,6.97810581298442,2.50773244255059
2018-11-05,5.32275729955534,2.50014129090999
2018-11-06,4.7830588728901,2.52182499336691
2018-11-07,4.98561093134581,2.63756888082935
2018-11-08,5.81962314282583,2.12165867631028
2018-11-09,6.14010058633733,2.78837928399065
2018-11-10,5.25470144554452,4.06452189765884
2018-11-11,4.59394824529618,3.93496505160343
2018-11-12,4.12812024205727,2.83782870996705
2018-11-13,5.86210962629549,3.64697281635311
2018-11-14,8.56866505587618,2.48145332421318
2018-11-15,10.2120972361853,2.52001407046556
2018-11-16,11.0658303909477,3.13267999623498
2018-11-17,12.2679441518096,3.987790632295
2018-11-18,13.5445893418042,3.51970191797535
2018-11-19,12.6370868222032,5.63236532315164
2018-11-20,13.5239061013639,5.82917423601225
2018-11-21,13.9988470487132,3.72344337830864
2018-11-22,13.4704733794158,2.69773472515451
2018-11-23,13.2688329458984,2.46602634782254
2018-11-24,12.2167339977301,2.38479893237007
2018-11-25,11.440261195381,2.64762713815836
2018-11-26,11.8427698355377,3.41395508889895
2018-11-27,13.8507531504618,2.2343871833804
2018-11-28,13.8140332747877,3.93955477570563
2018-11-29,11.5588436651536,4.77039579240852
2018-11-30,10.3461063594577,3.49139198324633
2018-12-01,9.43941567889019,3.71233663360669
2018-12-02,6.82889558961261,4.9902554927795
2018-12-03,4.36432444959344,4.94542218858652
2018-12-04,9.43993967244147,3.90170255122628
2018-12-05,12.2599351643558,2.80077935573134
2018-12-06,7.67538319719945,3.85867059805437
2018-12-07,5.35103876877877,5.9849805509663
2018-12-08,8.463112491053,7.70674127882894
2018-12-09,8.55049592850251,7.30015568871594
2018-12-10,11.3179737850137,6.09054531108286
2018-12-11,12.3261305903428,4.32290505609937
2018-12-12,13.5211345294309,2.56461226441008
2018-12-13,14.8129823299567,3.70933306488696
2018-12-14,15.4924497250203,3.21291685406262
2018-12-15,16.1820433215881,3.43964828538155
2018-12-16,16.1388190805918,3.38720736211378
2018-12-17,13.0337796609083,2.70333113699398
2018-12-18,11.8792426990978,3.34090654779505
2018-12-19,11.7200480221095,3.5601593792924
2018-12-20,10.1821500535548,3.82568886541573
2018-12-21,7.68592779010569,6.33041768873852
2018-12-22,7.26025985427148,5.63574257701858
2018-12-23,8.16149324446768,4.01823246870054
2018-12-24,11.5956778838793,3.89521624855146
2018-12-25,12.8100501856586,3.46960667539165
2018-12-26,13.5080777626071,3.15054931192317
2018-12-27,13.0042390718368,2.40997216993401
2018-12-28,13.2267922129691,2.50554927999486
2018-12-29,11.9785671007687,4.16486388959436
2018-12-30,9.84292488087702,4.99178932240432
2018-12-31,9.1454338709825,2.80883375595158
2019-01-01,9.69359522817086,6.2884660340034
2019-01-02,13.1956686372951,5.43677415260659
2019-01-03,15.3468708525886,2.87565483620588
2019-01-04,13.9242568486325,3.89957051726672
2019-01-05,10.9699516166376,5.44759671426254
2019-01-06,11.4372080517894,3.48737301354623
2019-01-07,11.4379515540076,3.94474887274109
2019-01-08,10.9071455357884,7.68662270356198
2019-01-09,13.6563375612234,5.80541871182755
2019-01-10,15.1767857942353,3.01244095321184
2019-01-11,14.2176328242846,3.90709269953853
2019-01-12,11.4286033391053,5.49514216824716
2019-01-13,9.67835447562999,6.67403840905309
2019-01-14,12.2221573490845,6.11840324970837
2019-01-15,11.8156718827993,5.71212803468259
2019-01-16,10.9890403119446,5.15241420991112
2019-01-17,11.694777659935,5.61772296495205
2019-01-18,15.6104779024134,3.00121019135932
2019-01-19,17.6827375946742,2.31223790777013
2019-01-20,19.2170454857987,1.81666465857009
2019-01-21,19.216569994424,2.04730940873559
2019-01-22,19.1221532627413,3.16889021062358
2019-01-23,19.5913390471828,3.01550464998323
2019-01-24,19.8252151760968,2.04434611238375
2019-01-25,18.4622239416879,2.90162591064394
2019-01-26,12.6307652972915,4.71441446278819
2019-01-27,11.2082437116763,4.92469091557431
2019-01-28,13.4139359258973,5.41653055844571
2019-01-29,14.8122557166745,3.46335580224845
2019-01-30,15.7605562873279,3.99586817543246
2019-01-31,15.8970918590602,2.82370567933526
2019-02-01,14.5583388165654,3.12092893513563
2019-02-02,14.0303206188451,2.11870171451202
2019-02-03,14.3369874704274,3.52983564818826
2019-02-04,14.7992521474738,3.56642671085048
2019-02-05,14.4883486857217,2.95973638624463
2019-02-06,13.81623922009,2.97192559762259
2019-02-07,12.4666274449468,4.50603896413676
2019-02-08,10.1072476462669,5.38045589087689
2019-02-09,8.53133183306733,6.82091432567682
2019-02-10,9.09729978093569,6.16313715101615
2019-02-11,11.6331366198396,6.08956781280017
2019-02-12,12.5131313107201,3.92745788405755
2019-02-13,11.4420762677606,3.23505963457581
2019-02-14,10.8497563671162,2.18188304986622
2019-02-15,9.51971318307849,1.97505451534255
2019-02-16,8.54989761593619,2.39515678732655
2019-02-17,8.55614919078077,2.07997615441933
2019-02-18,8.55321874752232,2.19649446465843
2019-02-19,9.41229736779246,3.69909456831301
2019-02-20,9.4883655157317,2.8863977754996
2019-02-21,8.10593459763125,3.15623156823789
2019-02-22,8.73432930895065,3.19335322898262
2019-02-23,12.3824145847531,3.25884608352801
2019-02-24,10.737710009392,2.13606994746956
2019-02-25,8.62413334257551,1.98430422808693
2019-02-26,7.64081703727582,1.77179928235491
2019-02-27,6.85149474840555,1.87754458356224
2019-02-28,6.82850145531183,4.32462863912588
2019-03-01,8.84028401781248,3.66916901816801
2019-03-02,9.27265560757232,3.42618632058474
2019-03-03,5.90515630016422,5.82864026531359
2019-03-04,6.76795462261327,7.66580027370803
2019-03-05,9.81109818779336,5.96837421779086
2019-03-06,7.43680884623806,4.38754914239645
2019-03-07,6.15274028699479,6.55526538977539
2019-03-08,8.53616909180156,6.37577768806316
2019-03-09,7.52690406669441,7.63316048550328
2019-03-10,8.4739069606023,6.76348171946445
2019-03-11,12.2045248813629,6.36448551320966
2019-03-12,10.1050032222344,5.49796057318528
2019-03-13,9.64260664396843,7.66601408097605
2019-03-14,9.89613289122577,6.85492676744958
2019-03-15,7.60353718646319,7.12385847706557
2019-03-16,6.8056017717076,6.43123425328288
2019-03-17,7.72935684973768,5.98314036405085
2019-03-18,10.9810693895358,5.11664542581916
2019-03-19,11.4587955429901,2.4991541329592
2019-03-20,9.62311467781186,2.50407693853184
2019-03-21,6.97750855627725,2.46078434208028
2019-03-22,5.35026791163123,2.11116721007536
2019-03-23,6.48365675313139,2.55024396900291
2019-03-24,8.10814818949438,2.52556817999382
2019-03-25,10.3695117508885,4.7382929530746
2019-03-26,10.2056976330151,3.79563676790644
2019-03-27,8.83376774401058,2.71833919224923
2019-03-28,7.11646558642977,2.4897981752902
2019-03-29,5.57738375444776,2.4183659092136
2019-03-30,4.73765310303354,2.41999490986901
2019-03-31,6.59576532597288,3.18969900871061
2019-04-01,7.56508178681336,3.75567252208709
2019-04-02,4.96268158567579,3.6505736069054
2019-04-03,5.93720742464759,2.86119242803241
2019-04-04,8.38363017025391,2.79170547359907
2019-04-05,8.28207150629286,2.28491838635716
2019-04-06,4.58175887938759,2.79532687324715
2019-04-07,3.59818652764377,2.75265628726661
2019-04-08,4.24348059950816,2.5868549366544
2019-04-09,6.67235157726055,3.27950600427291
2019-04-10,8.69784371495215,3.66484481738694
2019-04-11,10.2488542599425,3.78493718077022
2019-04-12,11.8530962245688,3.61721814101663
2019-04-13,12.286945988271,3.40014993019484
2019-04-14,10.9560041773059,3.67230928517121
2019-04-15,6.95930129290674,3.92596552095567
2019-04-16,5.47705528725015,3.53992747053392
2019-04-17,3.56743680186951,3.30762858112578
2019-04-18,1.72456736742723,4.25605558850673
2019-04-19,0.855073379144077,3.44509923157866
2019-04-20,1.24284557118378,2.82643072191266
2019-04-21,1.15950871872082,2.62584911308613
2019-04-22,0.860099177883776,4.6546568318879
2019-04-23,0.745012500807072,5.37253752331594
2019-04-24,0.359024168964593,4.30787028748748
2019-04-25,0.839348926464841,3.83102104609882
2019-04-26,4.36010749487905,3.39128547014792
2019-04-27,5.928360706161,3.68683749814248
2019-04-28,7.41535623563172,2.77351988660794
2019-04-29,7.07352448705118,3.30004394743115
2019-04-30,4.95895229778701,3.28131501087409
2019-05-01,4.47080900132187,2.87938853152493
2019-05-02,4.78050462755525,3.85293320797391
2019-05-03,6.93465852655385,3.94343864894957
2019-05-04,10.3329032839877,3.57409676090434
2019-05-05,10.0156036770643,3.05408230922312
2019-05-06,9.1221380171213,3.21635019593703
2019-05-07,7.75870885972012,2.1705917643155
2019-05-08,5.55961748784629,3.56389767144696
2019-05-09,3.99775370476381,3.70596485617328
2019-05-10,4.22611279647049,3.37077697439617
2019-05-11,5.60456903443401,3.59566794942329
2019-05-12,6.67625875516782,3.96013955487552
2019-05-13,6.18386736516278,3.69942386588732
2019-05-14,6.69201612407552,3.70259619108313
2019-05-15,6.70573809839598,3.54656979503742
2019-05-16,6.32024805390307,3.01756831165152
2019-05-17,3.52214665640615,2.93236983460448
2019-05-18,0.795985791286631,2.39044002761541
2019-05-19,0.27815062506561,2.49533989711338
2019-05-20,1.39018662081913,3.34057330036952
2019-05-21,2.42507078495347,4.54832274730317
2019-05-22,3.10215022949123,3.94648845660343
2019-05-23,1.52876355490747,2.19451945306833
2019-05-24,0.277995001288621,2.4455414333259
2019-05-25,1.85084185465579,2.60793570565803
2019-05-26,0.261544429584788,3.46055673288126
2019-05-27,0.380994347774336,3.30536308440556
2019-05-28,2.92471952659124,2.88251275860868
2019-05-29,3.76906513028659,2.48816542681585
2019-05-30,0.940215904074396,3.18521667077486
2019-05-31,0,2.57694721561706
2019-06-01,0,2.25245668298771
2019-06-02,0,2.75224198882206
2019-06-03,0,2.7817174687843
2019-06-04,0,2.6967243611514
2019-06-05,0,2.8008730512048
2019-06-06,0.562145084162134,3.77804074416135
2019-06-07,0.0912623290345475,3.78348173064838
2019-06-08,0.293846190737402,5.37715402571373
2019-06-09,0.0197144584072118,2.66348462067196
2019-06-10,0.0155941809461893,2.61667243260363
2019-06-11,0.116276673025348,2.6129769279985
2019-06-12,0.138308455443908,3.07574629308959
2019-06-13,0.0532684919569072,3.00504890858618
2019-06-14,0,2.74101443483317
2019-06-15,0.0111387006758497,3.86085587052454
2019-06-16,0,2.43439943278958
2019-06-17,0,2.25372997215286
2019-06-18,0,2.16494028124408
2019-06-19,0,2.63093386436234
2019-06-20,0,2.97623007440163
2019-06-21,0,2.46981274049432
2019-06-22,0,2.99911638419087
2019-06-23,0,3.24182505686277
2019-06-24,0,3.48833736048995
2019-06-25,0,2.79954094659648
2019-06-26,0,3.04415906116372
2019-06-27,0.0100248306082657,3.85548492550018
2019-06-28,0,2.60674806494871
2019-06-29,0,2.20485091876161
2019-06-30,0,3.44021968436281
2019-07-01,0,3.88303275420582
2019-07-02,0.0423257000529528,3.62375322847273
2019-07-03,0.217042044034592,3.16459400874975
2019-07-04,0.0175026992654239,2.66820529475841
2019-07-05,0,3.20954184600088
2019-07-06,0.00922881984133959,3.54528571638678
2019-07-07,0.462382758296365,3.63002376308416
2019-07-08,1.21109205948104,3.14901131418014
2019-07-09,1.24104875506571,3.09817121467972
2019-07-10,0.0919949455613805,2.36553810616702
2019-07-11,0.14032004690131,1.96145764169098
2019-07-12,0,2.59888325277637
2019-07-13,0.0101989595794866,3.31011570965562
2019-07-14,0.30470886000872,2.88552149779128
2019-07-15,0.549993782697291,2.90562316668489
2019-07-16,0.355656466534173,2.96873327303552
2019-07-17,0,1.9544237449686
2019-07-18,0,2.14146770025256
2019-07-19,0,2.39666476824475
2019-07-20,0,2.89072297802402
2019-07-21,0,3.0972524602871
2019-07-22,0,2.25560040378074
2019-07-23,0,2.05525974850517
2019-07-24,0,2.04693071126388
2019-07-25,0,2.40999850327757
2019-07-26,0,3.17122509220158
2019-07-27,0,3.48973021427892
2019-07-28,0,3.01867216428553
2019-07-29,0,2.64946037841054
2019-07-30,0,2.46217358333977
2019-07-31,0,2.77066598592213
2019-08-01,0,2.10362401704835
2019-08-02,0,2.07959750384796
2019-08-03,0,2.58361831709256
2019-08-04,0,1.86326873776284
2019-08-05,0,2.49240266533001
2019-08-06,0,2.78022509906827
2019-08-07,0,2.83619104296889
2019-08-08,0,3.10946172276696
2019-08-09,0,2.54740395202306
2019-08-10,0,4.61770785702671
2019-08-11,0,3.32593879737715
2019-08-12,0.0502741367506664,2.89744037375201
2019-08-13,0.358569564480112,3.31762352117937
2019-08-14,0.0394382848585542,2.52321397246548
2019-08-15,0.0474060901979599,3.58969594635831
2019-08-16,0,2.83647993529099
2019-08-17,0,3.46920383205678
2019-08-18,0,3.25160102519834
2019-08-19,0,3.0970168022666
2019-08-20,0.034500302212622,2.23481632819065
2019-08-21,0,2.01691973093005
2019-08-22,0,2.23805476544167
2019-08-23,0,2.02823978743992
2019-08-24,0,2.28177401857983
2019-08-25,0,1.97495646114304
2019-08-26,0,1.92805946221101
2019-08-27,0,1.95988721476155
2019-08-28,0,2.15298351280754
2019-08-29,0,2.31482008286426
2019-08-30,0,1.6883011840859
2019-08-31,0,2.40230965580423
2019-09-01,0,3.20066944356019
2019-09-02,0.395890012355359,2.68331987934681
2019-09-03,0.182358844890581,2.70593719098006
2019-09-04,0,3.03262680402344
2019-09-05,1.14026202575765,3.7535661558469
2019-09-06,1.75898106573973,2.60826165767409
2019-09-07,2.21700369518232,2.0566970091082
2019-09-08,2.79375497617217,1.74110521767468
2019-09-09,2.95946348333392,2.50530022831691
2019-09-10,2.33083618957463,2.63152150108633
2019-09-11,1.02003671190985,2.92911162344465
2019-09-12,0,2.97242662984516
2019-09-13,0,2.91520757114503
2019-09-14,1.23169587237602,1.88624502346707
2019-09-15,0.078843081063849,2.90371677631868
2019-09-16,1.06424804291157,2.3346314698626
2019-09-17,2.16946636878772,4.09503082681792
2019-09-18,4.36599377853637,3.19945573407338
2019-09-19,5.36596156641442,2.61567978851454
2019-09-20,4.73507516761072,2.26457039983546
2019-09-21,1.36491550823906,2.54498188269571
2019-09-22,0.277409368652638,2.38065164752329
2019-09-23,0.766933290542571,2.60448240888756
2019-09-24,0.88076792070464,2.3771909374912
2019-09-25,0.72293158005077,3.02368749342418
2019-09-26,0.307156370370421,3.13683772542878
2019-09-27,0.21901215694334,3.64674465998335
2019-09-28,0.859625838513606,4.76087704963997
2019-09-29,0.390966932596063,5.10438646640634
2019-09-30,1.25203159024737,6.28616481725562
2019-10-01,1.23807899668752,3.98712315854948
2019-10-02,4.8021028974182,4.04510017078822
2019-10-03,6.22119866265216,3.27127127461476
2019-10-04,6.23347338779778,3.31953910882434
2019-10-05,6.13380323615055,3.46540885421593
2019-10-06,7.56719943739785,3.06072842483818
2019-10-07,6.93774959990094,2.43147981810024
2019-10-08,3.57357793180308,4.09764497712712
2019-10-09,3.82518963103989,4.33320353521364
2019-10-10,4.68730316209009,4.65820555824217
2019-10-11,2.70685404891497,4.87172813332244
2019-10-12,0.776433961043202,3.89584904069124
2019-10-13,0.0511314348496851,3.45773726486856
2019-10-14,0.187679347987973,2.61992414505864
2019-10-15,0.826840501087657,2.62143444814542
2019-10-16,2.96450084782002,4.06961721293808
2019-10-17,1.89529746492428,3.23960877965399
2019-10-18,2.24262486295026,3.9692089105228
2019-10-19,3.19309962736952,3.32684866595745
2019-10-20,2.37993059554028,2.11514652793527
2019-10-21,1.92972827825654,2.38460211385166
2019-10-22,3.64264498680784,2.02787493879955
2019-10-23,3.45334518845889,2.54773975551762
2019-10-24,1.97244436118365,2.76164425036412
2019-10-25,1.9643784000273,3.61895964598943
2019-10-26,1.72535117628661,4.43076878956368
2019-10-27,4.22607564237454,3.8063187439615
2019-10-28,8.51980161007937,2.58168022690052
2019-10-29,9.76127700319178,2.27733002648992
2019-10-30,11.4824495874459,2.54191195238686
2019-10-31,12.2537068352485,2.46522836663966
2019-11-01,10.1294201002703,3.48463973815367
2019-11-02,3.27199361274966,4.42852919566586
2019-11-03,4.41615619504729,3.3662922000474
2019-11-04,5.14380151695211,3.54039092775998
2019-11-05,6.97988411128125,2.82932850809712
2019-11-06,8.19737958909544,2.53850189954231
2019-11-07,8.38693224165836,3.18704912334168
2019-11-08,9.64017826053122,2.06930216104423
2019-11-09,10.4688526632862,2.60140388739678
2019-11-10,12.747216583925,1.77820901840563
2019-11-11,12.6498424803666,3.726427595824
2019-11-12,10.8182491069001,4.18240137809581
2019-11-13,11.334532903367,3.30261794262334
2019-11-14,11.2422783836134,3.44072010207055
2019-11-15,10.7262459381441,3.54308164228813
2019-11-16,11.0725448187254,2.5581534206872
2019-11-17,11.7431781078886,2.82749613910913
2019-11-18,10.2797774280188,3.5891021061612
2019-11-19,10.9216368141334,3.05476486563994
2019-11-20,12.6387649774312,1.82058288631989
2019-11-21,11.3203347780605,2.13171337462432
2019-11-22,10.5372921146527,3.06201462783412
2019-11-23,9.51367238201138,3.9161506866614
2019-11-24,10.177909204315,2.47525499810108
2019-11-25,10.7223966617245,1.94536215313298
2019-11-26,8.39259777318826,3.04058909556537
2019-11-27,7.07156980375607,4.55503187834781
2019-11-28,6.25888896247299,6.34876067690961
2019-11-29,9.95994421792712,4.53627886507552
2019-11-30,13.2860355388479,2.35353203403893
2019-12-01,14.7103301717247,2.30506705661621
2019-12-02,13.2421616053513,2.8236283929712
2019-12-03,12.2784889389314,2.23646074703526
2019-12-04,13.6683542406472,2.44151227482556
2019-12-05,15.3678833833878,2.79075968295893
2019-12-06,12.5312881303598,5.30251046806777
2019-12-07,7.79492905366123,5.56705903999964
2019-12-08,7.09837872888293,6.41487574395829
2019-12-09,9.05745361937271,5.52352149925841
2019-12-10,12.5472417164994,3.96150596167777
2019-12-11,12.9705943901338,3.56100350320355
2019-12-12,12.6164090101776,3.57694051067097
2019-12-13,13.12002871059,4.91259376837945
2019-12-14,10.1927019863657,6.40449205412478
2019-12-15,8.26499665426136,5.61138716249171
2019-12-16,8.49059138887219,2.94390816594128
2019-12-17,6.13711455173411,3.42336162859467
2019-12-18,7.83566016769327,2.94787642133162
2019-12-19,8.65729355990499,2.98031585124417
2019-12-20,8.11479608972787,4.08744286740751
2019-12-21,9.24595873519668,3.40855434531676
2019-12-22,9.7097805387145,4.26883405106301
2019-12-23,8.87113297931425,4.8203556553301
2019-12-24,9.14365457996163,4.47453753760251
2019-12-25,9.44982026523447,3.90624608990886
2019-12-26,11.4045739770093,2.24292548336612
2019-12-27,12.2243727935114,2.55853276394064
2019-12-28,15.2751240679593,2.15300233006948
2019-12-29,15.7174439319252,2.28674907895831
2019-12-30,12.476954042023,3.1753622694218
2019-12-31,12.3237768427986,2.86122516447622
2020-01-01,14.8958885764831,2.12683009522298
2020-01-02,15.1776967523468,2.80767398006261
2020-01-03,10.2693650700461,4.93317835573893
2020-01-04,10.9781768988818,5.42125533871787
2020-01-05,12.0538784346073,2.60415069835041
2020-01-06,12.6347420242078,2.90150331974502
2020-01-07,11.5455386024689,3.44508294573301
2020-01-08,9.26275675791643,3.80451097540929
2020-01-09,6.60735322676989,3.82367927624247
2020-01-10,7.95623343342869,4.66266008066307
2020-01-11,11.6556963853456,3.5934485617593
2020-01-12,12.0997760093433,4.77138528154719
2020-01-13,10.4478471098159,3.60866227985652
2020-01-14,8.26660168643313,5.54398147118723
2020-01-15,6.57156489365028,5.41205292858348
2020-01-16,8.56585332040823,3.07455050134008
2020-01-17,9.62387900679155,3.62983761018621
2020-01-18,11.273134143862,3.90511544755482
2020-01-19,12.9175916614113,2.54069324019613
2020-01-20,13.4138071237085,2.42630120419292
2020-01-21,14.8523732743242,2.58049199332269
2020-01-22,15.002504380643,2.45912790832824
2020-01-23,14.3351770910891,2.25073708348446
2020-01-24,15.3763095037509,2.4081759045944
2020-01-25,14.3426737571657,2.22985707864146
2020-01-26,13.170295058275,2.51955634289884
2020-01-27,9.89697397924127,4.05569921499999
2020-01-28,10.7810837332259,6.47123551369971
2020-01-29,11.7785574777791,5.88052601291195
2020-01-30,9.10406288586436,5.62519704129507
2020-01-31,4.71047313781893,6.41344999979616
2020-02-01,4.86718448700958,6.1640145032235
2020-02-02,6.88086759356748,5.42057510146319
2020-02-03,7.19258594708479,5.13038273294613
2020-02-04,11.0762289121148,5.42815794633039
2020-02-05,12.5693477397657,3.64499119241504
2020-02-06,12.9186354551416,2.66657932398582
2020-02-07,12.5904325872959,2.60966612531237
2020-02-08,11.7114322054669,3.02486500846834
2020-02-09,7.03831532574379,7.22339689645477
2020-02-10,7.72196175719061,9.67917504835035
2020-02-11,11.2219836530396,8.85714805277386
2020-02-12,11.7964000205832,7.06729172405696
2020-02-13,11.9417605622683,4.58778916996616
2020-02-14,9.99891496943823,3.6413457358942
2020-02-15,8.72759522030604,4.05673528821124
2020-02-16,3.75915029422573,7.23968573050018
2020-02-17,7.10470956772296,5.94957338179575
2020-02-18,9.25177646377162,6.39268121191609
2020-02-19,10.7171513819771,5.75165576812785
2020-02-20,9.65459287183719,5.02355827694899
2020-02-21,10.0029785311487,6.12797320825964
2020-02-22,7.72054380930962,6.94483175347502
2020-02-23,6.85205824948823,7.66685366337005
2020-02-24,9.04181816070755,5.07060883484007
2020-02-25,8.25405678701509,6.35448837304865
2020-02-26,12.7704649283337,5.18612152943578
2020-02-27,13.0602269572842,4.28368798635888
2020-02-28,12.1712126786412,4.9269858963795
2020-02-29,8.01047384493187,5.77960299419526
2020-03-01,8.41937656003038,5.62618467125579
2020-03-02,9.46297029941579,3.77438214712469
2020-03-03,10.9824608832146,3.8142923571275
2020-03-04,11.6637282421313,3.07841540219016
2020-03-05,10.497449632362,3.60738615261896
2020-03-06,10.3415803146054,5.233331503418
2020-03-07,10.7561016428459,4.0701125209129
2020-03-08,8.90168273883513,4.23109301708997
2020-03-09,8.73251865181795,3.75230351125718
2020-03-10,8.33918887300998,6.21215382386184
2020-03-11,4.47007134781779,5.97951195640827
2020-03-12,5.71127405388136,7.09046696705579
2020-03-13,9.34942175717546,5.98257734038966
2020-03-14,10.8998001774541,2.39941310345973
2020-03-15,7.7001954127105,4.30368495864069
2020-03-16,6.03791337231298,2.43744264673535
2020-03-17,6.05919423684659,2.57688199166206
2020-03-18,5.14692020197791,2.97496907072285
2020-03-19,5.2078783122575,2.07481762889367
2020-03-20,7.11993782432718,3.25387502170494
2020-03-21,11.4775251770395,5.62164271034906
2020-03-22,13.0421380956493,5.49090068224495
2020-03-23,13.658935236883,4.57010096117937
2020-03-24,12.8341494575355,4.25452551992915
2020-03-25,11.9687222544599,4.65220253420385
2020-03-26,11.0772056804356,4.71545044821161
2020-03-27,7.14568717796521,3.92276178876056
2020-03-28,7.11671764874936,3.58134888615459
2020-03-29,12.1873069207322,5.14898750984772
2020-03-30,13.8727182574197,3.4459098962996
2020-03-31,13.3211417172101,2.83121116929173
2020-04-01,12.0310596901828,2.64400654002522
2020-04-02,9.7169041281459,3.53548803619591
2020-04-03,8.93714885092159,3.65843344162784
2020-04-04,8.19760651282782,2.33792905927724
2020-04-05,4.85533829576709,4.19454260560615
2020-04-06,1.97131200756812,3.21382271146048
2020-04-07,2.22096230653801,2.66659527190844
2020-04-08,1.39301322009007,2.22927627553888
2020-04-09,2.40265862206221,2.61442489090047
2020-04-10,4.04304797084376,2.42341665172369
2020-04-11,3.80568381785583,2.03468858967776
2020-04-12,1.23699339490355,2.36554025155736
2020-04-13,6.855059308438,4.86938212433593
2020-04-14,10.5158666521332,3.50383692719686
2020-04-15,7.02141136535684,2.89868035044085
2020-04-16,2.87995414011692,2.53167593852499
2020-04-17,2.56827689475578,2.18688897368098
2020-04-18,2.07244792260374,2.69312244018044
2020-04-19,3.74928383106489,4.14402344158828
2020-04-20,4.25165110515081,5.96079947165193
2020-04-21,2.93072925076536,6.41701526513772
2020-04-22,2.14846927301368,5.00408175543823
2020-04-23,1.86902347075067,2.5353075816904
2020-04-24,1.96205603603226,3.61885527046463
2020-04-25,4.65668555159338,3.18420140628653
2020-04-26,4.49578752547155,1.90891311374774
2020-04-27,1.94435056190406,2.34929345164937
2020-04-28,2.43308962989865,2.79095290277746
2020-04-29,3.51157601877389,3.52761851234233
2020-04-30,3.83775152942942,4.21116756423312
2020-05-01,5.12815581056064,4.29720268338304
2020-05-02,6.33894990851486,4.08836172341755
2020-05-03,5.03294103576246,2.58018201207814
2020-05-04,4.74887112903609,2.86253134160938
2020-05-05,6.68289284745742,3.16358912306821
2020-05-06,5.72084522703142,2.95035705656823
2020-05-07,3.63207572431786,2.31525198878225
2020-05-08,0.925328669530536,2.03630606607555
2020-05-09,0.308596184036058,2.20020737410344
2020-05-10,0.580836911719747,2.5602651738534
2020-05-11,7.76994072373084,5.09826538096053
2020-05-12,8.85211431284297,2.93375260722349
2020-05-13,7.1716102174263,2.62623955428506
2020-05-14,6.71059808215333,3.41500531098353
2020-05-15,5.99697481563081,3.39602206810554
2020-05-16,4.12083303053547,2.88613081991395
2020-05-17,2.82034020346887,2.91740474307562
2020-05-18,0.470517362924197,2.94953622830109
2020-05-19,0.22882532387006,2.89467938746845
2020-05-20,0.429053961870327,2.19382122652326
2020-05-21,0.269675553364895,1.93451722902971
2020-05-22,0.0378715822978886,2.82117844800034
2020-05-23,1.52485888015604,3.9295861377287
2020-05-24,2.85978770364478,4.71480026626411
2020-05-25,2.08074172024541,3.97460745820659
2020-05-26,2.14246766741028,2.19972227717647
2020-05-27,0.55269556089757,2.50102097971679
2020-05-28,1.27773944669687,3.76109749210484
2020-05-29,1.43663491448882,2.98412970587432
2020-05-30,1.31612608442175,3.43718715227224
2020-05-31,1.10897628491051,3.46441938371714
2020-06-01,0.00222774013517044,3.31029872924947
2020-06-02,0,2.26857628794582
2020-06-03,0.00222774013517044,2.49072331714963
2020-06-04,1.18046907528661,3.04792902127593
2020-06-05,3.84119214206053,4.66362467353298
2020-06-06,3.08806207407943,4.3990823201064
2020-06-07,2.58029395479392,3.11511853323703
2020-06-08,1.70499773970381,2.09483645613697
2020-06-09,1.62231617110455,2.58200919797625
2020-06-10,1.04495981668265,2.66220646469364
2020-06-11,0.516111595821542,2.39787207583387
2020-06-12,0.0111387006758497,3.41551716756621
2020-06-13,0.00222774013517044,3.03415896447685
2020-06-14,0.131774708255475,3.35761070066825
2020-06-15,0.1106142104619,2.69758515753545
2020-06-16,0,1.78900796333057
2020-06-17,0.0169021835852633,2.29134179085328
2020-06-18,0,2.67932841429642
2020-06-19,0.247811128829963,2.98589828918469
2020-06-20,0.0316040601319703,3.06335635242563
2020-06-21,0,2.46429500038308
2020-06-22,0,2.8530771277086
2020-06-23,0,2.29861813351979
2020-06-24,0,2.9202099461667
2020-06-25,0,3.17240368174476
2020-06-26,0,2.77328566145324
2020-06-27,0,3.0883223066804
2020-06-28,0,3.46697793366225
2020-06-29,0,3.5358359928938
2020-06-30,0.00985722920360589,4.59625539433687
2020-07-01,0,3.70535173452103
2020-07-02,0,3.11801710049269
2020-07-03,0,3.26697362484298
2020-07-04,0,4.45331444287478
2020-07-05,0,5.50347462199852
2020-07-06,0.34485881497657,5.22988940079885
2020-07-07,0.53256765967654,3.00766890039401
2020-07-08,0.681437180271141,2.59056512708173
2020-07-09,0.340024746067376,3.14535357277421
2020-07-10,0.281347602407843,3.83612265865189
2020-07-11,0.602450310553068,2.66249835322652
2020-07-12,0.177045168199144,2.45377335257081
2020-07-13,0,2.02316494596701
2020-07-14,0,2.18743417100043
2020-07-15,0.0237453305741668,2.33283817006815
2020-07-16,0.564543761639623,2.1294557475422
2020-07-17,0,1.98505392475892
2020-07-18,0,1.67028079395461
2020-07-19,0,2.14127076508456
2020-07-20,0,2.91467006187515
2020-07-21,0.0171848399647648,2.73370213703606
2020-07-22,0.0218128461764385,2.27503421109903
2020-07-23,0,2.02527892088694
2020-07-24,0,3.01266680244518
2020-07-25,0,2.53606631148992
2020-07-26,0,3.35304027846493
2020-07-27,0,2.62750700856572
2020-07-28,0,4.33381442368773
2020-07-29,0,3.33238228364078
2020-07-30,0,2.20161994407771
2020-07-31,0,2.16777211591683
2020-08-01,0,2.63256675233517
2020-08-02,0,2.66923743675834
2020-08-03,0,2.44483814274569
2020-08-04,0.258835272396205,2.36285132405278
2020-08-05,0,2.46132928024523
2020-08-06,0,2.24719273028712
2020-08-07,0,2.07184602516714
2020-08-08,0,1.8669067214947
2020-08-09,0,2.29972211903811
2020-08-10,0,2.73746423352304
2020-08-11,0,3.0665399282937
2020-08-12,0,3.04853174668409
2020-08-13,0,2.50021411272157
2020-08-14,0,2.20561163701568
2020-08-15,0,1.76110295779939
2020-08-16,0,2.47454620815426
2020-08-17,0,2.38942860174028
2020-08-18,0,2.48255060298156
2020-08-19,0,2.06196147891521
2020-08-20,0,2.58825946923163
2020-08-21,0,3.06593733156085
2020-08-22,0,3.81307597973236
2020-08-23,0,3.9530737713272
2020-08-24,0,3.1671380718985
2020-08-25,0,3.11681678526462
2020-08-26,0,7.29452512440288
2020-08-27,0,3.17240154176601
2020-08-28,0,3.49124989202397
2020-08-29,0.230921905975837,2.87680852286616
2020-08-30,0.819540783407324,2.41075416471193
2020-08-31,0.616705617005905,2.53678044206369
2020-09-01,1.19538113274228,2.14001121772175
2020-09-02,1.17056390791316,1.77233342802794
2020-09-03,0.672359669374656,2.99448066287174
2020-09-04,0,3.04485234032322
2020-09-05,0.286294931451593,2.92414507247313
2020-09-06,1.36183680636231,2.42671878145292
2020-09-07,1.00973270276335,2.18388606337
2020-09-08,0.165921315692855,2.84431830648948
2020-09-09,0,2.93359513208527
2020-09-10,0.617953304593208,2.23132850434509
2020-09-11,0.436664232618705,1.89062015622362
2020-09-12,0.023113583470375,2.68757717136802
2020-09-13,0,2.29172428304428
2020-09-14,0,1.94499481035609
2020-09-15,0,1.69959617897322
2020-09-16,0,2.54080980500146
2020-09-17,0.955376619365344,3.66010190291433
2020-09-18,1.4382363221054,3.22150352093549
2020-09-19,0.886499008700987,2.4816304620222
2020-09-20,0.501832175373733,2.3470809415007
2020-09-21,0.173624535718108,1.6670834714739
2020-09-22,0.0315048586777622,1.67269167033321
2020-09-23,0,2.72596940887437
2020-09-24,0.094241007498393,4.07938821224178
2020-09-25,3.81838280596636,3.77094767182517
2020-09-26,6.14610250340716,4.09100567108201
2020-09-27,5.15193624785012,2.85252238857322
2020-09-28,4.51874099235198,2.03512494752121
2020-09-29,3.68631850368741,2.17580724851152
2020-09-30,1.94541448189708,1.936393016918
2020-10-01,2.47324749960109,2.80972361070974
2020-10-02,1.26528185588675,3.9979356336239
2020-10-03,2.09079201714205,4.11668079770183
2020-10-04,3.58454665358733,4.61732482187398
2020-10-05,3.98073170341311,4.21230838035524
2020-10-06,3.40036741372871,4.95455474425835
2020-10-07,3.65475975710958,4.38054107814595
2020-10-08,2.95869022104026,4.83550637483377
2020-10-09,2.47978739494427,2.89801271134154
2020-10-10,5.82646370187752,3.53061881788006
2020-10-11,7.66275982207258,2.77802258109915
2020-10-12,7.28536763578383,2.20434503716318
2020-10-13,7.63637246734957,2.19095173207259
2020-10-14,7.72851442085324,3.96004647572075
2020-10-15,6.98711895134763,3.55612078961284
2020-10-16,7.15866384440407,2.85797404609229
2020-10-17,7.72938463939723,1.62451435199393
2020-10-18,7.59105904187565,2.70384753930282
2020-10-19,7.09757782364365,2.23426031913812
2020-10-20,6.25067898176841,3.24911133999818
2020-10-21,2.00113840676699,3.95303623000273
2020-10-22,0.653127513114622,3.86870150706817
2020-10-23,2.19198408692794,2.72209017154957
2020-10-24,2.69244307719636,3.97353237412659
2020-10-25,3.48655241797698,3.87702087261563
2020-10-26,5.79023381219111,3.38765304110102
2020-10-27,6.46842131476085,4.50216102919858
2020-10-28,4.98406254878312,4.71748417783646
2020-10-29,5.37685473895139,4.838408103654
2020-10-30,3.15644697913709,4.60912810855665
2020-10-31,2.90386753568765,3.13115167920507
2020-11-01,2.36693094011353,4.18413552632793
2020-11-02,0,5.64789212513191
2020-11-03,4.59251966847322,3.76625673556661
2020-11-04,8.120089955832,2.81687672030331
2020-11-05,9.57466188365681,2.54754766130747
2020-11-06,9.02457382825099,2.28421211279447
2020-11-07,8.42077054604188,2.16981688095336
2020-11-08,8.01931215322378,1.71614094521834
2020-11-09,7.90416889448337,1.98015087625907
2020-11-10,9.1295715631445,2.08671624390351
2020-11-11,7.94551635125961,1.99136022870342
2020-11-12,7.12639631509487,3.20314089294248
2020-11-13,6.66612646082713,2.63310230561997
2020-11-14,4.1593404059942,2.86581170356367
2020-11-15,4.33696329931018,4.55363609328701
2020-11-16,5.67426339483898,4.91348689052861
2020-11-17,5.82811786517162,4.10464884018864
2020-11-18,5.62261330706497,3.32929421672635
2020-11-19,7.51486552870146,5.01699976938256
2020-11-20,11.8327127873959,2.71593055145395
2020-11-21,12.2506192962636,3.87274506698218
2020-11-22,9.71495833908113,3.59464056660625
2020-11-23,9.97291803547041,2.72157998353702
2020-11-24,11.2211348042189,2.96308683235293
2020-11-25,12.1321011918088,2.72694488022018
2020-11-26,11.3193524947396,2.2713191376238
2020-11-27,12.1558842254535,1.85229734566511
2020-11-28,13.4829733970035,2.68210788112147
2020-11-29,14.7535449406543,2.53606424246297
2020-11-30,15.6633229178882,2.72103514458434
2020-12-01,13.1911053541667,2.6363071928865
2020-12-02,14.3316413344852,2.21562027618028
2020-12-03,14.4143126896315,4.00840606926116
2020-12-04,12.9869890223479,4.02018499878859
2020-12-05,12.9105946319712,2.49706192401035
2020-12-06,12.2224069383126,2.23308156965271
2020-12-07,11.9044816975656,3.01842460981104
2020-12-08,13.1056839248848,2.28029580014227
2020-12-09,13.8680472008964,2.12029641237221
2020-12-10,14.5358194641284,2.02652574202035
2020-12-11,13.8950613258746,3.80945350799039
2020-12-12,11.7909620543584,2.67773131730298
2020-12-13,10.4875699932094,2.49123665289717
2020-12-14,9.73734195769826,3.54846406587233
2020-12-15,9.06960101187384,2.67346171093364
2020-12-16,8.74350616019854,2.44852493170257
2020-12-17,9.13595992225652,3.42923143098822
2020-12-18,10.2609999658349,2.79959864785571
2020-12-19,10.1697309011886,3.40049025476282
2020-12-20,9.81878422425217,2.76320553232672
2020-12-21,9.80069306870922,3.80054234361358
2020-12-22,4.96475417945547,5.17669476486636
2020-12-23,5.77662693854327,3.24078137076276
2020-12-24,9.56898177874529,4.43549991581387
2020-12-25,13.8798405811429,3.10266118414411
2020-12-26,14.4808215602734,3.93402390530045
2020-12-27,13.9792128331959,6.89649745485634
2020-12-28,12.8220476359392,3.49486021236647
2020-12-29,13.1813545869522,3.50080631922319
2020-12-30,12.9495516915868,3.46304215916894
2020-12-31,13.5088069920869,3.02471538372705
2021-01-01,13.8812780900773,1.80484476760041
2021-01-02,14.0919096097745,2.09284142591445
2021-01-03,14.2364954593066,3.18603320645747
2021-01-04,14.5826433093387,3.03461317331479
2021-01-05,14.3556507555147,3.19159704480177
2021-01-06,14.5051423641463,2.80525733373847
2021-01-07,14.9030091955591,2.96140486436714
2021-01-08,15.0662535162785,2.66722698834662
2021-01-09,15.6922696799909,2.04025618365773
2021-01-10,16.1357381828166,2.31503559477959
2021-01-11,16.5016540887346,4.22272920865125
2021-01-12,13.5409849056517,5.36272531604251
2021-01-13,13.9164888502056,5.28125586412204
2021-01-14,14.919638432941,3.54679873969381
2021-01-15,16.6720414565175,2.87557432694602
2021-01-16,17.3781781675964,2.64961898216357
2021-01-17,16.7457145840039,2.13073952795472
2021-01-18,13.5468853568222,4.14224752799383
2021-01-19,12.3534788412261,5.53312916629181
2021-01-20,9.93358690828941,4.9558597927767
2021-01-21,8.36393835088584,6.18806620070889
2021-01-22,10.0481348897579,4.57269617877961
2021-01-23,13.3838237117608,2.95110310463356
2021-01-24,14.8349781488266,3.57378298013021
2021-01-25,15.7097176188895,2.43872384702737
2021-01-26,14.7085598994004,4.35164893390515
2021-01-27,14.5871315669403,3.47347987519841
2021-01-28,12.1068377432269,3.40140749932497
2021-01-29,11.0301966233408,5.04625119795818
2021-01-30,14.1587246609288,3.85078017107588
2021-01-31,16.8191270928634,2.72903024773089
2021-02-01,14.4569098657422,2.84196342852665
2021-02-02,10.9853737863437,3.34636499263646
2021-02-03,8.09028816909466,4.51213362965375
2021-02-04,10.2324174107998,3.64372376098326
2021-02-05,11.1941147794173,2.71302359144091
2021-02-06,12.9636951010216,4.86423721073473
2021-02-07,17.0215909029004,5.63052257655944
2021-02-08,20.0814939308964,4.08242535499746
2021-02-09,22.4462571945888,2.13283826747656
2021-02-10,22.3592538315571,2.90471574353691
2021-02-11,22.439869272612,2.31297848172289
2021-02-12,23.5070770733042,3.36435001689796
2021-02-13,23.2340343983517,3.09144553502722
2021-02-14,21.1290003583788,2.97010850672403
2021-02-15,16.982551688905,3.77511677555625
2021-02-16,11.3472554318451,3.07499486771883
2021-02-17,8.96085548329602,4.08186144564121
2021-02-18,8.99583873584269,3.55904802019736
2021-02-19,8.86568356579651,3.442691679112
2021-02-20,6.85374849658826,3.0582193499513
2021-02-21,6.1810920700637,2.92966437532805
2021-02-22,7.17414161447429,2.49431168933122
2021-02-23,4.49719468266448,2.67519862688765
2021-02-24,3.44602080480253,2.84652820765589
2021-02-25,4.23458064431482,2.54981947454268
2021-02-26,8.58063760988797,3.13232122118985
2021-02-27,11.2308716504477,3.05685809076302
2021-02-28,11.4661175684007,2.65723901419747
2021-03-01,11.1091433054724,2.34662602194208
2021-03-02,9.70967743671457,1.89587777918091
2021-03-03,8.93783312280888,2.02649306330004
2021-03-04,10.0916554261161,3.14098667343411
2021-03-05,13.4818825934897,3.28541936025494
2021-03-06,14.3582736449223,2.79990804825748
2021-03-07,13.6110248332419,2.91431479353306
2021-03-08,13.5524538894105,2.07470431043433
2021-03-09,13.3502534873687,2.18746548359774
2021-03-10,10.9434817148947,3.16228027020999
2021-03-11,7.43690412970924,7.49599432414378
2021-03-12,9.04371974138283,6.99689950749943
2021-03-13,9.45976838972016,7.69893478423452
2021-03-14,10.9606270082444,5.50360047908587
2021-03-15,10.9365340306349,4.90431592286942
2021-03-16,11.4440113791792,4.31101578568349
2021-03-17,12.7643467783687,2.76574299395066
2021-03-18,13.3302861855707,2.17168487195922
2021-03-19,13.9015405099182,3.41096220504085
2021-03-20,14.4919882454256,2.88493569378863
2021-03-21,11.4917845030928,4.82001248908199
2021-03-22,11.0793698261023,3.19317320139054
2021-03-23,10.0839843538751,2.56892314549194
2021-03-24,8.24301577435524,2.34063942084274
2021-03-25,7.02207706169938,2.23336668048383
2021-03-26,5.35126772125189,3.13800813567131
2021-03-27,8.8165820075276,5.42891656849963
2021-03-28,7.28240393536742,4.22289178269923
2021-03-29,3.07765198175441,3.84291404749762
2021-03-30,2.29519975766711,2.14178649996535
2021-03-31,1.37327983979706,1.77103419635548
2021-04-01,2.95673565980633,3.33049936810197
2021-04-02,8.74769269282095,4.10218038220682
2021-04-03,9.79182208169702,3.6837728140586
2021-04-04,10.3897639500609,3.01073562344051
2021-04-05,12.109271475709,6.13460198577763
2021-04-06,14.6077281902522,5.40152167221247
2021-04-07,13.9282864893647,5.80801620469602
2021-04-08,12.1137777177908,4.37301087771827
2021-04-09,7.99940923177578,3.82263659008196
2021-04-10,7.37208817347443,2.80838564175389
2021-04-11,6.94070187286684,3.79764974893702
2021-04-12,12.0205199749129,3.44593103693269
2021-04-13,12.0294548798857,3.07320969371053
2021-04-14,12.4323222632194,2.69167467029145
2021-04-15,11.9020165171967,2.89349346463475
2021-04-16,10.4572653006407,3.12622781536814
2021-04-17,9.3550615891178,2.81487583836028
2021-04-18,7.93493509069824,2.11046479677219
2021-04-19,7.0577339108923,2.09008982751747
2021-04-20,5.77915340684558,1.86662801256126
2021-04-21,5.9291572406485,3.17822173020415
2021-04-22,7.98584224988143,4.1841876993588
2021-04-23,7.91532154861442,3.07048216060433
2021-04-24,7.4286844466452,2.96515716890299
2021-04-25,8.24038973360493,3.20931191282942
2021-04-26,8.48337150580823,2.91498201654209
2021-04-27,7.08469724399478,3.42502980126362
2021-04-28,4.01720363197267,2.94024776865275
2021-04-29,5.18066613131322,4.31147976001596
2021-04-30,7.68938634632941,2.47921536160572
2021-05-01,6.95828757071837,2.37410783960865
2021-05-02,8.39862930842992,3.65404508417536
2021-05-03,7.55202019887409,3.69633196276483
2021-05-04,5.73098981046619,7.22939414513597
2021-05-05,8.37624984169629,6.40554049279351
2021-05-06,8.53738406639521,3.69312009636555
2021-05-07,8.6719871741735,3.92450521424254
2021-05-08,5.70106882709237,3.27865244557482
2021-05-09,0.0556935033792483,4.11743255017246
2021-05-10,0.0358360331800023,3.69756382328809
2021-05-11,1.75419784642976,2.79349551381924
2021-05-12,3.39785029062162,3.1030442349303
2021-05-13,4.05529948031648,2.68200623904524
2021-05-14,4.16849903164608,2.93604919045728
2021-05-15,4.58262539160139,3.25457522046982
2021-05-16,4.20125900019205,3.48174135729683
2021-05-17,4.39840562082166,3.85914319303182
2021-05-18,4.80512299009305,3.32188418942445
2021-05-19,5.10808249172561,2.90478480369997
2021-05-20,3.93837000012663,3.16719939651036
2021-05-21,2.83799354846011,5.0767762842876
2021-05-22,4.17895157540137,5.79099690793212
2021-05-23,4.31454668148703,4.16103812407935
2021-05-24,2.78776875328206,3.81275121164948
2021-05-25,5.26251208300314,5.11188110915382
2021-05-26,5.00818475733597,4.44036439418801
2021-05-27,5.05354866562434,4.13073125846108
2021-05-28,3.53441167738847,2.67231772843666
2021-05-29,3.31497809074235,2.84727738481632
2021-05-30,2.34619752411613,2.89924457547253
2021-05-31,1.08990220627781,2.55145763760223
2021-06-01,0.262723040774289,2.66726167115493
2021-06-02,0.064285242103993,2.71545735278482
2021-06-03,0.0245051414868698,2.44705746907845
2021-06-04,0.0400993224330591,2.04914253895233
2021-06-05,0.0356438421627194,2.55867480345236
2021-06-06,0.130646296073171,2.75823702657269
2021-06-07,0.0847920566586041,2.3304444676354
2021-06-08,0.0445548027033987,2.05538497664681
2021-06-09,0,1.7949050491004
2021-06-10,0,2.06376949880519
2021-06-11,0,2.26825250958057
2021-06-12,0.0111387006758497,4.10464888408255
2021-06-13,0.184714398098176,3.0501911592096
2021-06-14,0,2.24274655853354
2021-06-15,0.0155941809461893,2.19575418232963
2021-06-16,0,2.30983625693074
2021-06-17,0,2.76625895972548
2021-06-18,0,2.3466010865897
2021-06-19,0,2.57551252972295
2021-06-20,0,3.32118346092613
2021-06-21,0.133645303433297,3.65452934411148
2021-06-22,0.30938910178508,2.98759401520757
2021-06-23,0.0423270625682282,2.49285338790866
2021-06-24,0.0486750801644212,2.27455513725922
2021-06-25,0,2.27931972209835
2021-06-26,0,1.78964867802166
2021-06-27,0,2.27376409492289
2021-06-28,0,2.2903250021036
2021-06-29,0,2.63335976689131
2021-06-30,0.195278086060723,3.53598300083611
2021-07-01,1.00609036210931,3.75734140848315
2021-07-02,0.0229476590538455,2.67733201494447
2021-07-03,0,1.87333549307438
2021-07-04,0,2.0865050564409
2021-07-05,0,2.72218700994772
2021-07-06,0,3.80916608521257
2021-07-07,0,2.2937202687111
2021-07-08,0,2.00177802471146
2021-07-09,0.00637434973717946,2.97150643897902
2021-07-10,0,2.27917186273432
2021-07-11,0,2.2066013203699
2021-07-12,0,2.17871999891384
2021-07-13,0,2.60362248196384
2021-07-14,0.036671614012147,2.96974800959427
2021-07-15,0,2.16576721136692
2021-07-16,0,2.67679453032734
2021-07-17,0,3.23535902716457
2021-07-18,0,3.07153216983348
2021-07-19,0,2.58731709209513
2021-07-20,0,2.23966198509384
2021-07-21,0,2.06396503417815
2021-07-22,0,1.91448251639759
2021-07-23,0,1.80196841728073
2021-07-24,0,2.60655018756472
2021-07-25,0,2.3618732046411
2021-07-26,0,2.33897209658908
2021-07-27,0,2.62426704885721
2021-07-28,0,3.49487180096175
2021-07-29,0,4.33643278180006
2021-07-30,0,3.24284031233179
2021-07-31,0,4.30393714121759
2021-08-01,0.0740053773775871,2.78503688489996
2021-08-02,0.048182141258535,2.88212835252265
2021-08-03,0.131471403696547,2.00040023735906
2021-08-04,0.0147858438054102,1.82624493519821
2021-08-05,0,2.09011476888272
2021-08-06,0,3.33819535404899
2021-08-07,0,3.05184139369751
2021-08-08,0.0552027513524708,4.28335703344275
2021-08-09,0,3.16433140347215
2021-08-10,0,2.55971371774247
2021-08-11,0,1.87656511245844
2021-08-12,0,1.66243419114353
2021-08-13,0,2.54679866393171
2021-08-14,0,2.62851932073719
2021-08-15,0,2.33211045583039
2021-08-16,0.0708429535670597,4.67056972475905
2021-08-17,1.18177488262857,4.71310533694588
2021-08-18,0.0997439529545761,3.91501805825795
2021-08-19,0,3.15252868163804
2021-08-20,0,2.14553134914952
2021-08-21,0,1.6443217650896
2021-08-22,0,2.88333528370641
2021-08-23,0.0770555301699041,3.14109135200731
2021-08-24,0.572071930320134,2.95240503608254
2021-08-25,0.226838356298614,2.97670701728197
2021-08-26,0.949847379047937,3.55291226877181
2021-08-27,1.6697601543796,3.37406377612919
2021-08-28,1.22605349158008,2.73675956659796
2021-08-29,1.05825861456296,2.87450852973646
2021-08-30,0.346162652503845,3.21692780620814
2021-08-31,0.302008222448981,2.94936286176118
2021-09-01,0.743159523324569,2.22474916280171
2021-09-02,0.241965783765998,2.11317115076296
2021-09-03,0.00245371804383031,2.15949477187977
2021-09-04,0.195228025349422,1.94091231894316
2021-09-05,0.209477217920827,2.02018888790986
2021-09-06,0.0288740954230429,1.59647186951322
2021-09-07,0,1.53299696382772
2021-09-08,0,2.2639484627214
2021-09-09,0,2.33191103073487
2021-09-10,0,2.18325779049977
2021-09-11,0,2.45484485478696
2021-09-12,0,2.20595005129636
2021-09-13,0.171791110870975,1.76243634976217
2021-09-14,0,1.84169174803146
2021-09-15,0,2.55605462825214
2021-09-16,0.0663982784156538,3.01363161177825
2021-09-17,0.753649431626089,2.26432334021979
2021-09-18,1.03813857636588,2.181115062058
2021-09-19,2.51436939095122,2.77101542358874
2021-09-20,3.23096327028006,2.02988965875077
2021-09-21,3.33564321802731,2.18197375514177
2021-09-22,2.7039472019438,2.29903459779842
2021-09-23,1.09901983140382,4.16818862228552
2021-09-24,0.39050321260779,3.47131332799335
2021-09-25,0.0316040601319703,2.13010430721865
2021-09-26,0,2.14463138315708
2021-09-27,0.0246430730090161,2.60022971189801
2021-09-28,1.7682208692821,2.19953157253949
2021-09-29,2.99963932549073,3.6107581566532
2021-09-30,4.57585648064999,3.71281108114793
2021-10-01,2.84868319753257,3.30015824959527
2021-10-02,0.658666761846314,3.52776979122285
2021-10-03,0.00492861460180435,4.73034992314536
2021-10-04,2.44794836767002,2.76174591949824
2021-10-05,3.08275363639753,3.2224667260361
2021-10-06,3.98006101699366,3.70762068924008
2021-10-07,4.52663320334761,1.60464739349325
2021-10-08,4.70433490308,2.52101551618687
2021-10-09,5.82339950844344,2.7711110876743
2021-10-10,7.71724250815323,1.76944733927163
2021-10-11,6.77159872142913,2.60938911501338
2021-10-12,6.58054140704968,3.24816923404189
2021-10-13,7.54347523422846,2.49723479509015
2021-10-14,5.66461891644296,3.31123898324324
2021-10-15,5.70533726335812,3.3772720348093
2021-10-16,7.5972982494589,1.92253644160147
2021-10-17,7.00219013387175,2.03843978784639
2021-10-18,5.98235144365468,2.33526409364215
2021-10-19,3.16826907562575,3.39296923718302
2021-10-20,0.724938726798137,5.02424642653311
2021-10-21,4.1480907571305,7.35404187510916
2021-10-22,8.02476336999982,5.42755229025169
2021-10-23,8.29419135987093,2.78383313452195
2021-10-24,8.6332998240359,2.70931239626379
2021-10-25,7.71601738925453,2.41050805693284
2021-10-26,5.13079163003378,3.26566614291804
2021-10-27,4.77968214033856,3.18387728639052
2021-10-28,5.92127580230233,2.77940742094125
2021-10-29,6.04702596046173,3.25325950813487
2021-10-30,5.80663314045303,3.46852993717241
2021-10-31,2.73806795345913,3.57256388131224
2021-11-01,5.60023755387693,3.65683551546027
2021-11-02,7.84992720464501,2.53467652125582
2021-11-03,8.82917783411084,2.12094147376363
2021-11-04,8.78028378703871,3.68166813983871
2021-11-05,8.32230987202686,3.0950257345223
2021-11-06,8.59301274266857,3.77601475369542
2021-11-07,8.08595548897096,5.17604287827155
2021-11-08,8.31558138917656,2.67684476601301
2021-11-09,9.06149075694531,2.51088915654424
2021-11-10,11.0029301227727,1.63036582176249
2021-11-11,10.7902324286308,1.63008983665703
2021-11-12,10.651117893877,2.49863440493456
2021-11-13,9.41936214779355,2.54978012274447
2021-11-14,8.0587963847912,2.84264098524598
2021-11-15,9.64842578436414,3.14848596893674
2021-11-16,10.4840878076277,1.80033368696598
2021-11-17,9.80589116009109,3.11784455350633
2021-11-18,8.46327617868365,3.94829073901734
2021-11-19,6.7545448326512,4.04045106603351
2021-11-20,7.14460482072336,3.43766928365405
2021-11-21,9.59235834149349,2.86224233083384
2021-11-22,11.5989263554,3.13404909499703
2021-11-23,12.2318604511133,2.6282307717497
2021-11-24,11.5276604460649,2.33857412848538
2021-11-25,12.708494569619,2.46961454623233
2021-11-26,12.8375112354898,3.7732271394379
2021-11-27,13.1452197648751,3.23217343698663
2021-11-28,14.1453084323906,1.78036741938079
2021-11-29,13.9556617175694,3.3150172170581
2021-11-30,11.5207486279453,6.82777418903253
2021-12-01,8.93580936912885,7.06708770272721
2021-12-02,13.049119011813,4.2973508632328
2021-12-03,14.1837214659928,4.82141026740763
2021-12-04,12.2719735628503,3.56389168143056
2021-12-05,12.5927255724311,2.98879052669706
2021-12-06,13.9989659158446,2.64086450103061
2021-12-07,13.6438763548774,4.06356003162334
2021-12-08,13.2162018856081,3.77108981235303
2021-12-09,13.7241227791738,2.8107011775391
2021-12-10,14.2116362346134,2.93599377769458
2021-12-11,14.5356867908569,2.60521086631547
2021-12-12,11.9107635604153,3.51217578044075
2021-12-13,8.88058432507829,2.35266365543174
2021-12-14,9.3188993243235,2.432030407156
2021-12-15,8.60602417549457,2.6583053032594
2021-12-16,9.01520423701122,2.2406930050931
2021-12-17,10.074942950836,2.40222620925967
2021-12-18,10.9468683728829,2.72549277024501
2021-12-19,11.0159177248097,4.08935200745701
2021-12-20,14.117380243656,2.1421350296893
2021-12-21,17.327660761139,1.71531816337126
2021-12-22,18.2547443623706,2.06701786991096
2021-12-23,15.2321837791149,3.42004224134076
2021-12-24,10.0488791676357,4.58272523342574
2021-12-25,15.8215514097999,2.93674624028461
2021-12-26,16.9900694896019,2.74334440209637
2021-12-27,13.1981522693438,3.11702841467283
2021-12-28,10.130109386286,4.47714480738995
2021-12-29,8.23706039566025,3.90238440353657
2021-12-30,3.88927737457039,4.92194060332922
2021-12-31,3.66489690924414,5.0028957219678
2022-01-01,4.81077841940796,3.37996853190999
2022-01-02,6.03565087962026,4.59933637148184
2022-01-03,6.36851674013566,6.11609987674708
2022-01-04,8.5601697436683,3.94929195083819
2022-01-05,12.4558602924458,5.80658824840075
2022-01-06,13.9283553156273,3.44755277705326
2022-01-07,14.2961961008709,4.42638628082527
2022-01-08,13.872800016153,4.42618510959367
2022-01-09,12.6919917413055,4.55763959789757
2022-01-10,13.4132596312784,1.76573796960042
2022-01-11,14.9102429178338,2.08132424483132
2022-01-12,14.5293399211167,2.2264603058112
2022-01-13,13.6114291304876,3.21285969215741
2022-01-14,13.2312694790529,2.86716449122603
2022-01-15,13.8596395087629,2.02843818373419
2022-01-16,13.4604777815548,4.0630874631025
2022-01-17,11.0863651057986,5.62576211173561
2022-01-18,11.2552971052347,2.44200272019621
2022-01-19,12.7386332211216,4.36315617692452
2022-01-20,13.6866084632931,5.70340448433
2022-01-21,14.1153049939937,4.35140867123241
2022-01-22,11.8493811342575,3.88055542424126
2022-01-23,11.4836105737246,2.179825125674
2022-01-24,12.2664551306583,2.12870636233663
2022-01-25,13.6836238212694,2.00300707842921
2022-01-26,14.1937446749313,3.65466556978375
2022-01-27,12.5473683534554,6.17445724540708
2022-01-28,11.5393930151983,5.33184618258395
2022-01-29,9.81053495488445,7.12974153842838
2022-01-30,10.5905974486378,6.8138534654626
2022-01-31,12.5700828005223,5.39408146273194
2022-02-01,11.9425569115596,6.51221260984197
2022-02-02,10.0407439953934,5.82622262446153
2022-02-03,9.76560332110272,3.49101526460858
2022-02-04,9.65571684772746,5.60859032930912
2022-02-05,11.406053079338,6.01789830491435
2022-02-06,10.3068981502755,8.0606595174019
2022-02-07,11.9332587423363,6.31549434573598
2022-02-08,9.66901892442323,5.13923369831947
2022-02-09,8.00980616735023,4.09813710429619
2022-02-10,9.88605782312799,3.56468368702791
2022-02-11,12.5335274512735,4.24570518950321
2022-02-12,14.150193115796,3.19996180086807
2022-02-13,11.6178165311489,4.21699727163832
2022-02-14,8.42029933101702,4.79983152853373
2022-02-15,9.44461578458194,4.71086260613624
2022-02-16,7.46047216373475,7.32651871538596
2022-02-17,6.61926423188995,9.89559053739034
2022-02-18,7.36181852123895,7.2972522281905
2022-02-19,10.0681165093908,8.32637351130324
2022-02-20,8.54204514577116,7.72366228629029
2022-02-21,10.1509380250246,8.68647300546373
2022-02-22,9.71258569430393,6.23575856823383
2022-02-23,8.93903685935731,4.40289271313001
2022-02-24,9.18269837275391,5.26811748708265
2022-02-25,12.2760138331257,5.39560983508021
2022-02-26,12.5396247191586,2.59803224353317
2022-02-27,12.9376025733187,3.51125658891282
2022-02-28,12.8545941339376,3.02430019357458
2022-03-01,13.0738170093401,2.56727211670452
2022-03-02,12.7952383073491,1.80689113506554
2022-03-03,13.1616523707387,2.36623444226724
2022-03-04,13.9722079275035,2.81343270739686
2022-03-05,14.195738328809,2.62658262432732
2022-03-06,14.6889949166154,2.93270960538756
2022-03-07,14.2493043613922,3.05334448856137
2022-03-08,12.8445521895121,3.06678115903775
2022-03-09,11.0652272921406,2.15135359639274
2022-03-10,9.5890410244691,3.42017905928025
2022-03-11,10.115619530585,5.40307607726104
2022-03-12,8.99510390658142,3.69379055609997
2022-03-13,8.1425363992709,3.28346387123588
2022-03-14,8.19257576610127,3.04349773376911
2022-03-15,9.04058047431909,2.02449271048916
2022-03-16,8.20379386546078,3.27341545877122
2022-03-17,8.08625324786422,3.20086605523603
2022-03-18,8.50171053450751,3.55634807111069
2022-03-19,9.42512255452109,4.94284082763435
2022-03-20,8.19388227815103,4.75779183162111
2022-03-21,7.08159266034066,2.68100675291673
2022-03-22,6.63774193830798,2.02810014706146
2022-03-23,6.13709474535581,1.68075827246099
2022-03-24,6.23289587252994,1.67193029427167
2022-03-25,6.09462626560743,2.25130873079706
2022-03-26,5.73398214174198,3.05577316843283
2022-03-27,5.71192357080596,2.11503265328588
2022-03-28,5.3136172272006,2.62194335782281
2022-03-29,6.56416416825099,2.6575748501615
2022-03-30,9.10598485616583,2.45515494847209
2022-03-31,11.2768022977467,3.76701008565555
2022-04-01,13.835269075301,5.11547500054446
2022-04-02,14.4178877541396,4.5340640231377
2022-04-03,13.9710815248208,2.89212996024257
2022-04-04,12.020494916898,6.41940156453071
2022-04-05,8.03477507993474,5.35384838290782
2022-04-06,5.41297050385322,5.61811001790138
2022-04-07,5.99168493846151,8.22488446129014
2022-04-08,9.44077892773558,5.24577788985491
2022-04-09,10.954362185855,5.19009614282989
2022-04-10,10.9507526898763,3.76749141913013
2022-04-11,8.29324614887101,2.67899055380065
2022-04-12,3.42911650709384,3.44306109332098
2022-04-13,0.914992430223498,2.35356430689082
2022-04-14,2.09455032372003,2.62197349009466
2022-04-15,5.23597105507662,3.22280606689931
2022-04-16,7.34864166065912,3.80945188692191
2022-04-17,7.0731449309423,3.04976609412845
2022-04-18,5.80014808604907,2.38315027986701
2022-04-19,5.84978098438806,3.15682320532115
2022-04-20,6.48551459622448,3.33901762179609
2022-04-21,6.05277308236468,3.40757529631611
2022-04-22,4.74214129930394,4.43549067584377
2022-04-23,4.04928761195459,4.74874680162166
2022-04-24,5.40465096573652,4.30910352255175
2022-04-25,6.31630921344976,2.68539763877907
2022-04-26,6.54217431294085,2.39795147932781
2022-04-27,5.57721959901621,2.29423178436432
2022-04-28,4.97497825657716,2.38857769952608
2022-04-29,4.57812666319612,2.29901502471931
2022-04-30,5.57637335136104,2.60257203018781
2022-05-01,5.00004130778328,2.07562292773362
2022-05-02,3.2027756258067,2.15030073766673
2022-05-03,3.36329719725557,2.51363030999291
2022-05-04,3.37306774860081,2.02270446751442
2022-05-05,2.93542052554823,2.00944960984982
2022-05-06,2.10813449399111,2.01179451307041
2022-05-07,1.27094292466802,2.25788659197301
2022-05-08,2.34799075416135,2.84780752712364
2022-05-09,0.439577865709652,2.23054064341579
2022-05-10,0.0100248306082657,2.83229629004648
2022-05-11,0.0881519399589911,4.1126036264721
2022-05-12,0.301066032913874,4.09735225701497
2022-05-13,1.01287102700978,3.58635404934189
2022-05-14,0.293417074187609,2.70645723407884
2022-05-15,0.27414202755814,2.31310556423219
2022-05-16,0.0405607767736876,2.90558597110017
2022-05-17,0.0378702197826151,2.28163021369086
2022-05-18,0,2.85553734024824
2022-05-19,0,3.00648555106666
2022-05-20,0.0496453203174204,3.32224588251311
2022-05-21,0.732691957627919,4.51882711101388
2022-05-22,0.429897251797069,1.96007385891059
2022-05-23,0,3.87307357206084
2022-05-24,0.818412480057881,3.78423581310432
2022-05-25,0.772249193798024,3.30467886362763
2022-05-26,0.189634081791152,4.56185917422122
2022-05-27,1.2104682150861,5.37845117152322
2022-05-28,3.70659987307323,4.62470614255438
2022-05-29,5.2287703422298,2.80705781349537
2022-05-30,4.65036505307779,2.01715157679395
2022-05-31,2.20495377062634,2.19302486821272
2022-06-01,1.82247080877163,2.93386513559234
2022-06-02,1.37025234648761,2.46880637925563
2022-06-03,0.130929862199196,2.55722306807871
2022-06-04,0.126616592807234,2.69747145545529
2022-06-05,0,3.4466581643148
2022-06-06,0,3.7973563577891
2022-06-07,0.12988360439671,3.22667966355517
2022-06-08,0.0648646502218257,2.65456559447377
2022-06-09,0.365301827618825,3.27646054151552
2022-06-10,0,2.43453072490587
2022-06-11,0,2.36836944537968
2022-06-12,0,2.69072075687158
2022-06-13,0.389550994214646,3.50560868469882
2022-06-14,0.411046887229227,2.2584585477456
2022-06-15,0,2.11978356246419
2022-06-16,0,2.93191646215609
2022-06-17,0,2.15506328775225
2022-06-18,0,2.87054094297674
2022-06-19,0.0788990746693358,3.70965747821079
2022-06-20,0.423421553411482,3.36489356067945
2022-06-21,0.00222774013517044,2.44457974767636
2022-06-22,0,2.05679093246926
2022-06-23,0,2.5607446583719
2022-06-24,0,3.17119082007197
2022-06-25,0,2.31163818398432
2022-06-26,0,2.31959057895126
2022-06-27,0,2.9195512650341
2022-06-28,0,2.46491511620025
2022-06-29,0,2.34794162544417
2022-06-30,0,2.56733389408513
2022-07-01,0.0913751796929747,3.22065559448832
2022-07-02,0,2.51183181027255
2022-07-03,0,2.70241193404161
2022-07-04,0,2.76470107623434
2022-07-05,0,2.78452379688248
2022-07-06,0.0147858438054102,3.22216337517811
2022-07-07,0.113806492357631,4.17146248974401
2022-07-08,0.0505362688157679,3.42596109548681
2022-07-09,0,3.29548416619555
2022-07-10,0.209403518230907,3.65486036797942
2022-07-11,0.00637434973717946,2.44570207002869
2022-07-12,0,2.08011059727703
2022-07-13,0,2.96084271678042
2022-07-14,0.00175026992654279,3.30297419106247
2022-07-15,0,2.92964190404787
2022-07-16,0,3.57464740227203
2022-07-17,0,2.19358661834905
2022-07-18,0,1.8521379331817
2022-07-19,0,2.45195113089429
2022-07-20,0,3.14386003175202
2022-07-21,0,3.16952281395939
2022-07-22,0,2.49144103018854
2022-07-23,0,2.57237205347203
2022-07-24,0,2.11394192433167
2022-07-25,0,3.6441701140127
2022-07-26,0,3.62504118482019
2022-07-27,0,2.97546857928536
2022-07-28,0.0140021594123383,2.72925824716487
2022-07-29,0,2.66146430995859
2022-07-30,0,2.62809192867717
2022-07-31,0,2.60789303716332
2022-08-01,0,2.92286698684533
2022-08-02,0,2.08088110387452
2022-08-03,0,2.05520050073699
2022-08-04,0,2.38465346191742
2022-08-05,0,3.25498225657567
2022-08-06,0,2.89051461119653
2022-08-07,0,2.32792455395753
2022-08-08,0,2.43789388942685
2022-08-09,0,2.89438549665143
2022-08-10,0,2.92549447970262
2022-08-11,0,2.89511410139454
2022-08-12,0,2.99304549053683
2022-08-13,0,2.59206347238329
2022-08-14,0,2.72360176559852
2022-08-15,0,2.81912936392267
2022-08-16,0,2.14649399324979
2022-08-17,0,2.05987371527767
2022-08-18,0,2.40698416611738
2022-08-19,0,2.79182872531188
2022-08-20,0,2.56668275248433
2022-08-21,0,2.06739054730194
2022-08-22,0,2.06223964007662
2022-08-23,0,2.33950828122474
2022-08-24,0,2.31285713668966
2022-08-25,0,2.50812895313574
2022-08-26,0,2.65219403922776
2022-08-27,0,2.72050338060724
2022-08-28,0,2.96710896722533
2022-08-29,0,2.0953764673601
2022-08-30,0,2.40904073921877
2022-08-31,0,2.72337346431871
2022-09-01,0.000968536708260241,2.78881933673983
2022-09-02,0.0298554708012836,3.07821241807967
2022-09-03,0,3.01766154774207
2022-09-04,0,2.17806971113991
2022-09-05,0,2.61401181968172
2022-09-06,0,2.84454304815303
2022-09-07,0,2.45038107555994
2022-09-08,0.0147493733722489,3.09751242892327
2022-09-09,0.109932293813944,3.08984905194732
2022-09-10,0.294656845236456,2.91134540494609
2022-09-11,0.213844465405827,2.24955693240016
2022-09-12,0.189559769390257,1.76221237353636
2022-09-13,0,2.30420186182121
2022-09-14,0.32083094467248,2.16690950064104
2022-09-15,0.755649623893476,3.43936999193711
2022-09-16,2.83640009165531,4.1613876850097
2022-09-17,4.58220151766885,4.95747028042116
2022-09-18,5.14796664798309,4.95595809951655
2022-09-19,4.5814525070648,3.90344748172844
2022-09-20,5.0221224474079,2.49348707115508
2022-09-21,5.59449150827687,1.70419727580884
2022-09-22,4.97531480506574,1.70708098166664
2022-09-23,3.75657381632147,1.8282171261532
2022-09-24,2.86148188616513,1.70793298423519
2022-09-25,3.19602628913696,2.11717260799289
2022-09-26,4.14610745319787,4.02547147207485
2022-09-27,5.65080638055442,4.18713516443762
2022-09-28,6.55838776008635,2.6679538625871
2022-09-29,6.46911513447695,1.61482626829879
2022-09-30,5.43517329216077,2.14213506937421
2022-10-01,4.11899431196171,4.68557128130949
2022-10-02,2.75961787988509,3.80834186749326
2022-10-03,3.91895031823149,2.76819945386107
2022-10-04,3.5440405722415,2.37429594849168
2022-10-05,1.02897707476052,3.94282800519911
2022-10-06,1.88975643037161,3.54264937680079
2022-10-07,3.49131038084755,2.53754489731355
2022-10-08,3.78911695793848,3.07668620855905
2022-10-09,5.4947472161967,2.69106385577561
2022-10-10,3.29852213992921,2.83544188264448
2022-10-11,4.84580360447463,1.96563777001057
2022-10-12,5.30764410935038,1.65667973294364
2022-10-13,3.68020017754548,2.20844599047771
2022-10-14,1.98310353224449,2.60039124451772
2022-10-15,0.605077551471299,3.35682131487631
2022-10-16,0.228063217245388,2.83404238824708
2022-10-17,0.1073585649917,2.58715317417175
2022-10-18,1.00565863176697,2.06307295345726
2022-10-19,4.53499045175029,2.53194448751994
2022-10-20,4.56479097819109,3.36893872843364
2022-10-21,1.82541640505191,2.75968286212292
2022-10-22,1.33422130706679,2.67612713114135
2022-10-23,1.40211492014236,2.79534727008881
2022-10-24,0.538216142929461,4.37372771408142
2022-10-25,2.36729540212666,3.1470012060966
2022-10-26,1.87229082687733,2.46353055715895
2022-10-27,0.935253360677605,2.38116132263843
2022-10-28,0.229129435956796,2.68204033379532
2022-10-29,0.314749977063924,1.89545956816491
2022-10-30,0.454766058592405,1.77091841683037
2022-10-31,2.2484553189572,1.89359086283066
2022-11-01,2.01915200175922,3.78497058404079
2022-11-02,4.76762914380971,3.94260473668755
2022-11-03,5.5979086538973,3.5876425167829
2022-11-04,5.99928776167494,2.83057074682589
2022-11-05,7.56748198915349,2.76689355632613
2022-11-06,7.67457228835618,3.96343733189156
2022-11-07,4.35868020961954,4.35267622051635
2022-11-08,3.88683974935924,3.57034582429535
2022-11-09,3.44910563078259,3.9767784537294
2022-11-10,5.34579739859636,3.42878160913679
2022-11-11,7.03769694824599,2.58265132268425
2022-11-12,8.34405055119276,1.52767806736793
2022-11-13,8.55546702520019,2.2892436063189
2022-11-14,8.68196414057015,3.10150940837242
2022-11-15,5.92620446620963,2.88494059367256
2022-11-16,7.06070858238271,3.44159344249418
2022-11-17,7.99649234031312,4.99899380712154
2022-11-18,10.2817505641962,3.55485982501768
2022-11-19,14.611185183131,2.64465996891998
2022-11-20,13.8944205023506,2.75661047375474
2022-11-21,12.6809604231884,3.33773813036039
2022-11-22,11.1043586208272,3.8252034233503
2022-11-23,9.60333627739253,3.44475016430455
2022-11-24,9.26644145980776,3.18854534910822
2022-11-25,9.53038202222546,2.53858850223987
2022-11-26,9.69075049950976,2.34776964486971
2022-11-27,11.0127748091393,2.86569127910012
2022-11-28,10.3384649095976,2.74077470429901
2022-11-29,9.9234252663558,1.96918267999924
2022-11-30,10.8579750490382,2.28984680012927
2022-12-01,12.5040865687369,2.61765086348173
2022-12-02,13.8927287544394,3.13633848263492
2022-12-03,15.0223045151652,3.39771700884821
2022-12-04,14.0676943274785,3.20548421718465
2022-12-05,13.0334354814924,2.17052158936721
2022-12-06,13.0508610549373,2.30447683255629
2022-12-07,12.7543623259548,3.1873685020934
2022-12-08,13.902894263848,2.52337518880848
2022-12-09,15.6040474730867,1.75889260266165
2022-12-10,16.375787517294,1.93842187371682
2022-12-11,17.4445091217632,1.79228374528536
2022-12-12,18.7068785856144,1.81652447282474
2022-12-13,20.460109049806,2.22515183837764
2022-12-14,19.6536313743903,2.05135891056309
2022-12-15,19.409610236932,2.10012306110499
2022-12-16,19.4748735551551,1.6868461211926
2022-12-17,20.7859681532678,1.71685128047153
2022-12-18,20.5929476167233,3.0209491972891
2022-12-19,13.5099241457802,3.93674185810838
2022-12-20,8.7451814965952,3.59444663907347
2022-12-21,8.45665227098526,3.18002518212037
2022-12-22,7.29660690163173,4.21445123626976
2022-12-23,6.68457788260581,3.60356701688921
2022-12-24,7.10766794013943,3.85449996224522
2022-12-25,7.45752224300175,2.74747477696208
2022-12-26,7.16723029963154,4.56386546654044
2022-12-27,11.3847987321417,4.42101657204601
2022-12-28,9.148115678052,5.23990142520661
2022-12-29,6.2241911839345,5.94232565255132
2022-12-30,7.98215184057835,5.10868520150032
2022-12-31,1.72720438045415,6.09738398269613
2023-01-01,2.87843783318415,4.86291453369791
2023-01-02,4.9391646339474,4.23814164894004
2023-01-03,9.38123679011074,3.01200979228785
2023-01-04,7.38167433970412,6.61377197069411
2023-01-05,6.19576977368934,5.55709113799741
2023-01-06,7.00206750449049,3.95366643240143
2023-01-07,7.21392151125529,3.58525304860989
2023-01-08,8.24705155181771,3.79745295086235
2023-01-09,9.38254639337457,4.4090436795099
2023-01-10,10.2739100295687,4.58294490684514
2023-01-11,8.0352004480643,5.07233455844662
2023-01-12,7.25376133044795,6.76832666564697
2023-01-13,7.58498379430584,6.46630200763199
2023-01-14,8.24245851222159,5.8199722570003
2023-01-15,9.57466542824091,6.40945995979486
2023-01-16,11.5960264857577,5.44019730748462
2023-01-17,13.428313531625,3.57976960167329
2023-01-18,15.5592536331326,2.62556732316052
2023-01-19,15.2933698467385,3.46659574512094
2023-01-20,15.5739961686744,2.16616761047206
2023-01-21,16.3232222822453,3.35699348425473
2023-01-22,14.8908640115834,2.98652516526631
2023-01-23,14.0881218966775,3.27046536667156
2023-01-24,13.9804904810871,3.08578597487385
2023-01-25,15.422805963478,2.08187827264474
2023-01-26,15.7293785170978,1.84904617076025
2023-01-27,14.1533254620517,3.11420144561067
2023-01-28,15.4641104871935,2.51268672607434
2023-01-29,15.8816612058024,3.43321519295688
2023-01-30,12.3435621790581,6.55685294435162
2023-01-31,11.5663327640393,5.92692851320084
2023-02-01,10.5815545014949,6.95434939949695
2023-02-02,10.5772446179474,5.50156217667696
2023-02-03,8.80040536933958,7.19149935257676
2023-02-04,11.9735969498947,2.69822310931494
2023-02-05,14.2247160018496,2.28858356988647
2023-02-06,15.1504428842074,2.3037919533696
2023-02-07,16.9840496451742,2.17334300795342
2023-02-08,16.7585861984707,2.65707954699698
2023-02-09,16.2933360231686,2.69069211037875
2023-02-10,13.8793046448386,3.10492578254225
2023-02-11,11.1419203367262,3.75510863738359
2023-02-12,9.56816802220902,2.11750772301438
2023-02-13,10.4614877312715,1.99762708825158
2023-02-14,11.7808657939169,1.74529130714893
2023-02-15,12.5442681134951,2.11236996712803
2023-02-16,10.3244377913827,3.07802691878018
2023-02-17,5.61428460474026,6.35226888677367
2023-02-18,6.07728886602183,6.11298261256135
2023-02-19,8.3208548295773,4.51410842417941
