Datum,"Frontjahr, Euro/MWh","Day-Ahead (1 MW), Euro/MWh"
02.05.2013,26.26,26.97
03.05.2013,26.51,26.95
06.05.2013,26.51,26.85
07.05.2013,26.6,26.75
08.05.2013,26.45,26.6
10.05.2013,26.39,26.75
13.05.2013,26.44,26.8
14.05.2013,26.39,26.79
15.05.2013,26.51,26.85
16.05.2013,26.6,26.92
17.05.2013,26.65,26.84
21.05.2013,26.75,27.43
22.05.2013,26.6,27.75
23.05.2013,26.44,27.62
24.05.2013,26.39,27.26
27.05.2013,26.5,26.95
28.05.2013,26.51,27.1
29.05.2013,26.57,27.15
30.05.2013,26.46,26.87
31.05.2013,26.53,26.9
03.06.2013,26.46,26.95
04.06.2013,26.446,26.77
05.06.2013,26.488,26.58
06.06.2013,26.44,26.46
07.06.2013,26.431,26.4
10.06.2013,26.385,26.33
11.06.2013,26.327,26.59
12.06.2013,26.505,26.64
13.06.2013,26.485,26.52
14.06.2013,26.915,26.57
17.06.2013,26.998,26.4
18.06.2013,26.708,26.41
19.06.2013,26.774,26.35
20.06.2013,26.635,26.55
21.06.2013,26.5,26.4
24.06.2013,26.474,26.24
25.06.2013,26.532,26.3
26.06.2013,26.549,26.48
27.06.2013,26.513,26.22
28.06.2013,26.567,26.23
01.07.2013,26.595,26.45
02.07.2013,26.598,26.3
03.07.2013,26.743,26.75
04.07.2013,26.631,26.45
05.07.2013,26.662,26.36
08.07.2013,26.657,26.23
09.07.2013,26.646,26.36
10.07.2013,26.663,26.54
11.07.2013,26.638,26.45
12.07.2013,26.584,26.43
15.07.2013,26.551,26.26
16.07.2013,26.438,26.24
17.07.2013,26.563,26.39
18.07.2013,26.687,26.33
19.07.2013,26.61,26.2
22.07.2013,26.665,26.26
23.07.2013,26.663,26.27
24.07.2013,26.613,26.38
25.07.2013,26.513,26.24
26.07.2013,26.513,26.15
29.07.2013,26.463,26.18
30.07.2013,26.382,26.18
31.07.2013,26.351,26.09
01.08.2013,26.488,25.29
02.08.2013,26.467,25.36
05.08.2013,26.527,25.42
06.08.2013,26.463,25.76
07.08.2013,26.598,26
08.08.2013,26.523,25.91
09.08.2013,26.474,26
12.08.2013,26.367,25.94
13.08.2013,26.416,25.97
14.08.2013,26.472,25.99
15.08.2013,26.5,25.85
16.08.2013,26.563,25.8
19.08.2013,26.413,25.81
20.08.2013,26.319,25.74
21.08.2013,26.384,26.03
22.08.2013,26.428,25.87
23.08.2013,26.323,25.6
27.08.2013,26.41,25.65
28.08.2013,26.713,25.785
29.08.2013,26.716,25.7
30.08.2013,26.645,25.86
02.09.2013,26.775,25.987
03.09.2013,26.788,25.961
04.09.2013,26.864,25.95
05.09.2013,26.921,25.995
06.09.2013,27.055,26.6
09.09.2013,27.075,26.9
10.09.2013,26.845,26.613
11.09.2013,26.911,26.913
12.09.2013,26.982,27.079
13.09.2013,26.924,27.125
16.09.2013,26.819,26.938
17.09.2013,26.613,26.8
18.09.2013,26.69,26.9
19.09.2013,26.538,26.9
20.09.2013,26.592,26.925
23.09.2013,26.463,26.65
24.09.2013,26.376,26.506
25.09.2013,26.486,26.65
26.09.2013,26.566,26.607
27.09.2013,26.578,26.671
30.09.2013,26.521,26.685
01.10.2013,26.4,25.98
02.10.2013,26.4,26.125
04.10.2013,26.375,26.293
07.10.2013,26.56,26.491
08.10.2013,26.625,26.725
09.10.2013,26.515,26.883
10.10.2013,26.534,27.021
11.10.2013,26.543,26.654
14.10.2013,26.559,27.039
15.10.2013,26.592,26.832
16.10.2013,26.542,26.32
17.10.2013,26.518,26.168
18.10.2013,26.563,26.128
21.10.2013,26.469,26.181
22.10.2013,26.5,26.149
23.10.2013,26.459,26.187
24.10.2013,26.39,26
25.10.2013,26.382,25.699
28.10.2013,26.418,25.9
29.10.2013,26.352,26.063
30.10.2013,26.374,26.3
31.10.2013,26.463,25.019
01.11.2013,26.425,26.164
04.11.2013,26.476,26.193
05.11.2013,26.641,26.767
06.11.2013,26.622,26.1
07.11.2013,26.609,26.14
08.11.2013,26.675,26.109
11.11.2013,26.798,26.542
12.11.2013,26.85,27.195
13.11.2013,26.966,27.262
14.11.2013,27.057,27.439
15.11.2013,27.236,27.281
18.11.2013,27.203,27.78
19.11.2013,27.107,27.91
20.11.2013,27.012,27.699
21.11.2013,27.126,27.681
22.11.2013,27.15,27.768
25.11.2013,27.125,27.883
26.11.2013,27.143,28.113
27.11.2013,27.246,28.113
28.11.2013,27.288,28.344
29.11.2013,27.349,28
02.12.2013,27.588,28.675
03.12.2013,27.981,29.175
04.12.2013,27.789,28.764
05.12.2013,27.508,28.377
06.12.2013,27.489,28.151
09.12.2013,27.271,27.8
10.12.2013,27.14,27.802
11.12.2013,27.017,27.836
12.12.2013,27.036,27.6
13.12.2013,27.1,27.446
16.12.2013,27.163,27.822
17.12.2013,27.187,27.802
18.12.2013,27.323,27.755
19.12.2013,27.329,27.7
20.12.2013,27.475,27.473
23.12.2013,27.31,26.4
27.12.2013,26.5,27.05
30.12.2013,26.45,27.05
02.01.2014,26.45,26.736
03.01.2014,26.325,26.51
06.01.2014,26.361,26.825
07.01.2014,26.275,26.798
08.01.2014,26.275,26.94
09.01.2014,26.287,26.944
10.01.2014,26.233,26.9
13.01.2014,26.075,26.404
14.01.2014,26.086,26.472
15.01.2014,26.183,26.41
16.01.2014,26.334,26.311
17.01.2014,26.327,26.403
20.01.2014,26.317,26.6
20.01.2014,23.55,20.694
21.01.2014,26.295,26.508
21.01.2014,23.515,22.019
22.01.2014,26.3,26.568
22.01.2014,23.809,22.916
23.01.2014,26.25,26.501
23.01.2014,23.7,22.861
24.01.2014,26.138,26.566
24.01.2014,23.612,22.429
27.01.2014,26.025,26.151
28.01.2014,26.078,26.218
29.01.2014,26.063,25.984
30.01.2014,26,25.714
31.01.2014,25.738,25.3
03.02.2014,25.555,24.743
04.02.2014,25.53,24.65
05.02.2014,25.382,24.493
06.02.2014,25.621,24.673
07.02.2014,25.767,24.888
10.02.2014,25.88,24.792
11.02.2014,25.904,24.78
12.02.2014,26.152,25.004
13.02.2014,25.85,24.44
14.02.2014,25.703,24.241
17.02.2014,25.75,24.142
18.02.2014,25.749,24.138
19.02.2014,25.67,23.988
20.02.2014,25.689,23.834
21.02.2014,25.542,23.682
24.02.2014,25.355,23.204
25.02.2014,25.282,23.167
26.02.2014,25.292,23.209
27.02.2014,25.463,23.607
28.02.2014,25.181,22.95
03.03.2014,26.088,25.025
04.03.2014,25.453,23.979
05.03.2014,25.425,23.811
06.03.2014,25.494,24.16
07.03.2014,25.575,23.907
10.03.2014,25.189,23.629
11.03.2014,25.067,23.455
12.03.2014,25.169,23.268
13.03.2014,25.239,23.477
14.03.2014,25.236,23.945
17.03.2014,25.049,23.11
18.03.2014,25.055,22.905
19.03.2014,24.825,22.576
20.03.2014,24.832,22.266
21.03.2014,24.864,21.991
24.03.2014,24.775,22.804
25.03.2014,24.7,22.551
26.03.2014,24.799,22.59
27.03.2014,24.7,22.257
28.03.2014,24.598,21
31.03.2014,24.245,21.317
01.04.2014,24.023,20.827
02.04.2014,23.477,20.3
03.04.2014,23.636,19.853
04.04.2014,23.742,19.85
07.04.2014,24.527,21.317
08.04.2014,24.255,20.872
09.04.2014,24.401,21.469
10.04.2014,24.378,21.339
11.04.2014,24.643,21.562
14.04.2014,25.092,22.299
15.04.2014,25.005,22.063
16.04.2014,25.139,22.05
17.04.2014,24.775,21.54
22.04.2014,24.41,20.4
23.04.2014,24.548,20.574
24.04.2014,25.06,19.681
25.04.2014,25.216,20.5
28.04.2014,24.834,20.272
29.04.2014,24.7,20.088
30.04.2014,24.502,19.203
02.05.2014,24.999,19.781
05.05.2014,,
06.05.2014,24.596,19.193
07.05.2014,24.149,19.044
08.05.2014,24.411,19.5
09.05.2014,24.551,19.171
12.05.2014,24.673,19.7
13.05.2014,24.75,20.288
14.05.2014,24.687,20.113
15.05.2014,24.468,19.206
16.05.2014,24.475,19.175
19.05.2014,24.513,19.058
20.05.2014,24.494,19.651
21.05.2014,24.669,19.531
22.05.2014,24.729,19.474
23.05.2014,24.75,18.975
27.05.2014,24.615,19.259
28.05.2014,24.525,18.576
30.05.2014,24.562,18.35
02.06.2014,24.375,18.217
03.06.2014,24.342,18.704
04.06.2014,24.225,17.443
05.06.2014,24.244,17.033
06.06.2014,24.08,16.3
09.06.2014,24.175,16.366
10.06.2014,24.175,16.867
11.06.2014,24.23,17.677
12.06.2014,24.352,16.952
13.06.2014,24.886,17.888
16.06.2014,25.05,18.194
17.06.2014,24.45,17.73
18.06.2014,24.6,17.804
19.06.2014,24.6,17.21
20.06.2014,24.738,17.872
23.06.2014,24.598,17.55
24.06.2014,24.269,17.71
25.06.2014,24.078,17.377
26.06.2014,24.148,17.391
27.06.2014,24.1,17.2
30.06.2014,23.954,16.697
01.07.2014,23.778,16.678
02.07.2014,23.783,16.67
03.07.2014,23.699,15.517
04.07.2014,23.65,15.783
07.07.2014,23.561,15.2
08.07.2014,23.649,16.237
09.07.2014,23.645,15.839
10.07.2014,23.55,15.467
11.07.2014,23.53,15.649
14.07.2014,23.965,16.652
15.07.2014,23.946,16.223
16.07.2014,24.15,16.435
17.07.2014,24.634,16.975
18.07.2014,24.572,16.943
21.07.2014,24.25,16.715
22.07.2014,24.353,16.624
23.07.2014,24.644,17.214
24.07.2014,24.824,17.373
25.07.2014,25.125,18.124
28.07.2014,25.319,18.467
29.07.2014,24.8,18.215
30.07.2014,24.399,17.624
31.07.2014,25.02,17.162
01.08.2014,24.351,16.5
04.08.2014,24.309,16.486
05.08.2014,24.45,16.53
06.08.2014,24.989,16.472
07.08.2014,25.15,16.767
08.08.2014,25.14,16.435
11.08.2014,24.988,16.08
12.08.2014,24.966,16.576
13.08.2014,25.135,17.141
14.08.2014,25.217,17.529
15.08.2014,25.526,19.01
18.08.2014,25.01,18.152
19.08.2014,24.805,17.928
20.08.2014,24.505,17.67
21.08.2014,24.463,17.459
22.08.2014,24.589,17.806
26.08.2014,24.418,18.54
27.08.2014,24.35,18.838
28.08.2014,24.775,19.149
29.08.2014,25.031,19.728
01.09.2014,25.222,21.215
02.09.2014,24.792,20.109
03.09.2014,24.675,20.047
04.09.2014,25.015,20.287
05.09.2014,24.827,20.324
08.09.2014,24.838,20.402
09.09.2014,24.65,19.889
10.09.2014,24.666,19.825
11.09.2014,24.883,19.766
12.09.2014,25,19.5
15.09.2014,25.036,21.185
16.09.2014,25.024,21.935
17.09.2014,24.989,21.8
18.09.2014,25.13,21.538
19.09.2014,24.903,21.364
22.09.2014,25.03,22.127
23.09.2014,24.654,21.352
24.09.2014,24.783,22.181
25.09.2014,24.976,22.624
26.09.2014,24.604,21.331
29.09.2014,24.85,22.666
30.09.2014,24.854,21.219
01.10.2014,24.98,22.603
02.10.2014,24.625,21.886
06.10.2014,24.375,21.802
07.10.2014,24.371,20.644
08.10.2014,24.47,21.01
09.10.2014,24.351,21.474
10.10.2014,24.156,21.59
13.10.2014,23.85,21.68
14.10.2014,23.722,21.321
15.10.2014,23.659,21.205
16.10.2014,23.875,21.655
17.10.2014,23.685,21.25
27.10.2014,23.521,22.342
28.10.2014,23.735,22.406
29.10.2014,23.8,22.601
30.10.2014,23.555,21.595
31.10.2014,23.273,19.892
03.11.2014,23.464,22.335
04.11.2014,23.213,22.321
05.11.2014,23.195,22.318
06.11.2014,23.267,22.368
07.11.2014,23.623,22.544
10.11.2014,23.65,22.982
11.11.2014,23.398,22.989
12.11.2014,23.29,22.755
13.11.2014,23.086,22.645
14.11.2014,22.85,22.575
17.11.2014,23.147,22.978
18.11.2014,23.131,23.2
19.11.2014,23.238,23.137
20.11.2014,23.35,23.442
21.11.2014,23.616,23.15
24.11.2014,23.925,24
25.11.2014,24.678,24.978
26.11.2014,24.439,24.494
27.11.2014,24.225,24.383
28.11.2014,23.851,23.897
01.12.2014,23.6,24.028
02.12.2014,23.404,23.775
03.12.2014,23.424,23.838
04.12.2014,23.149,23.516
05.12.2014,23.13,23.406
08.12.2014,22.95,23.026
09.12.2014,23.11,23.29
10.12.2014,22.914,23.267
11.12.2014,22.72,22.775
12.12.2014,22.711,23.111
15.12.2014,22.473,22.649
16.12.2014,22.411,22.475
17.12.2014,22.355,22.275
18.12.2014,22.575,22.532
19.12.2014,22.251,22.342
22.12.2014,22.128,21.718
23.12.2014,22.196,22
29.12.2014,21.889,22.325
30.12.2014,21.685,21.504
02.01.2015,20.85,20.75
05.01.2015,20.442,20.361
06.01.2015,20.161,19.901
07.01.2015,20.29,19.614
08.01.2015,20.314,19.494
09.01.2015,20.25,19.613
12.01.2015,20.444,20.046
13.01.2015,20.625,20.354
14.01.2015,20.6,20.53
15.01.2015,20.514,20.213
16.01.2015,20.371,19.921
19.01.2015,19.975,19.559
20.01.2015,20.013,19.699
21.01.2015,20.257,19.781
22.01.2015,20.225,19.951
23.01.2015,20.212,19.744
26.01.2015,20.35,20.104
27.01.2015,20.525,20.3
28.01.2015,20.634,20.553
29.01.2015,20.897,21.038
30.01.2015,20.671,20.668
02.02.2015,20.94,21.415
03.02.2015,20.925,21.108
04.02.2015,21.25,21.575
05.02.2015,22.14,22.516
06.02.2015,21.992,21.577
09.02.2015,22.36,21.711
10.02.2015,22.738,22.738
11.02.2015,22.749,23.57
12.02.2015,23.32,24.38
13.02.2015,23.239,24.072
16.02.2015,22.86,23.294
17.02.2015,22.88,23.159
18.02.2015,22.91,23.475
19.02.2015,22.35,22.299
20.02.2015,22.494,22.675
23.02.2015,22.201,22.128
24.02.2015,22.403,22.79
25.02.2015,22.848,23.483
26.02.2015,22.984,23.686
27.02.2015,22.909,23.412
02.03.2015,22.635,23.095
03.03.2015,22.45,22.538
04.03.2015,22.49,22.747
05.03.2015,22.07,22.184
06.03.2015,21.88,21.695
09.03.2015,22.039,21.874
10.03.2015,22.165,21.972
11.03.2015,22.31,22.382
12.03.2015,22.24,22.042
13.03.2015,22.025,21.911
16.03.2015,21.701,21.617
17.03.2015,21.549,21.402
18.03.2015,21.739,21.801
19.03.2015,21.594,21.366
20.03.2015,21.704,21.163
23.03.2015,21.576,21.26
24.03.2015,21.675,21.402
25.03.2015,21.6,21.451
26.03.2015,22.125,22.385
27.03.2015,22.07,21.99
30.03.2015,21.874,21.777
31.03.2015,21.892,22.417
01.04.2015,21.96,23
02.04.2015,21.79,22.485
07.04.2015,21.875,22.497
08.04.2015,21.95,22.159
09.04.2015,21.954,22.394
10.04.2015,22.027,22.817
13.04.2015,22.3,22.673
14.04.2015,22.059,22.227
15.04.2015,22.341,22.14
16.04.2015,22.236,22.071
17.04.2015,21.953,21.895
20.04.2015,21.983,21.638
21.04.2015,22.082,21.526
22.04.2015,22.048,21.544
23.04.2015,21.88,21.209
24.04.2015,22.025,21.512
27.04.2015,21.856,21.519
28.04.2015,21.858,21.176
29.04.2015,21.874,21.49
30.04.2015,21.65,20.652
05.05.2015,21.667,20.619
06.05.2015,21.684,20.64
07.05.2015,21.568,20.275
08.05.2015,21.717,20.411
11.05.2015,22.215,21.035
12.05.2015,22.248,21.097
13.05.2015,22.025,20.849
15.05.2015,21.825,20.521
18.05.2015,21.714,20.972
19.05.2015,21.706,20.808
20.05.2015,21.825,20.813
21.05.2015,21.912,20.751
22.05.2015,21.868,20.594
26.05.2015,21.687,20.709
27.05.2015,21.75,20.739
28.05.2015,21.723,20.986
29.05.2015,21.7,20.605
01.06.2015,21.594,20.495
02.06.2015,21.55,20.636
03.06.2015,21.6,20.519
04.06.2015,21.408,20.674
05.06.2015,21.503,20.543
08.06.2015,21.7,20.847
09.06.2015,21.652,20.768
10.06.2015,21.731,20.868
11.06.2015,21.575,20.459
12.06.2015,21.586,20.619
15.06.2015,21.537,20.597
16.06.2015,21.575,20.631
17.06.2015,21.575,20.574
18.06.2015,21.575,20.603
19.06.2015,21.744,22.075
22.06.2015,21.884,21.05
23.06.2015,21.889,21.178
24.06.2015,21.805,20.974
25.06.2015,21.75,20.936
26.06.2015,21.75,20.751
29.06.2015,21.725,20.663
30.06.2015,21.851,20.864
01.07.2015,21.8,20.92
02.07.2015,21.88,21.09
03.07.2015,21.03,21.08
06.07.2015,21.5,20.99
07.07.2015,21.4,20.89
08.07.2015,21.08,20.86
09.07.2015,21.4,21.1
10.07.2015,21.39,21.01
13.07.2015,21.42,21.19
14.07.2015,21.29,21.18
15.07.2015,21.41,21.21
16.07.2015,21.47,21.2
17.07.2015,21.42,21.13
20.07.2015,21.3,21.25
21.07.2015,21.16,21.06
22.07.2015,21.2,20.85
23.07.2015,21.1,20.71
24.07.2015,21.02,20.69
27.07.2015,20.9,20.67
28.07.2015,20.95,20.89
29.07.2015,20.98,20.85
30.07.2015,21.07,21.22
31.07.2015,20.74,20.69
03.08.2015,20.45,20.68
04.08.2015,20.41,20.37
05.08.2015,20.5,20.58
06.08.2015,20.53,20.69
07.08.2015,20.34,20.19
10.08.2015,20.38,20.2
11.08.2015,20.44,20.35
12.08.2015,20.2,19.82
13.08.2015,20.19,19.54
14.08.2015,20.25,19.8
17.08.2015,20.19,19.81
18.08.2015,20.27,19.94
19.08.2015,20.09,19.58
20.08.2015,19.9,19.35
21.08.2015,19.73,19
24.08.2015,19.25,18.91
25.08.2015,19.54,19.22
26.08.2015,19.35,19.32
27.08.2015,19.48,19.18
28.08.2015,19.63,19.63
01.09.2015,19.9,19.72
02.09.2015,19.9,19.87
03.09.2015,20.06,20.13
04.09.2015,19.9,19.7
07.09.2015,19.72,19.63
08.09.2015,19.82,19.55
09.09.2015,19.85,19.56
10.09.2015,19.84,19.57
11.09.2015,19.75,19.47
14.09.2015,19.6,19.32
15.09.2015,19.43,19.39
16.09.2015,19.59,19.48
17.09.2015,19.49,19.42
18.09.2015,19.39,19.24
21.09.2015,19.3,19.02
22.09.2015,19.38,19.42
23.09.2015,19.28,19.24
24.09.2015,19.05,18.88
25.09.2015,19.22,18.79
28.09.2015,18.96,18.93
29.09.2015,18.95,18.87
30.09.2015,18.9,18.4
01.10.2015,18.72,18.33
02.10.2015,18.54,17.99
05.10.2015,18.72,18
06.10.2015,19.17,18.7
07.10.2015,19.06,18.84
08.10.2015,19.16,18.72
09.10.2015,19.11,18.64
12.10.2015,18.87,18.84
13.10.2015,18.61,18.6
14.10.2015,18.52,18.61
15.10.2015,18.58,18.75
16.10.2015,18.57,18.8
19.10.2015,18.7,18.83
20.10.2015,18.48,18.55
21.10.2015,18.37,18.45
22.10.2015,18.4,18.45
23.10.2015,18.54,18.63
26.10.2015,18.3,18.28
27.10.2015,18.31,18.38
28.10.2015,18.41,18.33
29.10.2015,18.42,18.4
02.11.2015,18.06,18.03
03.11.2015,18.06,17.91
04.11.2015,18.22,17.74
05.11.2015,17.92,17.3
06.11.2015,17.95,17.18
09.11.2015,17.5,16.76
10.11.2015,17.37,17.101
11.11.2015,17.21,16.76
12.11.2015,17.1,16.46
13.11.2015,17.28,16.47
16.11.2015,17.63,16.76
17.11.2015,18.19,17.06
18.11.2015,17.81,17.31
19.11.2015,17.97,17.64
20.11.2015,17.72,17.85
23.11.2015,17.65,17.97
24.11.2015,17.86,17.9
25.11.2015,18.04,18.21
26.11.2015,18.03,18.03
27.11.2015,18.06,18.01
30.11.2015,18.29,17.83
01.12.2015,18.34,18.02
02.12.2015,17.92,17.98
03.12.2015,17.6,17.35
04.12.2015,17.6,17.8
07.12.2015,17.07,16.88
08.12.2015,17,17.02
09.12.2015,16.85,17.01
10.12.2015,16.89,17.29
11.12.2015,16.59,16.53
14.12.2015,16.19,16.13
15.12.2015,16.4,16.19
16.12.2015,16.08,15.51
17.12.2015,16.05,15.49
18.12.2015,15.83,15.35
21.12.2015,15.49,14.59
22.12.2015,15.42,14.49
23.12.2015,15.14,14.18
24.12.2015,15.08,13.5
29.12.2015,15.89,15.7
30.12.2015,16.1,15.03
04.01.2016,15.77,14.85
05.01.2016,15.86,15.18
06.01.2016,15.83,15.43
07.01.2016,15.95,15.76
08.01.2016,15.45,15.1
11.01.2016,15.24,14.87
12.01.2016,14.78,14.51
13.01.2016,14.81,14.63
14.01.2016,14.41,14.17
15.01.2016,14.03,13.97
18.01.2016,14.06,14.28
19.01.2016,14.05,14.31
20.01.2016,13.67,13.66
21.01.2016,13.7,13.52
22.01.2016,14.76,14.04
25.01.2016,14.32,13.26
26.01.2016,14.58,13.36
27.01.2016,14.92,13.53
28.01.2016,15.38,13.97
29.01.2016,15.46,13.64
01.02.2016,14.93,13.14
02.02.2016,14.68,13.2
03.02.2016,14.93,13.45
04.02.2016,14.57,12.91
05.02.2016,14.44,12.75
08.02.2016,14.2,12.62
09.02.2016,14.05,12.66
10.02.2016,13.76,12.61
11.02.2016,13.8,12.55
12.02.2016,14.35,12.64
15.02.2016,14.23,12.92
16.02.2016,13.98,12.7
17.02.2016,14.08,12.63
18.02.2016,14.22,12.74
19.02.2016,14.101,12.33
22.02.2016,14.41,12.95
23.02.2016,14.2,12.76
24.02.2016,13.97,12.82
25.02.2016,13.91,12.57
26.02.2016,14.14,12.75
29.02.2016,14.14,12.9
01.03.2016,14.17,12.69
02.03.2016,14.23,12.76
03.03.2016,14.1,12.73
04.03.2016,13.97,12.64
07.03.2016,14.12,12.74
08.03.2016,14.1,12.76
09.03.2016,14.2,12.74
10.03.2016,14.03,12.43
11.03.2016,14.07,12.7
14.03.2016,13.95,12.74
15.03.2016,13.77,12.6
16.03.2016,13.83,12.67
17.03.2016,13.96,12.42
18.03.2016,14.03,12.35
21.03.2016,13.89,12.2
22.03.2016,13.88,12.24
23.03.2016,13.85,12.2
24.03.2016,13.88,12.06
29.03.2016,13.78,12.29
30.03.2016,13.8,12.11
31.03.2016,13.75,12.22
01.04.2016,13.58,11.69
04.04.2016,13.45,11.39
05.04.2016,13.39,11.52
06.04.2016,13.48,11.55
07.04.2016,13.31,11.36
08.04.2016,13.5,11.36
11.04.2016,13.55,11.3
12.04.2016,13.68,11.46
13.04.2016,13.67,11.52
14.04.2016,13.55,11.34
15.04.2016,13.53,11.45
18.04.2016,13.57,11.79
19.04.2016,13.88,11.91
20.04.2016,14.12,12
21.04.2016,14.85,12.5
22.04.2016,15.23,13.11
25.04.2016,15.15,13.78
26.04.2016,15.97,14.31
27.04.2016,16.1,14.68
28.04.2016,15.13,13.2
29.04.2016,15.02,13.25
03.05.2016,14.55,12.45
04.05.2016,14.77,12.55
05.05.2016,15.18,12.42
06.05.2016,15.08,12.72
09.05.2016,15.11,12.48
10.05.2016,15.18,12.72
11.05.2016,15.28,13.13
12.05.2016,15.19,13.05
13.05.2016,15.1,13.05
17.05.2016,15.47,13.27
18.05.2016,15.39,13.25
19.05.2016,15.25,13.02
20.05.2016,15.24,12.92
23.05.2016,14.98,13.19
24.05.2016,15.01,13.02
25.05.2016,15.28,13.01
26.05.2016,15.43,13.19
27.05.2016,15.65,14.2
31.05.2016,15.96,14.38
01.06.2016,15.78,14.36
02.06.2016,15.99,14.7
03.06.2016,16.07,14.52
06.06.2016,16.56,14.76
07.06.2016,16.84,14.94
08.06.2016,16.77,14.54
09.06.2016,16.5,14.35
10.06.2016,16.22,14
13.06.2016,16.09,13.72
14.06.2016,16.32,13.79
15.06.2016,16.46,14.14
16.06.2016,16.44,13.94
17.06.2016,16.67,14.48
20.06.2016,17.48,15.3
21.06.2016,17.12,15.01
22.06.2016,17.8,15.17
23.06.2016,17.42,15.12
24.06.2016,17.1,14.76
27.06.2016,16.54,14.5
28.06.2016,16.55,14.24
29.06.2016,16.94,14.39
30.06.2016,16.89,14.09
01.07.2016,16.87,14.38
04.07.2016,17.22,14.42
05.07.2016,16.85,14.31
06.07.2016,16.83,14.34
07.07.2016,17.03,14.51
08.07.2016,16.76,13.85
11.07.2016,16.73,14.15
12.07.2016,16.92,14.37
13.07.2016,16.74,14.33
14.07.2016,16.86,14.36
15.07.2016,17.48,14.2
18.07.2016,17.11,14.43
19.07.2016,17.12,14.46
20.07.2016,17.2,14.83
21.07.2016,17.37,14.98
22.07.2016,17.62,15.06
25.07.2016,17.03,14.97
26.07.2016,16.93,14.73
27.07.2016,16.88,14.68
28.07.2016,16.64,14.29
29.07.2016,16.55,14.975
01.08.2016,16.25,13.82
02.08.2016,16.09,13.53
03.08.2016,16.01,13.56
04.08.2016,15.97,13.47
05.08.2016,15.76,12.88
08.08.2016,15.82,12.65
09.08.2016,15.85,12.83
10.08.2016,15.8,12.47
11.08.2016,15.78,12.18
12.08.2016,15.73,11.75
15.08.2016,15.67,11.66
16.08.2016,15.9,11.73
17.08.2016,16.03,11.82
18.08.2016,15.95,11.51
19.08.2016,15.74,10.85
22.08.2016,15.42,11.69
23.08.2016,15.54,11.73
24.08.2016,15.34,11.42
25.08.2016,15.33,11.35
26.08.2016,15.67,11.85
30.08.2016,15.59,12.03
31.08.2016,15.35,12
01.09.2016,15.15,12.56
02.09.2016,15.23,12.49
05.09.2016,15.2,12.41
06.09.2016,15.16,12.26
07.09.2016,15.01,11.53
08.09.2016,14.98,11.69
09.09.2016,14.94,11.35
12.09.2016,14.85,10.88
13.09.2016,14.9,11.24
14.09.2016,14.71,11.39
15.09.2016,15.05,11.74
16.09.2016,15.07,12.25
19.09.2016,15.44,13.62
20.09.2016,15.18,12.97
21.09.2016,15.43,13.34
22.09.2016,15.62,13.38
23.09.2016,15.95,13.48
26.09.2016,15.8,13.6
27.09.2016,15.32,12.61
28.09.2016,15.83,13.18
29.09.2016,15.93,13.38
30.09.2016,15.67,12.87
04.10.2016,16.2,13.91
05.10.2016,16.38,14.87
06.10.2016,16.68,15.5
07.10.2016,16.26,15.79
10.10.2016,16.18,15.94
11.10.2016,15.86,15.59
12.10.2016,15.92,15.63
13.10.2016,16.12,15.66
14.10.2016,16.38,15.96
17.10.2016,16.52,16.09
18.10.2016,16.77,16.97
19.10.2016,16.8,17.01
20.10.2016,16.83,17.14
21.10.2016,16.76,16.84
24.10.2016,17.03,17.43
25.10.2016,17.18,17.61
26.10.2016,16.99,17.28
27.10.2016,17.26,17.3
28.10.2016,17.22,16.92
31.10.2016,17.29,17.68
01.11.2016,17.65,18.43
02.11.2016,17.84,18.88
03.11.2016,17.54,18.85
04.11.2016,17.22,18.35
07.11.2016,17.01,18.31
08.11.2016,16.84,17.9
09.11.2016,17.03,18.03
10.11.2016,17.22,18.14
11.11.2016,16.85,18.09
14.11.2016,16.54,17.97
15.11.2016,16.85,17.89
16.11.2016,16.68,17.8
17.11.2016,16.74,17.51
18.11.2016,16.94,17.65
21.11.2016,16.65,17.23
22.11.2016,16.97,17.52
23.11.2016,17.17,17.76
24.11.2016,17.16,17.89
25.11.2016,16.92,17.61
28.11.2016,17.12,18.23
29.11.2016,17.07,18.25
30.11.2016,17.33,18.32
01.12.2016,17.39,18.43
02.12.2016,17.08,17.73
05.12.2016,16.61,17.3
06.12.2016,16.09,16.78
07.12.2016,16,16.49
08.12.2016,16.27,16.84
09.12.2016,16.88,16.88
12.12.2016,16.73,17.46
13.12.2016,16.97,17.46
14.12.2016,16.88,17.55
15.12.2016,16.98,17.63
16.12.2016,17.31,17.84
19.12.2016,17.34,17.85
20.12.2016,17.41,17.95
21.12.2016,17.58,18.18
22.12.2016,17.91,18.28
23.12.2016,17.96,17.53
28.12.2016,18.32,18.85
29.12.2016,18.55,19.26
30.12.2016,18.8,19.65
03.01.2017,17.88,18.86
04.01.2017,18.07,19.08
05.01.2017,17.98,19.22
06.01.2017,17.81,18.86
09.01.2017,18.01,19.82
10.01.2017,18.3,20.23
11.01.2017,18.57,20.84
12.01.2017,18.41,20.95
13.01.2017,18.36,20.82
16.01.2017,17.98,19.49
17.01.2017,18.37,20.37
18.01.2017,18.36,20.49
19.01.2017,18.35,20.8
23.01.2017,18.62,22.35
24.01.2017,18.41,22.14
25.01.2017,18.15,20.97
26.01.2017,18.15,20.57
27.01.2017,17.95,19.97
30.01.2017,18.05,20.9
31.01.2017,18.04,21.82
01.02.2017,18.26,22.58
02.02.2017,18.17,22.45
03.02.2017,18.15,22.92
06.02.2017,18.04,22.93
07.02.2017,18.08,22.53
08.02.2017,18.06,21.19
09.02.2017,18.13,21.05
10.02.2017,18.15,20.52
13.02.2017,17.99,19.84
14.02.2017,17.93,19.47
15.02.2017,17.94,19.29
16.02.2017,17.96,19.35
17.02.2017,17.95,19.16
20.02.2017,18.09,18.43
21.02.2017,18.09,18.38
22.02.2017,17.99,18.36
23.02.2017,18.15,18.8
24.02.2017,17.93,18.04
27.02.2017,17.62,17.94
28.02.2017,17.33,17.53
01.03.2017,17.45,17.67
02.03.2017,17.27,17.48
03.03.2017,17.34,17.18
06.03.2017,17.34,17.51
07.03.2017,17.19,17.02
08.03.2017,17.1,16.8
09.03.2017,16.77,16.46
10.03.2017,16.8,16.7
13.03.2017,16.55,16.35
14.03.2017,16.59,16.36
15.03.2017,16.65,16.47
16.03.2017,16.68,16.26
17.03.2017,16.77,16.31
20.03.2017,16.62,15.93
21.03.2017,16.45,16.04
22.03.2017,16.39,15.9
23.03.2017,16.43,15.91
24.03.2017,16.31,15.47
27.03.2017,16.04,15.17
28.03.2017,16.28,15.26
29.03.2017,16.67,15.69
30.03.2017,16.92,16.12
31.03.2017,16.76,16.11
03.04.2017,17.09,16.47
04.04.2017,16.96,16.49
05.04.2017,17.07,16.61
06.04.2017,17.07,16.43
07.04.2017,16.77,16.08
10.04.2017,16.75,16.01
11.04.2017,16.81,15.94
12.04.2017,16.98,15.97
13.04.2017,16.91,16.28
18.04.2017,17.36,17.05
19.04.2017,17.27,16.95
20.04.2017,17.05,16.6
21.04.2017,17.1,16.68
24.04.2017,16.92,16.87
25.04.2017,16.63,16.76
26.04.2017,16.79,16.82
27.04.2017,16.77,16.87
28.04.2017,16.84,16.63
02.05.2017,17.07,17.01
03.05.2017,16.97,16.67
04.05.2017,16.71,16.51
05.05.2017,16.69,16.15
08.05.2017,16.52,16.38
09.05.2017,16.44,16.3
10.05.2017,16.5,16.51
11.05.2017,16.4,15.69
12.05.2017,16.41,15.96
15.05.2017,16.58,15.96
16.05.2017,16.5,15.78
17.05.2017,16.66,15.92
18.05.2017,16.78,15.96
19.05.2017,16.72,15.81
22.05.2017,16.76,15.57
23.05.2017,16.85,15.82
24.05.2017,16.82,15.51
26.05.2017,16.6,15.72
30.05.2017,16.88,16.06
31.05.2017,16.55,15.79
01.06.2017,16.5,15.43
02.06.2017,16.44,15.13
05.06.2017,16.46,15.64
06.06.2017,16.35,15.21
07.06.2017,16.44,15.39
08.06.2017,16.64,15.53
09.06.2017,16.41,15.4
12.06.2017,16.25,15.52
13.06.2017,16.19,15.36
14.06.2017,16.18,15.61
15.06.2017,16.14,14.98
16.06.2017,16.1,15.45
19.06.2017,16.17,15.66
20.06.2017,16.14,15.86
21.06.2017,16.1,15.76
22.06.2017,16.08,15.55
23.06.2017,16.02,15.37
26.06.2017,16.13,15.54
27.06.2017,16.17,15.61
28.06.2017,16.28,15.72
29.06.2017,16.13,15.27
30.06.2017,16.2,15.39
03.07.2017,16.35,15.76
04.07.2017,16.32,15.6
05.07.2017,16.23,15.54
06.07.2017,16.29,15.44
07.07.2017,16.1,15.33
10.07.2017,15.99,15.03
11.07.2017,15.91,14.99
12.07.2017,15.95,15.02
13.07.2017,16.11,15.12
14.07.2017,16.26,15.12
17.07.2017,16.4,15.12
18.07.2017,16.3,15.23
19.07.2017,16.34,15.31
20.07.2017,16.31,15.41
21.07.2017,16.12,15.38
24.07.2017,15.97,15.16
25.07.2017,16.1,15.17
26.07.2017,16.33,15.49
27.07.2017,16.29,15.29
28.07.2017,16.23,15.11
31.07.2017,16.23,15.37
01.08.2017,16.07,15.11
02.08.2017,16.18,15.02
03.08.2017,16.23,15.23
04.08.2017,16.29,15.24
07.08.2017,16.44,15.69
08.08.2017,16.39,15.58
09.08.2017,16.52,16.06
10.08.2017,16.76,16.22
11.08.2017,16.72,16.18
14.08.2017,16.53,15.91
15.08.2017,16.32,15.85
16.08.2017,16.59,16.29
17.08.2017,16.64,16.3
18.08.2017,16.52,16.36
21.08.2017,16.47,16.54
22.08.2017,16.52,16.22
23.08.2017,16.61,16.57
24.08.2017,16.49,16.43
25.08.2017,16.49,16.76
29.08.2017,16.58,16.57
30.08.2017,16.57,16.68
31.08.2017,16.46,16.35
01.09.2017,16.57,16.57
04.09.2017,16.63,16.48
05.09.2017,17.023,17.03
06.09.2017,17.158,16.963
07.09.2017,17.133,16.875
08.09.2017,17.357,17.22
11.09.2017,17.483,17.376
12.09.2017,17.41,17.265
13.09.2017,17.516,17.505
14.09.2017,17.655,17.844
15.09.2017,17.294,17.638
18.09.2017,17.219,17.892
19.09.2017,17.29,17.721
20.09.2017,17.231,17.468
21.09.2017,17.146,17.298
22.09.2017,17.061,17.192
25.09.2017,17.497,17.741
26.09.2017,17.404,17.893
27.09.2017,17.429,17.566
28.09.2017,17.467,17.659
29.09.2017,17.045,16.43
02.10.2017,17.166,16.561
03.10.2017,17.378,17.388
04.10.2017,17.404,17.555
05.10.2017,17.438,17.893
06.10.2017,17.357,17.868
09.10.2017,17.48,18.071
10.10.2017,17.517,17.604
11.10.2017,17.434,17.281
12.10.2017,17.478,17.295
13.10.2017,17.639,17.129
16.10.2017,17.749,16.858
17.10.2017,17.738,17.146
18.10.2017,17.746,17.46
19.10.2017,17.581,16.893
20.10.2017,17.337,16.875
23.10.2017,17.286,17.089
24.10.2017,17.262,16.994
25.10.2017,17.478,17.302
26.10.2017,17.476,17.286
27.10.2017,17.668,17.365
30.10.2017,17.615,18.178
31.10.2017,17.747,17.842
01.11.2017,17.638,18.301
02.11.2017,17.733,18.08
03.11.2017,17.541,18.286
06.11.2017,18.036,18.95
07.11.2017,18.278,19.501
08.11.2017,18.314,19.486
09.11.2017,18.495,19.428
10.11.2017,18.685,19.847
13.11.2017,18.713,20.067
14.11.2017,18.358,19.563
15.11.2017,18.133,19.275
16.11.2017,18.302,19.458
17.11.2017,18.149,19.22
20.11.2017,18.441,19.746
21.11.2017,18.682,19.797
22.11.2017,18.538,19.641
23.11.2017,18.791,20.148
24.11.2017,18.862,20.618
27.11.2017,18.907,20.991
28.11.2017,18.669,20.691
29.11.2017,18.731,20.833
30.11.2017,18.642,20.778
01.12.2017,18.862,21.003
04.12.2017,18.912,21.61
05.12.2017,18.912,21.373
06.12.2017,18.688,21.077
07.12.2017,18.773,21.212
08.12.2017,18.601,20.975
11.12.2017,18.926,21.629
12.12.2017,19,22.163
13.12.2017,18.881,21.092
14.12.2017,18.918,21.582
15.12.2017,19.024,21.642
18.12.2017,18.828,20.658
19.12.2017,18.729,20.31
20.12.2017,18.883,20.214
21.12.2017,18.769,20.172
22.12.2017,18.65,19.625
27.12.2017,18.474,19.775
28.12.2017,18.061,19.884
29.12.2017,18.1,19.349
02.01.2018,18.112,18.917
03.01.2018,18.1,19.079
04.01.2018,18.104,18.959
05.01.2018,18.075,18.618
08.01.2018,18.092,18.924
09.01.2018,18.322,19.368
10.01.2018,18.578,19.468
11.01.2018,18.32,19.208
12.01.2018,18.358,19.386
15.01.2018,18.154,18.797
16.01.2018,18.077,18.76
17.01.2018,17.8,18.284
18.01.2018,17.852,18.619
19.01.2018,17.837,18.211
22.01.2018,17.933,18.361
23.01.2018,17.889,18.019
24.01.2018,17.634,17.755
25.01.2018,17.5,17.771
26.01.2018,17.316,17.624
29.01.2018,17.204,17.393
30.01.2018,17.175,17.474
31.01.2018,17.4,17.935
01.02.2018,17.25,17.937
02.02.2018,17.15,17.984
05.02.2018,16.88,17.789
06.02.2018,16.463,17.98
07.02.2018,16.989,18.19
08.02.2018,16.871,17.874
09.02.2018,16.8,17.715
12.02.2018,17.106,17.835
13.02.2018,16.756,18.382
14.02.2018,16.776,18.058
15.02.2018,16.737,17.732
16.02.2018,16.857,18.057
19.02.2018,17.2,19.214
20.02.2018,17.268,20.606
21.02.2018,17.346,21.335
22.02.2018,17.214,22.382
23.02.2018,17.28,26.889
26.02.2018,17.12,24.609
27.02.2018,17.121,35.327
28.02.2018,16.975,42.082
01.03.2018,16.848,58.059
02.03.2018,16.953,32.09
05.03.2018,17.368,20.415
06.03.2018,17.111,19.597
07.03.2018,17.138,18.616
08.03.2018,17.194,18.96
09.03.2018,17.269,19.448
12.03.2018,17.308,25.081
13.03.2018,17.167,24.354
14.03.2018,17.075,22.294
15.03.2018,17.12,24.369
16.03.2018,17.149,20.946
19.03.2018,17.129,20.89
20.03.2018,17.276,21.802
21.03.2018,17.559,22.072
22.03.2018,17.493,20.589
23.03.2018,17.471,19.653
26.03.2018,17.37,18.739
27.03.2018,17.608,19.004
28.03.2018,17.745,18.879
29.03.2018,17.798,19.485
03.04.2018,17.667,18.76
04.04.2018,17.715,19.011
05.04.2018,17.706,18.914
06.04.2018,17.725,18.678
09.04.2018,17.912,18.941
10.04.2018,18.041,19.523
11.04.2018,18.331,19.539
12.04.2018,18.184,19.945
13.04.2018,18.385,20.194
16.04.2018,18.376,19.365
17.04.2018,18.062,18.981
18.04.2018,18.263,19.171
19.04.2018,18.509,19.728
20.04.2018,18.525,19.839
23.04.2018,18.633,19.811
24.04.2018,18.552,19.835
25.04.2018,18.618,19.96
26.04.2018,18.982,20.286
27.04.2018,19.132,20.362
30.04.2018,19.352,20.86
01.05.2018,,20.698
02.05.2018,18.839,20.563
03.05.2018,18.913,20.369
04.05.2018,19.221,20.443
08.05.2018,19.552,20.975
09.05.2018,19.802,20.993
10.05.2018,19.95,21.1
11.05.2018,20.316,21.473
14.05.2018,20.699,21.624
15.05.2018,20.883,21.737
16.05.2018,20.699,21.892
17.05.2018,21.394,22.523
18.05.2018,21.198,22.008
21.05.2018,21.449,22.188
22.05.2018,21.925,22.877
23.05.2018,21.757,22.743
24.05.2018,21.544,22.711
25.05.2018,20.72,21.804
29.05.2018,20.88,22.709
30.05.2018,20.837,22.715
31.05.2018,20.381,22.365
01.06.2018,20.172,21.723
04.06.2018,20.335,22.068
05.06.2018,20.015,21.738
06.06.2018,19.997,21.563
07.06.2018,20.192,21.754
08.06.2018,20.274,21.725
11.06.2018,20.144,21.485
12.06.2018,20.398,22.003
13.06.2018,20.719,22.543
14.06.2018,20.715,22.78
15.06.2018,20.198,21.903
18.06.2018,20.941,22.363
19.06.2018,20.681,22.121
20.06.2018,20.139,21.892
21.06.2018,20.292,21.7
22.06.2018,20.429,21.775
25.06.2018,20.43,21.617
26.06.2018,20.278,21.55
27.06.2018,20.852,21.983
28.06.2018,20.925,21.963
29.06.2018,21.025,22.044
02.07.2018,21.197,22.122
03.07.2018,21.18,22.227
04.07.2018,21.173,22.33
05.07.2018,21.227,22.354
06.07.2018,21.247,22.232
09.07.2018,21.532,22.655
10.07.2018,21.604,22.739
11.07.2018,21.418,22.466
12.07.2018,20.871,21.943
13.07.2018,21.238,22.527
16.07.2018,20.813,22.245
17.07.2018,20.69,22.045
18.07.2018,20.973,22.207
19.07.2018,21.036,22.259
20.07.2018,20.791,21.973
23.07.2018,20.936,22.262
24.07.2018,21.025,22.212
25.07.2018,21.161,22.338
26.07.2018,21.094,22.238
27.07.2018,21.105,22.112
30.07.2018,21.215,22.238
31.07.2018,21.072,22.118
01.08.2018,20.885,22.095
02.08.2018,20.912,22.124
03.08.2018,21.209,22.172
06.08.2018,21.443,22.355
07.08.2018,21.476,22.529
08.08.2018,21.466,22.497
09.08.2018,21.461,22.508
10.08.2018,21.647,22.595
13.08.2018,22.066,23.488
14.08.2018,22.29,23.579
15.08.2018,22.026,23.354
16.08.2018,22.128,23.622
17.08.2018,22.258,24.14
20.08.2018,22.387,24.169
21.08.2018,22.464,24.238
22.08.2018,22.524,24.535
23.08.2018,22.729,24.786
24.08.2018,22.992,25.068
28.08.2018,23.416,25.752
29.08.2018,23.817,26.32
30.08.2018,23.862,26.246
31.08.2018,23.582,25.76
03.09.2018,23.89,26.247
04.09.2018,24.327,26.687
05.09.2018,24.518,27.142
06.09.2018,24.834,27.366
07.09.2018,25.2,28.223
10.09.2018,26.32,29.156
11.09.2018,26.042,28.73
12.09.2018,25.289,27.531
13.09.2018,24.576,26.747
14.09.2018,24.593,27.129
17.09.2018,25.415,27.729
18.09.2018,25.116,27.237
19.09.2018,25.797,28.19
20.09.2018,25.963,28.413
21.09.2018,26.141,28.641
24.09.2018,26.6612,29.662
25.09.2018,26.531,29.631
26.09.2018,25.86,28.331
27.09.2018,25.398,27.467
28.09.2018,25.199,27.442
01.10.2018,25.758,27.797
02.10.2018,25.728,26.698
03.10.2018,25.73,26.956
04.10.2018,26.268,27.235
05.10.2018,26.482,27.276
08.10.2018,25.958,27.106
09.10.2018,25.613,26.495
10.10.2018,25.001,25.878
11.10.2018,24.443,25.368
12.10.2018,25.1,26.179
15.10.2018,25.2,26.048
16.10.2018,24.96,25.852
17.10.2018,24.669,25.549
18.10.2018,24.615,25.624
19.10.2018,25.298,26.407
22.10.2018,24.814,25.676
23.10.2018,24.674,25.261
24.10.2018,24.422,25.238
25.10.2018,24.238,24.988
26.10.2018,23.607,24.8
29.10.2018,23.975,25.188
30.10.2018,23.424,24.499
31.10.2018,23.368,23.601
01.11.2018,22.538,23.617
02.11.2018,23.111,23.603
05.11.2018,22.846,23.299
06.11.2018,23.482,24.075
07.11.2018,23.276,24.331
08.11.2018,23.187,24.102
09.11.2018,23.116,23.898
12.11.2018,24.229,25.221
13.11.2018,24.292,26.385
14.11.2018,23.966,26.757
15.11.2018,24.115,26.783
16.11.2018,23.709,25.68
19.11.2018,22.798,24.817
20.11.2018,22.798,25.075
21.11.2018,22.728,24.992
22.11.2018,22.946,25.276
23.11.2018,22.691,25.022
26.11.2018,22.759,25.05
27.11.2018,23.332,25.592
28.11.2018,22.756,24.661
29.11.2018,22.975,24.914
30.11.2018,22.872,24.102
03.12.2018,23.088,24.871
04.12.2018,22.789,24.353
05.12.2018,22.488,23.645
06.12.2018,22.215,23.209
07.12.2018,22.312,23.108
10.12.2018,22.383,23.573
11.12.2018,22.531,24.05
12.12.2018,22.952,24.576
13.12.2018,23.186,24.633
14.12.2018,23.604,25.215
17.12.2018,23.659,24.61
18.12.2018,23.055,24.197
19.12.2018,23.35,24.622
20.12.2018,23.47,24.382
21.12.2018,23.366,24.472
24.12.2018,23.075,24.571
27.12.2018,22.266,22.527
28.12.2018,20.303,22.782
31.12.2018,19.938,21.509
02.01.2019,20.139,22.804
03.01.2019,20.03,22.273
04.01.2019,20.511,22.718
07.01.2019,20.227,21.31
08.01.2019,20.529,22.434
09.01.2019,20.466,22.092
10.01.2019,20.383,22.1
11.01.2019,20.53,22.75
14.01.2019,20.356,21.677
15.01.2019,20.642,20.076
16.01.2019,20.881,22.244
17.01.2019,21.544,23.272
18.01.2019,21.673,22.939
21.01.2019,21.3,22.554
22.01.2019,21.317,22.249
23.01.2019,21.509,22.743
24.01.2019,21.109,21.884
25.01.2019,21.091,21.461
28.01.2019,20.958,21.328
29.01.2019,21.256,21.529
30.01.2019,21.067,20.946
31.01.2019,20.965,20.622
01.02.2019,20.801,20.141
04.02.2019,20.73,20.161
05.02.2019,20.732,19.716
06.02.2019,20.7,19.625
07.02.2019,20.856,19.355
08.02.2019,20.344,18.786
11.02.2019,20.362,18.797
12.02.2019,20.116,18.434
13.02.2019,20.342,18.689
14.02.2019,20.29,19.79
15.02.2019,20.602,18.628
18.02.2019,20.291,18.04
19.02.2019,20.583,18.335
20.02.2019,20.771,18.713
21.02.2019,20.699,18.133
22.02.2019,20.489,17.755
25.02.2019,20.331,17.689
26.02.2019,20.36,17.671
27.02.2019,20.806,18.394
28.02.2019,20.85,18.485
01.03.2019,20.724,17.832
04.03.2019,20.745,18.124
05.03.2019,20.558,17.99
06.03.2019,20.261,17.628
07.03.2019,20.323,17.643
08.03.2019,20.228,17.53
11.03.2019,20.061,17.582
12.03.2019,19.875,17.213
13.03.2019,19.568,16.547
14.03.2019,19.311,16.327
15.03.2019,18.824,15.807
18.03.2019,18.519,16.02
19.03.2019,18.525,16.026
20.03.2019,18.733,15.97
21.03.2019,18.684,15.21
22.03.2019,18.815,15.012
25.03.2019,18.536,15.175
26.03.2019,18.652,15.37
27.03.2019,19.125,15.738
28.03.2019,18.94,15.167
29.03.2019,18.897,15.444
01.04.2019,18.875,14.833
02.04.2019,18.784,14.407
03.04.2019,19.175,15.256
04.04.2019,19.857,15.835
05.04.2019,20.459,17.356
08.04.2019,20.275,16.69
09.04.2019,20.95,17.59
10.04.2019,20.913,16.986
11.04.2019,21.028,17.235
12.04.2019,20.93,16.9
15.04.2019,20.546,15.962
16.04.2019,20.491,15.903
17.04.2019,20.729,15.81
18.04.2019,20.507,15.309
23.04.2019,20.758,15.214
24.04.2019,20.753,14.848
25.04.2019,20.868,15.253
26.04.2019,20.606,15.305
29.04.2019,20.563,15.263
30.04.2019,20.214,15.088
02.05.2019,19.629,15.383
03.05.2019,20.15,15.4
07.05.2019,20.392,15.309
08.05.2019,20.268,15.188
09.05.2019,20.087,15.397
10.05.2019,19.733,14.966
13.05.2019,19.763,14.727
14.05.2019,19.964,14.75
15.05.2019,20.303,14.796
16.05.2019,19.973,14.07
17.05.2019,19.732,13.694
20.05.2019,19.685,13.71
21.05.2019,19.686,13.485
22.05.2019,19.829,13.532
23.05.2019,19.742,13.184
24.05.2019,19.63,12.887
28.05.2019,19.907,13.244
29.05.2019,19.878,12.319
30.05.2019,19.839,12.012
31.05.2019,19.749,10.189
03.06.2019,18.808,10.276
04.06.2019,18.81,11.192
05.06.2019,18.781,11.195
06.06.2019,18.789,10.47
07.06.2019,19.244,11.445
10.06.2019,19.551,11.826
11.06.2019,18.903,11.365
12.06.2019,18.925,11.305
13.06.2019,19.081,11.482
14.06.2019,18.873,11.42
17.06.2019,18.85,11.533
18.06.2019,18.592,11.188
19.06.2019,18.463,10.383
20.06.2019,18.625,10.149
21.06.2019,18.97,10.657
24.06.2019,19.27,10.602
25.06.2019,18.927,10.052
26.06.2019,19.082,9.921
27.06.2019,18.898,9.648
28.06.2019,18.611,9.928
01.07.2019,18.588,10.519
02.07.2019,18.205,10.716
03.07.2019,18.103,10.507
04.07.2019,18.279,10.798
05.07.2019,18.555,11.322
08.07.2019,18.877,12.271
09.07.2019,18.862,11.979
10.07.2019,19.339,12.432
11.07.2019,20.051,13.064
12.07.2019,20.493,13.005
15.07.2019,19.896,13.148
16.07.2019,19.106,11.438
17.07.2019,19.304,11.385
18.07.2019,18.983,10.929
19.07.2019,19.262,11.205
22.07.2019,19.077,10.292
23.07.2019,19.238,10.983
24.07.2019,18.986,10.573
25.07.2019,19.071,10.275
26.07.2019,18.948,10.47
29.07.2019,18.666,9.967
30.07.2019,18.613,10.205
31.07.2019,18.808,10.493
01.08.2019,19.132,11.688
02.08.2019,18.625,11.838
05.08.2019,18.343,10.65
06.08.2019,18.25,9.989
07.08.2019,18.102,9.969
08.08.2019,18.175,10.174
09.08.2019,18.091,10.733
12.08.2019,17.922,10.831
13.08.2019,18.194,10.803
14.08.2019,18.057,9.87
15.08.2019,17.84,9.736
16.08.2019,17.796,9.705
19.08.2019,17.724,9.733
20.08.2019,17.802,10.08
21.08.2019,17.83,10.124
22.08.2019,17.829,10.277
23.08.2019,17.605,9.887
27.08.2019,17.385,10.29
28.08.2019,17.472,10.334
29.08.2019,17.54,10.155
30.08.2019,17.643,9.251
02.09.2019,17.097,7.865
03.09.2019,17.149,7.722
04.09.2019,17.163,7.702
05.09.2019,17.497,8.151
06.09.2019,17.511,9.357
09.09.2019,17.655,9.487
10.09.2019,18.945,10.428
11.09.2019,19.036,10.223
12.09.2019,18.578,10.91
13.09.2019,18.5,11.261
16.09.2019,19.628,11.41
17.09.2019,18.9,9.93
18.09.2019,18.608,9.88
19.09.2019,18.97,9.616
20.09.2019,19.18,9.543
23.09.2019,18.903,10.201
24.09.2019,18.782,11.515
25.09.2019,18.84,10.541
26.09.2019,18.613,10.494
27.09.2019,18.429,10.129
30.09.2019,18.431,8.801
01.10.2019,18.522,10.249
02.10.2019,17.967,10.475
03.10.2019,17.734,12.445
04.10.2019,17.398,11.693
07.10.2019,17.743,10.313
08.10.2019,17.829,9.953
09.10.2019,17.951,8.482
10.10.2019,18.149,9.021
11.10.2019,18.529,9.226
14.10.2019,18.372,10.548
15.10.2019,18.275,11.16
16.10.2019,18.207,10.885
17.10.2019,18.07,10.094
18.10.2019,17.96,10.39
21.10.2019,17.688,10.184
22.10.2019,17.599,10.242
23.10.2019,17.975,10.523
24.10.2019,17.583,9.936
25.10.2019,17.316,11.371
28.10.2019,17.111,11.723
29.10.2019,17.05,11.136
30.10.2019,16.825,10.837
31.10.2019,16.855,10.268
01.11.2019,16.96,11.508
04.11.2019,17.249,13.06
05.11.2019,17.436,14.193
06.11.2019,17.086,13.553
07.11.2019,17.537,14.187
08.11.2019,17.4,15.396
11.11.2019,16.677,14.861
12.11.2019,16.474,15.332
13.11.2019,16.501,15.387
14.11.2019,16.73,14.975
15.11.2019,16.858,15.631
18.11.2019,16.529,15.173
19.11.2019,16.581,15.61
20.11.2019,16.69,16.034
21.11.2019,16.766,16.183
22.11.2019,17.094,16.114
25.11.2019,17.199,16.819
26.11.2019,16.797,15.967
27.11.2019,16.978,15.936
28.11.2019,16.678,15.896
29.11.2019,16.54,16.017
02.12.2019,16.123,16.01
03.12.2019,16.042,15.824
04.12.2019,16.203,15.609
05.12.2019,15.927,14.631
06.12.2019,15.522,14.225
09.12.2019,15.34,14.056
10.12.2019,15.068,14.054
11.12.2019,14.766,14.034
12.12.2019,15.33,14.319
13.12.2019,14.6,13.062
16.12.2019,14.722,12.54
17.12.2019,15.127,13.13
18.12.2019,15.362,13.086
19.12.2019,15.649,13.139
20.12.2019,15.232,12.901
23.12.2019,14.461,10.95
24.12.2019,14.038,11.315
27.12.2019,14.057,12.663
30.12.2019,17.103,12.661
31.12.2019,17.013,12.161
02.01.2020,16.882,12.018
03.01.2020,17.554,13.212
06.01.2020,17.127,12.528
07.01.2020,16.955,12.302
08.01.2020,17.112,12.225
09.01.2020,18.197,12.26
10.01.2020,17.16,12.317
13.01.2020,17.208,12.436
14.01.2020,16.782,11.797
15.01.2020,16.683,11.678
16.01.2020,16.453,11.581
17.01.2020,16.319,11.485
20.01.2020,15.891,11.241
21.01.2020,15.933,11.382
22.01.2020,15.749,10.958
23.01.2020,15.6,10.851
24.01.2020,15.581,11.052
27.01.2020,15.475,10.884
28.01.2020,15.675,11.321
29.01.2020,15.148,10.668
30.01.2020,14.72,10.365
31.01.2020,14.507,10.323
03.02.2020,14.229,9.949
04.02.2020,14.629,10.34
05.02.2020,14.975,10.107
06.02.2020,14.972,9.875
07.02.2020,14.987,9.676
10.02.2020,14.703,9.434
11.02.2020,14.855,9.642
12.02.2020,15.204,9.797
13.02.2020,15.522,9.664
14.02.2020,15.681,9.44
17.02.2020,16.015,9.735
18.02.2020,15.761,10.223
19.02.2020,15.589,10.302
20.02.2020,15.404,10.267
21.02.2020,15.144,9.969
24.02.2020,14.672,9.653
25.02.2020,14.57,9.816
26.02.2020,14.644,9.71
27.02.2020,14.28,9.577
28.02.2020,14.325,9.705
02.03.2020,14.392,10.001
03.03.2020,14.79,10.172
04.03.2020,14.769,9.889
05.03.2020,14.664,9.928
06.03.2020,14.19,9.348
09.03.2020,13.604,9.352
10.03.2020,13.908,9.464
11.03.2020,13.853,9.695
12.03.2020,13.418,9.729
13.03.2020,13.456,9.835
16.03.2020,12.981,8.859
17.03.2020,12.923,8.529
18.03.2020,12.525,8.623
19.03.2020,12.54,8.857
20.03.2020,12.62,8.87
23.03.2020,12.425,8.716
24.03.2020,12.751,8.609
25.03.2020,12.918,8.447
26.03.2020,12.875,8.214
27.03.2020,12.629,7.961
30.03.2020,12.394,7.814
31.03.2020,12.54,7.987
01.04.2020,12.511,7.633
02.04.2020,12.814,7.64
03.04.2020,12.939,7.55
06.04.2020,13.478,7.674
07.04.2020,13.487,7.935
08.04.2020,13.373,7.63
09.04.2020,15.096,7.645
14.04.2020,13.384,7.65
15.04.2020,12.986,7.398
16.04.2020,13.314,7.423
17.04.2020,13.596,6.974
20.04.2020,13.452,6.774
21.04.2020,13.132,6.453
22.04.2020,12.927,6.658
23.04.2020,12.858,6.101
24.04.2020,12.729,6.168
27.04.2020,12.661,6.48
28.04.2020,12.568,6.57
29.04.2020,12.525,6.308
30.04.2020,12.569,6.562
04.05.2020,12.381,6.103
05.05.2020,12.484,6.129
06.05.2020,12.553,6.1
07.05.2020,12.725,5.847
08.05.2020,12.753,5.908
11.05.2020,12.826,6.408
12.05.2020,12.576,5.948
13.05.2020,12.443,5.684
14.05.2020,12.694,5.576
15.05.2020,12.816,5.257
18.05.2020,12.865,5.112
19.05.2020,12.879,4.664
20.05.2020,12.948,4.339
21.05.2020,12.633,3.585
22.05.2020,12.408,4.202
25.05.2020,12.791,4.351
26.05.2020,12.69,4.402
27.05.2020,12.47,4.064
28.05.2020,12.262,4.019
01.06.2020,12.208,3.741
02.06.2020,12.494,4.567
03.06.2020,12.523,4.863
04.06.2020,12.52,4.539
05.06.2020,12.879,5.241
08.06.2020,12.747,5.401
09.06.2020,12.512,4.786
10.06.2020,12.547,4.645
11.06.2020,12.437,4.788
12.06.2020,12.397,4.976
15.06.2020,12.23,5.596
16.06.2020,12.448,5.139
17.06.2020,12.45,5.098
18.06.2020,12.714,5.188
19.06.2020,12.825,5.42
22.06.2020,12.706,5.307
23.06.2020,12.906,5.628
24.06.2020,12.696,5.601
25.06.2020,12.586,4.964
26.06.2020,12.604,4.85
29.06.2020,12.833,5.747
30.06.2020,12.892,5.631
01.07.2020,12.825,5.746
02.07.2020,12.953,5.218
03.07.2020,13.034,5.171
06.07.2020,13.416,5.498
07.07.2020,13.478,5.876
08.07.2020,13.475,5.545
09.07.2020,13.422,5.023
10.07.2020,13.326,4.97
13.07.2020,13.401,4.668
14.07.2020,13.202,4.765
15.07.2020,13.221,5.328
16.07.2020,13.142,5.172
17.07.2020,13.105,5.175
20.07.2020,12.735,4.793
21.07.2020,12.782,4.929
22.07.2020,12.651,4.911
23.07.2020,12.682,4.89
24.07.2020,12.524,4.899
27.07.2020,12.24,4.533
28.07.2020,12.411,4.852
29.07.2020,12.509,5.193
30.07.2020,12.298,5.079
31.07.2020,12.305,5.36
03.08.2020,12.481,6.251
04.08.2020,12.706,6.691
05.08.2020,12.981,6.583
06.08.2020,13.145,7.171
07.08.2020,13.006,7.273
10.08.2020,12.995,6.768
11.08.2020,13.112,6.521
12.08.2020,12.979,6.207
13.08.2020,13.045,6.527
14.08.2020,13.148,7.22
17.08.2020,13.34,7.401
18.08.2020,13.41,7.958
19.08.2020,13.477,7.866
20.08.2020,13.487,7.229
21.08.2020,13.215,6.473
24.08.2020,13.696,7.817
25.08.2020,13.912,8.219
26.08.2020,14.069,8.603
27.08.2020,13.866,8.328
28.08.2020,14.352,9.036
31.08.2020,14.282,9.279
01.09.2020,14.451,10.523
02.09.2020,14.202,10.341
03.09.2020,14.25,10.821
04.09.2020,14.192,11.177
07.09.2020,13.771,10.521
08.09.2020,13.449,10.077
09.09.2020,13.394,10.248
10.09.2020,13.39,9.827
11.09.2020,13.446,10.01
14.09.2020,13.67,9.738
15.09.2020,13.689,9.844
16.09.2020,13.883,10.53
17.09.2020,13.934,10.678
18.09.2020,15.059,10.47
21.09.2020,13.696,10.777
22.09.2020,13.7,11.277
23.09.2020,13.88,11.271
24.09.2020,13.764,11.229
25.09.2020,13.886,11.338
28.09.2020,14.17,12.166
29.09.2020,14.092,12.086
30.09.2020,13.855,11.853
01.10.2020,13.682,11.615
02.10.2020,13.455,11.668
05.10.2020,13.736,13.1
06.10.2020,13.667,12.554
07.10.2020,13.91,13.098
08.10.2020,14.099,13.191
09.10.2020,13.999,13.414
12.10.2020,13.926,13.834
13.10.2020,13.86,13.377
14.10.2020,13.982,13.75
15.10.2020,14.101,14.172
16.10.2020,14.32,14.471
19.10.2020,14.563,14.611
20.10.2020,14.603,14.503
21.10.2020,14.529,14.499
22.10.2020,14.774,14.962
23.10.2020,14.897,15.04
26.10.2020,14.507,14.593
27.10.2020,14.505,14.469
28.10.2020,14.203,13.963
29.10.2020,14.002,13.74
30.10.2020,13.734,12.971
02.11.2020,13.49,12.698
03.11.2020,13.612,13.356
04.11.2020,13.763,13.661
05.11.2020,14.169,14.105
06.11.2020,13.802,13.292
09.11.2020,13.945,13.514
10.11.2020,14.014,13.887
11.11.2020,14.069,13.552
12.11.2020,13.955,13.566
13.11.2020,14.018,13.472
16.11.2020,14.161,13.962
17.11.2020,13.78,13.38
18.11.2020,13.626,13.141
19.11.2020,13.147,12.896
20.11.2020,13.071,12.741
23.11.2020,13.35,13.44
24.11.2020,13.687,13.746
25.11.2020,13.781,13.759
26.11.2020,13.708,13.953
27.11.2020,14.034,14.468
30.11.2020,14.413,14.834
01.12.2020,14.319,14.808
02.12.2020,14.201,14.625
03.12.2020,13.69,13.897
04.12.2020,14.054,14.288
07.12.2020,13.815,14.134
08.12.2020,13.851,14.164
09.12.2020,14.085,14.592
10.12.2020,14.662,15.369
11.12.2020,15.003,15.555
14.12.2020,15.519,16.261
15.12.2020,15.916,16.699
16.12.2020,15.401,15.748
17.12.2020,15.087,15.373
18.12.2020,15.15,15.135
21.12.2020,15.774,16.119
22.12.2020,16.304,16.646
30.12.2020,16.837,18.294
31.12.2020,16.228,18.421
04.01.2021,16.307,19.446
05.01.2021,15.944,17.572
06.01.2021,15.72,17.203
07.01.2021,16.23,18.963
08.01.2021,16.438,19.728
11.01.2021,16.578,21.928
12.01.2021,16.974,25.957
13.01.2021,16.508,21.47
14.01.2021,16.51,20.884
15.01.2021,16.288,19.842
18.01.2021,16.248,18.803
19.01.2021,16.739,19.588
20.01.2021,16.775,19.405
21.01.2021,16.796,18.993
22.01.2021,15.744,20.92
25.01.2021,16.56,20.123
26.01.2021,16.567,19.032
27.01.2021,16.666,19.222
28.01.2021,16.857,20.147
29.01.2021,16.825,19.932
01.02.2021,16.6,17.984
02.02.2021,16.66,17.707
03.02.2021,16.85,17.669
04.02.2021,16.975,17.73
05.02.2021,18.37,18.128
08.02.2021,17.699,21.036
09.02.2021,17.569,20.124
10.02.2021,17.425,19.827
11.02.2021,17.089,18.711
12.02.2021,17.16,18.391
15.02.2021,17.029,17.244
16.02.2021,16.975,17.18
17.02.2021,16.979,16.659
18.02.2021,17.156,17.248
19.02.2021,16.89,16.565
22.02.2021,16.632,15.89
23.02.2021,16.831,16.065
24.02.2021,16.996,16.286
25.02.2021,16.8,15.893
26.02.2021,16.747,16.162
01.03.2021,16.858,16.722
02.03.2021,16.82,16.301
03.03.2021,16.725,16.384
04.03.2021,16.909,16.764
05.03.2021,17.366,17.295
08.03.2021,17.224,17.262
09.03.2021,17.525,17.723
10.03.2021,17.921,18.084
11.03.2021,18.152,18.425
12.03.2021,18.358,18.957
15.03.2021,18.145,18.823
16.03.2021,17.951,18.317
17.03.2021,18.07,18.937
18.03.2021,18.01,18.397
19.03.2021,17.713,18.015
22.03.2021,18.142,18.626
23.03.2021,18.162,18.869
24.03.2021,18.229,18.837
25.03.2021,18.015,18.46
26.03.2021,18.147,18.628
29.03.2021,18.062,18.506
30.03.2021,18.237,18.783
31.03.2021,18.262,19.404
01.04.2021,18.327,19.703
06.04.2021,18.567,20.834
07.04.2021,18.298,20.3
08.04.2021,18.106,19.822
09.04.2021,18.05,19.984
12.04.2021,18.415,21.093
13.04.2021,18.178,20.741
14.04.2021,18.247,20.909
15.04.2021,18.58,21.344
16.04.2021,18.735,21.195
19.04.2021,18.907,21.697
20.04.2021,18.968,21.67
21.04.2021,19.022,21.702
22.04.2021,19.161,21.93
23.04.2021,18.745,20.616
26.04.2021,18.539,20.788
27.04.2021,19.082,22.031
28.04.2021,19.217,21.824
29.04.2021,19.815,22.925
30.04.2021,20.082,22.824
03.05.2021,20.585,23.715
04.05.2021,20.3,23.986
05.05.2021,20.528,24.935
06.05.2021,20.925,25.232
07.05.2021,20.86,24.251
10.05.2021,21.7,25.323
11.05.2021,22.102,26.119
12.05.2021,22.701,26.58
13.05.2021,22.357,26.473
14.05.2021,22.582,27.081
17.05.2021,22.351,26.316
18.05.2021,21.393,24.859
19.05.2021,19.822,22.653
20.05.2021,20.928,24.499
21.05.2021,20.875,24.725
24.05.2021,20.938,24.99
25.05.2021,21.561,26.316
26.05.2021,21.655,26.818
27.05.2021,18.053,25.358
28.05.2021,20.925,24.829
31.05.2021,20.905,24.829
01.06.2021,21.277,26.004
02.06.2021,20.845,26.574
03.06.2021,20.824,25.863
04.06.2021,20.888,26.061
07.06.2021,21.435,26.594
08.06.2021,21.935,27.935
09.06.2021,22.286,28.128
10.06.2021,22.662,28.423
11.06.2021,22.197,27.883
14.06.2021,22.616,28.791
15.06.2021,22.113,28.04
16.06.2021,21.917,28.041
17.06.2021,22.151,28.262
18.06.2021,22.807,29.388
21.06.2021,23.074,29.596
22.06.2021,23.582,30.916
23.06.2021,24.033,31.63
24.06.2021,24.099,31.775
25.06.2021,24.527,31.976
28.06.2021,24.498,32.067
29.06.2021,25.022,33.293
30.06.2021,25.625,34.667
01.07.2021,26.129,36.087
02.07.2021,25.985,35.687
05.07.2021,26.675,37.903
06.07.2021,25.471,33.572
07.07.2021,24.65,32.498
08.07.2021,25.21,33.36
09.07.2021,26.405,36.756
12.07.2021,25.563,34.869
13.07.2021,25.773,35.384
14.07.2021,25.594,34.436
15.07.2021,25.056,33.62
16.07.2021,25.284,34.917
19.07.2021,25.473,35.642
20.07.2021,25.145,35.151
21.07.2021,25.506,35.891
22.07.2021,25.575,35.598
23.07.2021,25.599,35.185
26.07.2021,26.055,36.559
27.07.2021,26.319,37.16
28.07.2021,27.228,39.434
29.07.2021,27.759,40.64
30.07.2021,27.61,40.034
02.08.2021,28.002,41.741
03.08.2021,27.794,40.587
04.08.2021,28.655,41.402
05.08.2021,29.539,42.243
06.08.2021,30.372,43.011
09.08.2021,30.381,42.399
10.08.2021,31.538,43.734
11.08.2021,32.249,45.673
12.08.2021,32.64,45.232
13.08.2021,32.419,44.032
16.08.2021,33.918,47.408
17.08.2021,33.621,46.223
18.08.2021,32.503,44.672
19.08.2021,29.85,39.769
20.08.2021,30.885,41.262
23.08.2021,31.149,41.606
24.08.2021,32.442,44.9
25.08.2021,32.293,44.914
26.08.2021,32.586,45.515
27.08.2021,33.202,47.591
30.08.2021,33.867,47.635
31.08.2021,34.153,50.013
01.09.2021,33.85,49.415
02.09.2021,34.5,51.186
03.09.2021,34.475,51.133
06.09.2021,35.585,52.27
07.09.2021,36.034,53.375
08.09.2021,37.151,54.691
09.09.2021,37.885,55.987
10.09.2021,37.73,57.654
13.09.2021,38.983,61.119
14.09.2021,40.45,65.744
15.09.2021,42.231,70.079
16.09.2021,39.429,61.063
17.09.2021,40.15,64.957
20.09.2021,43.236,74.232
21.09.2021,42.81,72.423
22.09.2021,42.8,69.8
23.09.2021,43.2,67.542
24.09.2021,44.551,68.107
27.09.2021,48.73,75.313
28.09.2021,49,78.349
29.09.2021,52.12,83.297
30.09.2021,57.42,90.269
01.10.2021,56.99,88.72
04.10.2021,59.303,89.196
05.10.2021,66.1,116.321
06.10.2021,59.478,102.288
07.10.2021,54.36,93.228
08.10.2021,49.85,81
11.10.2021,50.46,82.67
12.10.2021,51.501,85.413
13.10.2021,53.288,91.862
14.10.2021,58.002,100.665
15.10.2021,56.363,91.027
18.10.2021,56.863,88.443
19.10.2021,55.87,90.65
20.10.2021,57.185,91.224
21.10.2021,54.75,86.035
22.10.2021,54.463,86.85
25.10.2021,55.673,88.999
26.10.2021,55.84,87.604
27.10.2021,55.3,85.434
28.10.2021,51.016,75.037
29.10.2021,46.062,62.479
01.11.2021,45.156,64.1
02.11.2021,46.455,68.19
03.11.2021,50.902,77.484
04.11.2021,49.035,71.698
05.11.2021,48.135,73.225
08.11.2021,50.585,77.932
09.11.2021,47.165,72.372
10.11.2021,46.835,70.271
11.11.2021,48.335,73.99
12.11.2021,48.435,73.994
15.11.2021,50.11,79.68
16.11.2021,55.335,93.825
17.11.2021,55.475,94.014
18.11.2021,56.39,93.26
19.11.2021,53.01,87.392
22.11.2021,51.982,84.204
23.11.2021,54.878,91.532
24.11.2021,56.662,94.053
25.11.2021,57,92.802
26.11.2021,54.297,88.082
29.11.2021,56.463,93.359
30.11.2021,55.457,91.586
01.12.2021,57.145,97.103
02.12.2021,57.444,94.284
03.12.2021,57.674,90.642
06.12.2021,60.076,90.316
07.12.2021,66.051,96.102
08.12.2021,74.333,103.959
09.12.2021,72.093,101.779
10.12.2021,78.302,106.089
13.12.2021,83.81,116.703
14.12.2021,84.912,128.005
15.12.2021,85.06,130.898
16.12.2021,92.311,138.324
17.12.2021,93.964,136.151
20.12.2021,105.5,149.356
21.12.2021,139.213,184.058
22.12.2021,140.667,173.277
23.12.2021,113.368,127.535
24.12.2021,97.366,111.067
27.12.2021,92.917,110.928
28.12.2021,96.616,110.93
29.12.2021,90.59,88.015
30.12.2021,46.523,87.25
31.12.2021,41.998,71.865
03.01.2022,45.738,71.958
04.01.2022,48.398,86.071
05.01.2022,50.098,92.963
06.01.2022,51.198,95.194
07.01.2022,48.625,86.75
10.01.2022,47.72,85.88
11.01.2022,46.128,81.023
12.01.2022,43.921,76.844
13.01.2022,44.333,87.023
14.01.2022,44.824,86.408
17.01.2022,43.883,77.338
18.01.2022,43.833,79.508
19.01.2022,43.276,75.189
20.01.2022,44.023,75.826
21.01.2022,45.203,79.276
24.01.2022,49.293,92.675
25.01.2022,50.523,94.044
26.01.2022,52.353,91.761
27.01.2022,54.301,92.044
28.01.2022,56.744,91.534
31.01.2022,54.964,84.375
01.02.2022,50.773,75.829
02.02.2022,51.74,77.044
03.02.2022,52.789,79.708
04.02.2022,55.214,82.251
07.02.2022,54.271,78.584
08.02.2022,53.594,77.192
09.02.2022,52.045,75.502
10.02.2022,52.397,75.293
11.02.2022,54.686,77.297
14.02.2022,56.503,80.531
15.02.2022,51.872,68.964
16.02.2022,51.334,68.965
17.02.2022,52.571,74.757
18.02.2022,52.383,73.501
21.02.2022,52.413,72.085
22.02.2022,57.505,79.62
23.02.2022,63.044,89.596
24.02.2022,78.922,135.075
25.02.2022,62.277,91.759
28.02.2022,62.161,99.039
01.03.2022,69.91,123.918
02.03.2022,81.363,176.059
03.03.2022,79.408,153.464
04.03.2022,76.464,190.765
07.03.2022,84.088,219.465
08.03.2022,83.419,209.877
09.03.2022,76.589,149.667
10.03.2022,71.059,121.352
11.03.2022,76.871,128.852
14.03.2022,70.708,109.798
15.03.2022,70.136,110.586
16.03.2022,64.1,97.517
17.03.2022,66.09,102.355
18.03.2022,67.26,98.417
21.03.2022,67.28,92.398
22.03.2022,68.733,94.389
23.03.2022,77.03,112.42
24.03.2022,79.6,101.244
25.03.2022,77.925,97.52
28.03.2022,76.9,101.768
29.03.2022,81.75,107.793
30.03.2022,85.88,116.444
31.03.2022,89.01,125.612
01.04.2022,80.279,112.089
04.04.2022,81.547,111.199
05.04.2022,83.2,108.533
06.04.2022,82.92,106.157
07.04.2022,82.93,103.45
08.04.2022,84.585,103.564
11.04.2022,85.66,100.661
12.04.2022,88,103.085
13.04.2022,90.895,104.32
14.04.2022,85.46,90.554
19.04.2022,84.47,93.519
20.04.2022,87.25,92.428
21.04.2022,91.61,97.471
22.04.2022,89.5,92.16
25.04.2022,87.8,93.751
26.04.2022,87.69,98.059
27.04.2022,88.85,106.146
28.04.2022,88.68,99.178
29.04.2022,88.27,96.533
02.05.2022,83.05,100.813
03.05.2022,88.202,97.37
04.05.2022,92.566,101.812
05.05.2022,99.54,99.226
06.05.2022,97.541,88.639
09.05.2022,89.032,83.829
10.05.2022,89.43,83.927
11.05.2022,82.083,81.929
12.05.2022,96.76,92.464
13.05.2022,92.663,91.472
16.05.2022,92.5,91.84
17.05.2022,93.45,93.531
18.05.2022,90.85,91.182
19.05.2022,89.7,87.796
20.05.2022,89.487,84.511
23.05.2022,86.59,77.772
24.05.2022,87.178,79.417
26.05.2022,88.73,81.73
27.05.2022,88.427,83.448
30.05.2022,89.45,87.695
31.05.2022,91.885,86.906
01.06.2022,89.55,75.853
02.06.2022,91.5,76.649
06.06.2022,90.65,78.403
07.06.2022,89,78.015
08.06.2022,88.381,76.811
09.06.2022,87.61,82.047
10.06.2022,86,81.519
13.06.2022,86,81.046
14.06.2022,90.1,96.144
15.06.2022,99.12,114.408
16.06.2022,103.361,117.865
17.06.2022,94.606,108.543
20.06.2022,97.1,116.369
21.06.2022,100.375,123.295
22.06.2022,104.971,124.993
23.06.2022,109.717,128.964
24.06.2022,107.43,126.397
27.06.2022,106.25,128.836
28.06.2022,105.914,129.783
29.06.2022,111.98,139.981
30.06.2022,115.534,144.618
01.07.2022,118.02,147.916
04.07.2022,127.743,163.007
05.07.2022,127.46,163.188
06.07.2022,136.05,172.614
07.07.2022,148.71,185.53
08.07.2022,146.83,170.063
11.07.2022,143.12,162.394
12.07.2022,147.475,173.675
13.07.2022,150.3,181.921
14.07.2022,145.687,172.043
15.07.2022,134.92,153.606
18.07.2022,133.722,155.891
19.07.2022,132.62,151.876
20.07.2022,153.834,154.095
21.07.2022,132.67,156
22.07.2022,136.771,159.207
25.07.2022,144.4,176.356
26.07.2022,158.21,202.577
27.07.2022,154.812,206.482
28.07.2022,154.475,200.305
29.07.2022,153.605,192.085
01.08.2022,161.17,199.864
02.08.2022,164.928,200.927
03.08.2022,165.681,200.06
04.08.2022,166.876,199.139
05.08.2022,167.291,193.576
08.08.2022,167.656,191.961
09.08.2022,171.064,192.114
10.08.2022,183.832,202.64
11.08.2022,195.47,206.899
12.08.2022,195.42,200.134
15.08.2022,206.25,216.97
16.08.2022,212.088,226.047
17.08.2022,212.574,225.261
18.08.2022,226.65,239.324
19.08.2022,232.97,246.205
22.08.2022,255.93,280.5
23.08.2022,247.93,268.492
24.08.2022,268.9,292.713
25.08.2022,293.725,312.268
26.08.2022,314.425,319.565
29.08.2022,269.724,315.862
30.08.2022,233.975,249.402
31.08.2022,199.57,232.017
01.09.2022,199.92,225.03
02.09.2022,186.45,181.515
05.09.2022,210.639,218.408
06.09.2022,213.33,231.902
07.09.2022,201.3,209.908
08.09.2022,205.05,201.6
09.09.2022,194.725,191.197
12.09.2022,180.46,186.096
13.09.2022,182.775,197.816
14.09.2022,197.7,216.423
15.09.2022,206.94,201.044
16.09.2022,183.13,165.827
19.09.2022,179.12,164.136
20.09.2022,188.91,174.765
21.09.2022,191.36,177.031
22.09.2022,188.68,172.607
23.09.2022,188.72,169.46
26.09.2022,184.03,168.758
27.09.2022,192.923,203.645
28.09.2022,211.325,201.873
29.09.2022,190.7,180.282
03.10.2022,170.865,128.495
04.10.2022,164.6,89.904
05.10.2022,177.7,100.235
06.10.2022,179.01,129.042
07.10.2022,168.323,99.42
10.10.2022,171.77,103.52
11.10.2022,174.238,103.286
12.10.2022,169.78,103.382
13.10.2022,162.27,90.8
14.10.2022,158.648,65.723
17.10.2022,154.928,62.204
18.10.2022,145.21,63.935
19.10.2022,141.24,69.808
20.10.2022,156.115,59.542
21.10.2022,149.763,40.786
24.10.2022,143.65,27.9
25.10.2022,140.442,41.229
26.10.2022,141.091,43.867
27.10.2022,143.24,32.927
28.10.2022,145.593,35.443
31.10.2022,132.913,31.191
01.11.2022,126.155,22.404
02.11.2022,134.3,47.451
03.11.2022,133.92,69.102
04.11.2022,127.07,57.485
07.11.2022,124.189,64.985
08.11.2022,129.565,90.726
09.11.2022,124.03,88.837
10.11.2022,123.948,75.806
11.11.2022,110.68,67.634
14.11.2022,123,108.017
15.11.2022,131.85,114.194
16.11.2022,124.7,100.966
17.11.2022,123.67,107.117
18.11.2022,125.467,111.442
21.11.2022,125.94,113.441
22.11.2022,131.45,117.319
23.11.2022,137.651,126.359
24.11.2022,132.845,118.997
25.11.2022,133.28,125.694
28.11.2022,131.244,124.942
29.11.2022,137.97,133.52
30.11.2022,146.48,140.551
01.12.2022,142.478,136.631
02.12.2022,137.515,133.894
05.12.2022,137.22,135.375
06.12.2022,141.022,139.988
07.12.2022,150.771,149.129
08.12.2022,141.836,137.663
09.12.2022,141.8,146.625
12.12.2022,140.205,138.244
13.12.2022,140.147,138.434
14.12.2022,133.739,132.733
15.12.2022,135.754,135.091
16.12.2022,118.795,116.563
19.12.2022,112.43,107.151
20.12.2022,109.98,105.352
21.12.2022,102.72,94.661
22.12.2022,96.63,89.307
23.12.2022,90.415,80.528
27.12.2022,83.864,77.2
28.12.2022,83.95,77.599
29.12.2022,84.847,79.779
30.12.2022,77.31,66.229
02.01.2023,78,68.881
03.01.2023,77.79,63.114
04.01.2023,71.975,63.114
05.01.2023,74.79,67.036
06.01.2023,73.913,66.44
09.01.2023,76.44,72.44
10.01.2023,74.19,66.857
11.01.2023,71.74,65.115
12.01.2023,70.329,65.819
13.01.2023,67.96,63.962
16.01.2023,61.275,56.545
17.01.2023,63.79,60.605
18.01.2023,66.42,62.608
19.01.2023,66.981,61.784
20.01.2023,70.91,68.876
23.01.2023,71.5,67.051
24.01.2023,64.8,59.303
25.01.2023,62.67,58.031
26.01.2023,62.722,56.367
27.01.2023,62.722,57.109
30.01.2023,63.615,56.276
31.01.2023,65.24,58.887
01.02.2023,66.92,60.475
02.02.2023,65.852,56.868
03.02.2023,66.599,59.899
06.02.2023,65.475,59.78
07.02.2023,64.028,56.377
08.02.2023,62.336,55.245
09.02.2023,61.298,54.44
10.02.2023,61.45,55.283
13.02.2023,60.115,52.984
14.02.2023,60.294,53.865
15.02.2023,61.135,55.11
