"Date","HDD16"
2018-01-01,9.52601432800293
2018-01-02,11.4861059188843
2018-01-03,9.79409217834473
2018-01-04,9.26118278503418
2018-01-05,8.81374645233154
2018-01-06,10.656213760376
2018-01-07,13.4561357498169
2018-01-08,13.9467916488647
2018-01-09,12.3760757446289
2018-01-10,11.5260467529297
2018-01-11,12.6573677062988
2018-01-12,12.983510017395
2018-01-13,13.7229356765747
2018-01-14,15.6134624481201
2018-01-15,14.1548595428467
2018-01-16,12.0923624038696
2018-01-17,14.3260526657104
2018-01-18,12.4346466064453
2018-01-19,13.8729591369629
2018-01-20,14.657567024231
2018-01-21,15.2198991775513
2018-01-22,13.4374094009399
2018-01-23,10.9045972824097
2018-01-24,7.18224334716797
2018-01-25,8.3590259552002
2018-01-26,10.5843725204468
2018-01-27,11.5734958648682
2018-01-28,9.15586757659912
2018-01-29,7.94915199279785
2018-01-30,11.338231086731
2018-01-31,10.1579370498657
2018-02-01,13.4083518981934
2018-02-02,14.0208616256714
2018-02-03,15.0300207138062
2018-02-04,16.6382369995117
2018-02-05,17.1453647613525
2018-02-06,18.4352531433105
2018-02-07,18.2575359344482
2018-02-08,18.8043003082275
2018-02-09,17.8104991912842
2018-02-10,15.9010629653931
2018-02-11,14.3421573638916
2018-02-12,15.3894462585449
2018-02-13,16.8192672729492
2018-02-14,17.4733486175537
2018-02-15,15.5313262939453
2018-02-16,13.5235776901245
2018-02-17,15.5173578262329
2018-02-18,15.9020214080811
2018-02-19,16.4021911621094
2018-02-20,16.7621212005615
2018-02-21,16.932933807373
2018-02-22,17.4483833312988
2018-02-23,18.3323612213135
2018-02-24,18.6584548950195
2018-02-25,21.4441909790039
2018-02-26,22.8144111633301
2018-02-27,23.9976844787598
2018-02-28,25.1238422393799
2018-03-01,22.6511688232422
2018-03-02,21.6903705596924
2018-03-03,19.1985530853271
2018-03-04,14.435510635376
2018-03-05,11.3671092987061
2018-03-06,12.9197635650635
2018-03-07,12.3248510360718
2018-03-08,11.0175848007202
2018-03-09,10.6979684829712
2018-03-10,7.5695915222168
2018-03-11,5.75546503067017
2018-03-12,7.18749332427979
2018-03-13,9.37602710723877
2018-03-14,11.4037551879883
2018-03-15,11.1090469360352
2018-03-16,12.4662990570068
2018-03-17,17.9103660583496
2018-03-18,19.0652370452881
2018-03-19,18.4909076690674
2018-03-20,16.7870426177979
2018-03-21,15.9129419326782
2018-03-22,14.3607902526855
2018-03-23,12.3955688476562
2018-03-24,11.3659591674805
2018-03-25,10.7157020568848
2018-03-26,11.0830745697021
2018-03-27,11.1583776473999
2018-03-28,10.0573692321777
2018-03-29,11.2607936859131
2018-03-30,9.81041049957275
2018-03-31,10.4471092224121
2018-04-01,11.9294710159302
2018-04-02,9.19707870483398
2018-04-03,3.22016549110413
2018-04-04,3.93928575515747
2018-04-05,8.1158390045166
2018-04-06,8.93200016021729
2018-04-07,3.57921862602234
2018-04-08,1.74558210372925
2018-04-09,2.1090567111969
2018-04-10,2.57100367546081
2018-04-11,4.80428743362427
2018-04-12,2.64585638046265
2018-04-13,4.40187501907349
2018-04-14,4.21128559112549
2018-04-15,3.09240984916687
2018-04-16,3.2727746963501
2018-04-17,2.47186303138733
2018-04-18,0.4735327064991
2018-04-19,0.0857834294438362
2018-04-20,0.0297403931617737
2018-04-21,0.496717184782028
2018-04-22,0.329447627067566
2018-04-23,0.794323325157166
2018-04-24,3.06708383560181
2018-04-25,3.00747871398926
2018-04-26,6.50914144515991
2018-04-27,4.66323566436768
2018-04-28,2.52846384048462
2018-04-29,0.970224499702454
2018-04-30,2.65977215766907
2018-05-01,6.71831321716309
2018-05-02,5.27156257629395
2018-05-03,3.71135663986206
2018-05-04,3.18944430351257
2018-05-05,1.73549616336823
2018-05-06,0.536560893058777
2018-05-07,0.104371748864651
2018-05-08,0.0223838612437248
2018-05-09,0.0879957750439644
2018-05-10,1.50837278366089
2018-05-11,2.05746555328369
2018-05-12,0.0800381004810333
2018-05-13,0.63234531879425
2018-05-14,0.649325609207153
2018-05-15,1.13871800899506
2018-05-16,2.04087543487549
2018-05-17,3.28194069862366
2018-05-18,4.1821870803833
2018-05-19,3.17754673957825
2018-05-20,0.89869087934494
2018-05-21,0.0856395363807678
2018-05-22,0.042069036513567
2018-05-23,0.0317042022943497
2018-05-24,0.0856329947710037
2018-05-25,0.0178078543394804
2018-05-26,0.00262547796592116
2018-05-27,0.00286814616993069
2018-05-28,0.0005941487615928
2018-05-29,0.00084117060760036
2018-05-30,0.00060598901472985
2018-05-31,0.00071634398773312
2018-06-01,0.00493327667936682
2018-06-02,0.00516285607591271
2018-06-03,0.00121840846259146
2018-06-04,0.00951062981039285
2018-06-05,0.00969138834625482
2018-06-06,0.00101379968691617
2018-06-07,0.00262659532018005
2018-06-08,0.00269647198729217
2018-06-09,0.00061848934274166
2018-06-10,0.00020352653518784
2018-06-11,0.00754589168354868
2018-06-12,0.573549091815948
2018-06-13,2.1053569316864
2018-06-14,0.870508015155792
2018-06-15,0.065031498670578
2018-06-16,0.00755545729771256
2018-06-17,0.0429135374724865
2018-06-18,0.0112246852368116
2018-06-19,0.00153305451385676
2018-06-20,2.2537187760463e-05
2018-06-21,0.555550873279572
2018-06-22,3.66410875320435
2018-06-23,3.11275815963745
2018-06-24,2.07835173606873
2018-06-25,0.638178765773773
2018-06-26,0.307518035173416
2018-06-27,0.0457740612328053
2018-06-28,0.228500634431839
2018-06-29,0.0121185937896371
2018-06-30,0.0115623278543353
2018-07-01,0.135292425751686
2018-07-02,0.0345100350677967
2018-07-03,0.00277053448371589
2018-07-04,0.0031114297453314
2018-07-05,0.00759625621140003
2018-07-06,0.0260743275284767
2018-07-07,0.0171050298959017
2018-07-08,0.00447284756228327
2018-07-09,0.0835868492722511
2018-07-10,0.726515233516693
2018-07-11,0.703250050544739
2018-07-12,0.0760810151696205
2018-07-13,0.00081095437053591
2018-07-14,0.0119010386988521
2018-07-15,0.00094887526938691
2018-07-16,0.00126088387332856
2018-07-17,0.00295684090815484
2018-07-18,0.00039272900903597
2018-07-19,0.00023550595506094
2018-07-20,0.00035355560248717
2018-07-21,0.00567024014890193
2018-07-22,0.00977486651390791
2018-07-23,0.00199343776330351
2018-07-24,0.00015013154188636
2018-07-25,5.02041475556325e-05
2018-07-26,6.56667998555349e-06
2018-07-27,0
2018-07-28,0.00017741884221322
2018-07-29,0
2018-07-30,0
2018-07-31,0
2018-08-01,0
2018-08-02,0
2018-08-03,0
2018-08-04,0
2018-08-05,0
2018-08-06,0
2018-08-07,0
2018-08-08,0
2018-08-09,0
2018-08-10,0.0236459504812956
2018-08-11,0.0881986245512962
2018-08-12,0.00097806798294186
2018-08-13,0.00070565636269748
2018-08-14,0.00512774800881743
2018-08-15,0.00232221977785229
2018-08-16,0.00062290433561429
2018-08-17,0.00042040110565721
2018-08-18,0.00041273480746895
2018-08-19,0.00021666317479684
2018-08-20,0.00010912578727584
2018-08-21,0.00013372530520427
2018-08-22,8.12155049061403e-05
2018-08-23,0.00052150816190987
2018-08-24,0.037643063813448
2018-08-25,2.77991533279419
2018-08-26,2.40657758712769
2018-08-27,0.159912690520287
2018-08-28,0.0024561807513237
2018-08-29,0.00039782212115824
2018-08-30,0.164422556757927
2018-08-31,1.74872279167175
2018-09-01,1.51713144779205
2018-09-02,0.838088512420654
2018-09-03,0.164718613028526
2018-09-04,0.0676870569586754
2018-09-05,0.00867335312068462
2018-09-06,0.00454272888600826
2018-09-07,0.522844552993774
2018-09-08,0.999306440353394
2018-09-09,0.0630194619297981
2018-09-10,0.00558027531951665
2018-09-11,0.00224758358672261
2018-09-12,0.152099475264549
2018-09-13,1.3149516582489
2018-09-14,1.26791679859161
2018-09-15,1.13840007781982
2018-09-16,0.583941459655762
2018-09-17,0.00133399327751249
2018-09-18,0.00282150227576494
2018-09-19,0.00297308480367064
2018-09-20,0.00304959248751401
2018-09-21,0.0624230355024338
2018-09-22,3.654456615448
2018-09-23,4.11030960083008
2018-09-24,6.86890506744385
2018-09-25,7.68401527404785
2018-09-26,5.40810346603394
2018-09-27,1.77402782440186
2018-09-28,4.15486431121826
2018-09-29,6.94139337539673
2018-09-30,5.80333471298218
2018-10-01,7.1151065826416
2018-10-02,7.82809066772461
2018-10-03,4.93339681625366
2018-10-04,5.01809549331665
2018-10-05,2.99748826026917
2018-10-06,1.18291664123535
2018-10-07,3.96487498283386
2018-10-08,5.50156545639038
2018-10-09,3.66072082519531
2018-10-10,1.574343085289
2018-10-11,0.540560007095337
2018-10-12,0.094916857779026
2018-10-13,0.381194412708282
2018-10-14,0.424479573965073
2018-10-15,0.818417429924011
2018-10-16,1.73273110389709
2018-10-17,2.26575398445129
2018-10-18,3.74019932746887
2018-10-19,5.72702693939209
2018-10-20,6.70552778244019
2018-10-21,7.08128547668457
2018-10-22,7.7831974029541
2018-10-23,6.90911960601807
2018-10-24,4.6690616607666
2018-10-25,4.72472095489502
2018-10-26,6.6122875213623
2018-10-27,10.0568494796753
2018-10-28,12.2722406387329
2018-10-29,11.2049760818481
2018-10-30,8.88034343719482
2018-10-31,8.64632129669189
2018-11-01,8.18079662322998
2018-11-02,7.90120601654053
2018-11-03,9.60487461090088
2018-11-04,7.78920650482178
2018-11-05,6.03266382217407
2018-11-06,5.80531358718872
2018-11-07,5.96621179580688
2018-11-08,6.6625804901123
2018-11-09,7.11001873016357
2018-11-10,6.14614629745483
2018-11-11,5.29169178009033
2018-11-12,4.95725297927856
2018-11-13,6.51553440093994
2018-11-14,9.49761486053467
2018-11-15,11.0043392181396
2018-11-16,11.7712316513062
2018-11-17,13.1243524551392
2018-11-18,14.5557727813721
2018-11-19,13.5533742904663
2018-11-20,14.2984580993652
2018-11-21,14.8786745071411
2018-11-22,14.4201211929321
2018-11-23,14.2416124343872
2018-11-24,12.979772567749
2018-11-25,12.234393119812
2018-11-26,12.6549615859985
2018-11-27,14.7421855926514
2018-11-28,14.7931852340698
2018-11-29,12.4639368057251
2018-11-30,11.2882633209229
2018-12-01,10.2947969436646
2018-12-02,7.43768310546875
2018-12-03,5.14730930328369
2018-12-04,10.15345287323
2018-12-05,13.024528503418
2018-12-06,8.54073143005371
2018-12-07,6.11888027191162
2018-12-08,9.31929206848144
2018-12-09,9.29891109466553
2018-12-10,12.1817922592163
2018-12-11,13.2935285568237
2018-12-12,14.4587631225586
2018-12-13,15.8431577682495
2018-12-14,16.5608100891113
2018-12-15,17.1715412139893
2018-12-16,16.9548034667969
2018-12-17,13.8152256011963
2018-12-18,12.853889465332
2018-12-19,12.6491661071777
2018-12-20,10.9363164901733
2018-12-21,8.24558353424072
2018-12-22,7.85054969787598
2018-12-23,9.02586841583252
2018-12-24,12.4533624649048
2018-12-25,13.8213348388672
2018-12-26,14.6070032119751
2018-12-27,14.1827554702759
2018-12-28,14.2875146865845
2018-12-29,12.9805383682251
2018-12-30,10.6183967590332
2018-12-31,9.90436267852783
2019-01-01,10.4600820541382
2019-01-02,14.083158493042
2019-01-03,16.3230400085449
2019-01-04,14.7851324081421
2019-01-05,11.7514238357544
2019-01-06,12.2582139968872
2019-01-07,12.1619100570679
2019-01-08,11.6857118606567
2019-01-09,14.4369068145752
2019-01-10,16.03440284729
2019-01-11,14.8999404907227
2019-01-12,12.1870193481445
2019-01-13,10.2288465499878
2019-01-14,12.9659175872803
2019-01-15,12.6192150115967
2019-01-16,11.8589468002319
2019-01-17,12.4418659210205
2019-01-18,16.636058807373
2019-01-19,18.747709274292
2019-01-20,20.0986137390137
2019-01-21,20.0457439422607
2019-01-22,19.9224128723145
2019-01-23,20.3638668060303
2019-01-24,20.3696975708008
2019-01-25,19.122127532959
2019-01-26,13.4711141586304
2019-01-27,11.7652721405029
2019-01-28,14.2663545608521
2019-01-29,15.8221158981323
2019-01-30,16.6219520568848
2019-01-31,16.8655071258545
2019-02-01,15.3822002410889
2019-02-02,14.793646812439
2019-02-03,15.2455520629883
2019-02-04,15.8709678649902
2019-02-05,15.3297357559204
2019-02-06,14.9041185379028
2019-02-07,13.3887910842896
2019-02-08,10.856369972229
2019-02-09,9.2663402557373
2019-02-10,9.68462085723877
2019-02-11,12.4693698883057
2019-02-12,13.4002389907837
2019-02-13,12.4820013046265
2019-02-14,11.8446798324585
2019-02-15,10.6967287063599
2019-02-16,9.85574817657471
2019-02-17,9.82437324523926
2019-02-18,9.65303134918213
2019-02-19,10.103328704834
2019-02-20,10.3292636871338
2019-02-21,8.83324337005615
2019-02-22,9.38663387298584
2019-02-23,13.182861328125
2019-02-24,11.8701133728027
2019-02-25,9.7535924911499
2019-02-26,8.76505565643311
2019-02-27,7.93512582778931
2019-02-28,7.52459573745728
2019-03-01,9.5933723449707
2019-03-02,10.0625467300415
2019-03-03,6.67841672897339
2019-03-04,7.48291635513306
2019-03-05,10.5360927581787
2019-03-06,8.17687702178955
2019-03-07,6.92424726486206
2019-03-08,9.19266510009766
2019-03-09,8.31487846374512
2019-03-10,9.0719690322876
2019-03-11,12.8116207122803
2019-03-12,10.8787250518799
2019-03-13,10.4697465896606
2019-03-14,10.7108364105225
2019-03-15,8.34287643432617
2019-03-16,7.4770302772522
2019-03-17,8.59527683258057
2019-03-18,11.8942880630493
2019-03-19,12.3075323104858
2019-03-20,10.470193862915
2019-03-21,7.74561452865601
2019-03-22,6.2892165184021
2019-03-23,7.30556344985962
2019-03-24,8.82079696655273
2019-03-25,11.1708135604858
2019-03-26,11.0159826278687
2019-03-27,9.62434577941894
2019-03-28,7.81054973602295
2019-03-29,6.34419822692871
2019-03-30,5.46132898330688
2019-03-31,7.23256301879883
2019-04-01,8.28022575378418
2019-04-02,5.72861623764038
2019-04-03,6.71969652175903
2019-04-04,9.3879919052124
2019-04-05,9.09573650360107
2019-04-06,5.43593406677246
2019-04-07,4.24145460128784
2019-04-08,5.08991575241089
2019-04-09,7.22566604614258
2019-04-10,9.27411365509033
2019-04-11,10.9986333847046
2019-04-12,12.5341835021973
2019-04-13,13.1016883850098
2019-04-14,11.7983980178833
2019-04-15,7.69991064071655
2019-04-16,6.10808181762695
2019-04-17,4.3376259803772
2019-04-18,2.35981678962708
2019-04-19,1.2753164768219
2019-04-20,1.59579539299011
2019-04-21,1.63666903972626
2019-04-22,1.28681612014771
2019-04-23,1.24157547950745
2019-04-24,0.467622756958008
2019-04-25,1.28071343898773
2019-04-26,4.93654346466064
2019-04-27,6.64251947402954
2019-04-28,8.27803230285645
2019-04-29,7.79037857055664
2019-04-30,5.48730754852295
2019-05-01,5.07374000549316
2019-05-02,5.43495035171509
2019-05-03,7.62737894058228
2019-05-04,11.1081552505493
2019-05-05,10.9832010269165
2019-05-06,9.94067859649658
2019-05-07,8.43056678771973
2019-05-08,6.38856554031372
2019-05-09,4.84492301940918
2019-05-10,5.02624559402466
2019-05-11,6.36319303512573
2019-05-12,7.47739219665527
2019-05-13,6.89898061752319
2019-05-14,7.38916921615601
2019-05-15,7.37296772003174
2019-05-16,7.08690547943115
2019-05-17,4.26702451705933
2019-05-18,1.36139273643494
2019-05-19,0.695785284042358
2019-05-20,1.92217135429382
2019-05-21,3.07867360115051
2019-05-22,3.83591818809509
2019-05-23,2.27630639076233
2019-05-24,0.591612339019775
2019-05-25,2.24957013130188
2019-05-26,0.738822877407074
2019-05-27,0.927809596061706
2019-05-28,3.59072661399841
2019-05-29,4.37617969512939
2019-05-30,1.57226729393005
2019-05-31,0.136900439858437
2019-06-01,0.0174601711332798
2019-06-02,0.00122653867583721
2019-06-03,0.00100339751224964
2019-06-04,0.00909383688122034
2019-06-05,1.9576398699428e-05
2019-06-06,1.13023447990417
2019-06-07,0.296473771333694
2019-06-08,0.773613095283508
2019-06-09,0.203162208199501
2019-06-10,0.133055701851845
2019-06-11,0.283905595541
2019-06-12,0.449881881475449
2019-06-13,0.061454314738512
2019-06-14,0
2019-06-15,0.00037601892836391
2019-06-16,0.0765994191169739
2019-06-17,0.00132225069683045
2019-06-18,0.00025112822186201
2019-06-19,8.11506542959251e-05
2019-06-20,0.00362040451727807
2019-06-21,0.0287543181329966
2019-06-22,0.0360655300319195
2019-06-23,0.00129723874852061
2019-06-24,0
2019-06-25,0
2019-06-26,0
2019-06-27,0.0694954320788383
2019-06-28,0.00857673399150371
2019-06-29,0
2019-06-30,0
2019-07-01,0
2019-07-02,0.14328707754612
2019-07-03,0.579870522022247
2019-07-04,0.164759308099747
2019-07-05,0.0300510246306658
2019-07-06,0.12471965700388
2019-07-07,0.893543124198914
2019-07-08,1.75493371486664
2019-07-09,1.80422294139862
2019-07-10,0.53954952955246
2019-07-11,0.36545005440712
2019-07-12,0.0801636427640915
2019-07-13,0.314320772886276
2019-07-14,0.756446361541748
2019-07-15,0.900756776332855
2019-07-16,0.635433435440063
2019-07-17,0.0907962769269943
2019-07-18,0.00078894279431551
2019-07-19,0.00032104284036904
2019-07-20,0
2019-07-21,0.00014285721408668
2019-07-22,5.85571106057614e-05
2019-07-23,0
2019-07-24,0
2019-07-25,0
2019-07-26,0
2019-07-27,0.00030931114451959
2019-07-28,0.00755160395056009
2019-07-29,0.00463307648897171
2019-07-30,0
2019-07-31,0.00745658809319138
2019-08-01,0.00053853372810408
2019-08-02,0.00641495920717716
2019-08-03,0.0141096385195851
2019-08-04,0.00144975376315414
2019-08-05,5.24782481079455e-05
2019-08-06,0.00053073361050337
2019-08-07,0.00218029203824698
2019-08-08,0.00056452362332493
2019-08-09,0
2019-08-10,0.00023392918228637
2019-08-11,0.00711235450580716
2019-08-12,0.23921126127243
2019-08-13,0.955169320106506
2019-08-14,0.528390645980835
2019-08-15,0.291017919778824
2019-08-16,0.0296656936407089
2019-08-17,0.00145596545189619
2019-08-18,0.000214713945752
2019-08-19,0.00619509583339095
2019-08-20,0.352566421031952
2019-08-21,0.395513445138931
2019-08-22,0.0548341274261475
2019-08-23,0.00249779340811073
2019-08-24,0.00049609917914494
2019-08-25,0.00067067518830299
2019-08-26,0.00064685358665883
2019-08-27,0.0001260057761101
2019-08-28,0
2019-08-29,0.00065565755357965
2019-08-30,0.00035467621637508
2019-08-31,0.00029801714117638
2019-09-01,0.0147470105439424
2019-09-02,1.00789105892181
2019-09-03,0.705785810947418
2019-09-04,0.0549984462559223
2019-09-05,1.73971927165985
2019-09-06,2.54396820068359
2019-09-07,2.89282011985779
2019-09-08,3.63598227500916
2019-09-09,3.84447455406189
2019-09-10,3.12719631195068
2019-09-11,1.68402326107025
2019-09-12,0.0484254024922848
2019-09-13,0.0482073873281479
2019-09-14,1.66642689704895
2019-09-15,0.316897541284561
2019-09-16,1.52762675285339
2019-09-17,2.77094054222107
2019-09-18,5.01837396621704
2019-09-19,5.94043827056885
2019-09-20,5.37412977218628
2019-09-21,2.1774218082428
2019-09-22,0.550228118896484
2019-09-23,1.31317520141602
2019-09-24,1.66994166374207
2019-09-25,1.57157504558563
2019-09-26,0.895548641681671
2019-09-27,0.787647426128387
2019-09-28,1.53847551345825
2019-09-29,0.988985419273376
2019-09-30,1.85314750671387
2019-10-01,1.96736097335815
2019-10-02,5.45251512527466
2019-10-03,7.06329441070557
2019-10-04,6.7770676612854
2019-10-05,6.81033849716187
2019-10-06,8.28486251831055
2019-10-07,7.71339988708496
2019-10-08,4.37310075759888
2019-10-09,4.70283603668213
2019-10-10,5.29452228546143
2019-10-11,3.44230961799622
2019-10-12,1.25970304012299
2019-10-13,0.26274910569191
2019-10-14,0.438146263360977
2019-10-15,1.43225169181824
2019-10-16,3.68156838417053
2019-10-17,2.60824751853943
2019-10-18,2.93150281906128
2019-10-19,3.96455550193787
2019-10-20,3.21166157722473
2019-10-21,2.67148780822754
2019-10-22,4.27087020874023
2019-10-23,4.09168434143066
2019-10-24,2.635169506073
2019-10-25,2.78311133384705
2019-10-26,2.36920142173767
2019-10-27,5.12001705169678
2019-10-28,9.26097297668457
2019-10-29,10.4247550964355
2019-10-30,12.3367986679077
2019-10-31,13.1439828872681
2019-11-01,10.8444547653198
2019-11-02,3.96236205101013
2019-11-03,5.19660711288452
2019-11-04,6.13693428039551
2019-11-05,7.80301523208618
2019-11-06,8.84733963012695
2019-11-07,9.21419525146484
2019-11-08,10.6172323226929
2019-11-09,11.5003700256348
2019-11-10,13.7015008926392
2019-11-11,13.6108846664429
2019-11-12,11.7011957168579
2019-11-13,12.2411794662476
2019-11-14,12.2012004852295
2019-11-15,11.625358581543
2019-11-16,12.0439481735229
2019-11-17,12.5726938247681
2019-11-18,11.2005996704102
2019-11-19,11.9097328186035
2019-11-20,13.5943288803101
2019-11-21,12.1428699493408
2019-11-22,11.362585067749
2019-11-23,10.1558656692505
2019-11-24,11.1957216262817
2019-11-25,11.6866235733032
2019-11-26,9.25686550140381
2019-11-27,7.83541679382324
2019-11-28,7.06938600540161
2019-11-29,10.8543357849121
2019-11-30,14.3069553375244
2019-12-01,15.5344371795654
2019-12-02,14.2449216842651
2019-12-03,13.2126808166504
2019-12-04,14.6725406646729
2019-12-05,16.308536529541
2019-12-06,13.4977159500122
2019-12-07,8.68218326568604
2019-12-08,7.88341999053955
2019-12-09,9.91731643676758
2019-12-10,13.5023250579834
2019-12-11,13.9313058853149
2019-12-12,13.5482044219971
2019-12-13,13.8229074478149
2019-12-14,11.0912160873413
2019-12-15,9.04405212402344
2019-12-16,9.40252208709717
2019-12-17,7.09015321731567
2019-12-18,8.80010414123535
2019-12-19,9.69320201873779
2019-12-20,8.94611549377441
2019-12-21,10.2159099578857
2019-12-22,10.4922485351562
2019-12-23,9.6928071975708
2019-12-24,9.93541049957275
2019-12-25,10.2665071487427
2019-12-26,12.358585357666
2019-12-27,13.0115804672241
2019-12-28,16.2145614624023
2019-12-29,16.725456237793
2019-12-30,13.5549259185791
2019-12-31,13.4331159591675
2020-01-01,16.1531944274902
2020-01-02,16.2831974029541
2020-01-03,11.181342124939
2020-01-04,11.8560905456543
2020-01-05,12.8456315994263
2020-01-06,13.6178426742554
2020-01-07,12.5257682800293
2020-01-08,10.1752672195435
2020-01-09,7.34966421127319
2020-01-10,8.70821571350098
2020-01-11,12.5633640289307
2020-01-12,13.0417919158936
2020-01-13,11.3188734054565
2020-01-14,8.98008632659912
2020-01-15,7.38513088226318
2020-01-16,9.4156904220581
2020-01-17,10.5843353271484
2020-01-18,12.2957420349121
2020-01-19,14.0089902877808
2020-01-20,14.311562538147
2020-01-21,16.1466293334961
2020-01-22,16.0110321044922
2020-01-23,15.2897367477417
2020-01-24,16.31103515625
2020-01-25,15.525484085083
2020-01-26,14.0826396942139
2020-01-27,10.7266035079956
2020-01-28,11.5709409713745
2020-01-29,12.7327375411987
2020-01-30,9.97593784332275
2020-01-31,5.41018056869507
2020-02-01,5.63395833969116
2020-02-02,7.62116670608521
2020-02-03,7.76322555541992
2020-02-04,11.9811563491821
2020-02-05,13.5868768692017
2020-02-06,13.9029741287231
2020-02-07,13.5758504867554
2020-02-08,12.547682762146
2020-02-09,7.9254903793335
2020-02-10,8.47308349609375
2020-02-11,11.9800930023193
2020-02-12,12.625922203064
2020-02-13,12.6897764205933
2020-02-14,10.8683862686157
2020-02-15,9.61646556854248
2020-02-16,4.55860185623169
2020-02-17,7.85588216781616
2020-02-18,10.0864133834839
2020-02-19,11.4606800079346
2020-02-20,10.3850431442261
2020-02-21,10.8993558883667
2020-02-22,8.58359622955322
2020-02-23,7.3859748840332
2020-02-24,9.63119506835938
2020-02-25,9.03762817382812
2020-02-26,13.543402671814
2020-02-27,13.9417304992676
2020-02-28,13.0131855010986
2020-02-29,8.75976276397705
2020-03-01,9.34523391723633
2020-03-02,10.3129587173462
2020-03-03,11.9618825912476
2020-03-04,12.5239028930664
2020-03-05,11.3106718063354
2020-03-06,11.2077417373657
2020-03-07,11.6766757965088
2020-03-08,9.69356441497803
2020-03-09,9.54277229309082
2020-03-10,9.04748821258545
2020-03-11,5.11664247512817
2020-03-12,6.35311126708984
2020-03-13,10.1488656997681
2020-03-14,11.6882524490356
2020-03-15,8.62662601470947
2020-03-16,6.87504386901855
2020-03-17,6.60955286026001
2020-03-18,5.88635540008545
2020-03-19,5.92919588088989
2020-03-20,7.67172479629517
2020-03-21,12.1875247955322
2020-03-22,13.8397569656372
2020-03-23,14.5278768539429
2020-03-24,13.712794303894
2020-03-25,12.8248720169067
2020-03-26,11.8969774246216
2020-03-27,7.93198728561401
2020-03-28,7.79783773422241
2020-03-29,12.8763904571533
2020-03-30,14.7771635055542
2020-03-31,13.9839086532593
2020-04-01,12.9241237640381
2020-04-02,10.4993629455566
2020-04-03,9.72865962982178
2020-04-04,8.96793460845947
2020-04-05,5.67994356155396
2020-04-06,2.74137377738953
2020-04-07,2.72681975364685
2020-04-08,1.76243937015533
2020-04-09,2.86942672729492
2020-04-10,4.49894666671753
2020-04-11,4.36537837982178
2020-04-12,1.70162773132324
2020-04-13,7.3589563369751
2020-04-14,11.3210906982422
2020-04-15,7.78892087936401
2020-04-16,3.5585355758667
2020-04-17,3.15507364273071
2020-04-18,2.68185234069824
2020-04-19,4.46010208129883
2020-04-20,4.94184398651123
2020-04-21,3.71496272087097
2020-04-22,2.7935471534729
2020-04-23,2.55606436729431
2020-04-24,2.59769535064697
2020-04-25,5.28474140167236
2020-04-26,5.0488452911377
2020-04-27,2.47283220291138
2020-04-28,3.02493953704834
2020-04-29,4.05579662322998
2020-04-30,4.62079763412476
2020-05-01,5.93294715881348
2020-05-02,7.1740517616272
2020-05-03,5.84632253646851
2020-05-04,5.40749740600586
2020-05-05,7.41775846481323
2020-05-06,6.41989946365356
2020-05-07,4.17463541030884
2020-05-08,1.36232507228851
2020-05-09,0.532122373580933
2020-05-10,0.820444941520691
2020-05-11,8.37698364257812
2020-05-12,9.69197463989258
2020-05-13,7.99993848800659
2020-05-14,7.37184906005859
2020-05-15,6.62488603591919
2020-05-16,4.83891820907593
2020-05-17,3.54787611961365
2020-05-18,0.898113429546356
2020-05-19,0.491657495498657
2020-05-20,0.853515267372131
2020-05-21,0.440688818693161
2020-05-22,0.0918072536587715
2020-05-23,2.27840900421143
2020-05-24,3.72820067405701
2020-05-25,2.86499667167664
2020-05-26,2.59772086143494
2020-05-27,0.950132846832275
2020-05-28,1.89056897163391
2020-05-29,1.92673861980438
2020-05-30,1.88068509101868
2020-05-31,1.63792634010315
2020-06-01,0.162529811263084
2020-06-02,0.036529965698719
2020-06-03,0.019382119178772
2020-06-04,1.76650142669678
2020-06-05,4.59614181518555
2020-06-06,3.72804617881775
2020-06-07,3.12124466896057
2020-06-08,2.32461404800415
2020-06-09,2.1446750164032
2020-06-10,1.68411207199097
2020-06-11,0.963737607002258
2020-06-12,0.00751073379069566
2020-06-13,0.00469645205885171
2020-06-14,0.336838126182556
2020-06-15,0.385854482650757
2020-06-16,0.172862589359283
2020-06-17,0.217001184821129
2020-06-18,0.181193754076958
2020-06-19,0.418844431638718
2020-06-20,0.226017206907272
2020-06-21,0.0289562735706568
2020-06-22,0.00821935012936592
2020-06-23,0.0005973128718324
2020-06-24,0.00699597550556063
2020-06-25,0.00984307657927274
2020-06-26,0.00069288921076804
2020-06-27,0.00035586103331297
2020-06-28,0.00072762003401294
2020-06-29,0.0470478795468807
2020-06-30,0.0789399147033691
2020-07-01,0.00024916173424571
2020-07-02,0.0108085172250867
2020-07-03,0.0610847063362598
2020-07-04,0.00478130672127008
2020-07-05,8.63489767652936e-05
2020-07-06,0.741571962833405
2020-07-07,1.21757102012634
2020-07-08,1.44689130783081
2020-07-09,0.38378369808197
2020-07-10,0.448593467473984
2020-07-11,1.23487460613251
2020-07-12,0.708099246025085
2020-07-13,0.055494274944067
2020-07-14,0.0796758458018303
2020-07-15,0.415662884712219
2020-07-16,1.16176080703735
2020-07-17,0.19630178809166
2020-07-18,0.0470860861241817
2020-07-19,0.00224240426905453
2020-07-20,0.00565540790557861
2020-07-21,0.324663102626801
2020-07-22,0.284203708171844
2020-07-23,0.00942393764853477
2020-07-24,0.00743897864595055
2020-07-25,0.00086132978321984
2020-07-26,0.00190152996219694
2020-07-27,0
2020-07-28,0
2020-07-29,0.0449245199561119
2020-07-30,0.0165280736982822
2020-07-31,0
2020-08-01,0
2020-08-02,0.00058616983005777
2020-08-03,0.134160473942757
2020-08-04,0.556007385253906
2020-08-05,0.111661680042744
2020-08-06,0.00157216342631727
2020-08-07,0
2020-08-08,0
2020-08-09,0
2020-08-10,0
2020-08-11,0
2020-08-12,0
2020-08-13,0.00032676759292371
2020-08-14,0.00086862983880564
2020-08-15,0.00035162337007932
2020-08-16,0.0003230177972
2020-08-17,0.00379590201191604
2020-08-18,0.00672637857496738
2020-08-19,0.00150519446469843
2020-08-20,0
2020-08-21,0
2020-08-22,0.00049158534966409
2020-08-23,0.00894456729292869
2020-08-24,0.216964870691299
2020-08-25,0.0646730661392212
2020-08-26,0.00535790622234344
2020-08-27,0.131754621863365
2020-08-28,0.0697642862796783
2020-08-29,0.67842423915863
2020-08-30,1.32432794570923
2020-08-31,1.21841537952423
2020-09-01,1.83633327484131
2020-09-02,1.84156060218811
2020-09-03,1.03773951530457
2020-09-04,0.00110184354707598
2020-09-05,0.765539169311523
2020-09-06,2.17272806167603
2020-09-07,1.85091388225555
2020-09-08,0.402717292308807
2020-09-09,0.0232741143554449
2020-09-10,1.03353750705719
2020-09-11,0.767729580402374
2020-09-12,0.362973600625992
2020-09-13,0.00495495460927486
2020-09-14,0.00064072496024891
2020-09-15,0.0003533344133757
2020-09-16,0.00809478852897882
2020-09-17,1.41013360023499
2020-09-18,2.06919813156128
2020-09-19,1.4929062128067
2020-09-20,1.01618051528931
2020-09-21,0.497374594211578
2020-09-22,0.153552666306496
2020-09-23,0.100264683365822
2020-09-24,0.365988075733185
2020-09-25,4.81564331054688
2020-09-26,7.06910705566406
2020-09-27,6.16489410400391
2020-09-28,5.52068662643433
2020-09-29,4.56383609771729
2020-09-30,2.91415333747864
2020-10-01,3.3853645324707
2020-10-02,2.17979025840759
2020-10-03,2.91132736206055
2020-10-04,4.36690807342529
2020-10-05,4.95855808258057
2020-10-06,4.31226682662964
2020-10-07,4.64923238754272
2020-10-08,3.76280736923218
2020-10-09,3.4252667427063
2020-10-10,6.77652215957642
2020-10-11,8.55422019958496
2020-10-12,8.30345821380615
2020-10-13,8.64984226226807
2020-10-14,8.48863887786865
2020-10-15,7.92256259918213
2020-10-16,8.01221561431885
2020-10-17,8.70438861846924
2020-10-18,8.49442005157471
2020-10-19,8.11295700073242
2020-10-20,7.15642499923706
2020-10-21,2.84445333480835
2020-10-22,1.22571492195129
2020-10-23,2.93069124221802
2020-10-24,3.64243674278259
2020-10-25,4.41096305847168
2020-10-26,6.68715000152588
2020-10-27,7.36886548995972
2020-10-28,5.7450704574585
2020-10-29,6.32672023773193
2020-10-30,3.94605803489685
2020-10-31,3.92660045623779
2020-11-01,3.15300631523132
2020-11-02,0.132141694426537
2020-11-03,5.53985738754272
2020-11-04,9.23675441741943
2020-11-05,10.5703125
2020-11-06,9.90561485290527
2020-11-07,9.59324741363525
2020-11-08,9.00525379180908
2020-11-09,8.84484767913818
2020-11-10,10.1295280456543
2020-11-11,8.96388244628906
2020-11-12,7.97951316833496
2020-11-13,7.59992456436157
2020-11-14,5.17657136917114
2020-11-15,5.22909259796143
2020-11-16,6.61396265029907
2020-11-17,6.65197086334229
2020-11-18,6.76044845581055
2020-11-19,8.30061531066895
2020-11-20,12.8213386535645
2020-11-21,13.2886295318604
2020-11-22,10.7686290740967
2020-11-23,10.860372543335
2020-11-24,12.0436458587646
2020-11-25,13.086950302124
2020-11-26,12.3678293228149
2020-11-27,13.201621055603
2020-11-28,14.4048976898193
2020-11-29,15.7148456573486
2020-11-30,16.6218318939209
2020-12-01,13.9341554641724
2020-12-02,15.0985898971558
2020-12-03,15.3042774200439
2020-12-04,13.7980690002441
2020-12-05,13.7619209289551
2020-12-06,13.1505746841431
2020-12-07,12.8069152832031
2020-12-08,14.0206604003906
2020-12-09,14.6962728500366
2020-12-10,15.6611700057983
2020-12-11,14.8426122665405
2020-12-12,12.4642858505249
2020-12-13,11.2840995788574
2020-12-14,10.8536319732666
2020-12-15,9.94027042388916
2020-12-16,9.65798091888428
2020-12-17,9.9778299331665
2020-12-18,11.253589630127
2020-12-19,11.149938583374
2020-12-20,10.8629179000854
2020-12-21,10.465991973877
2020-12-22,5.59036159515381
2020-12-23,6.46296453475952
2020-12-24,10.5103273391724
2020-12-25,14.6777391433716
2020-12-26,15.3995485305786
2020-12-27,14.7408094406128
2020-12-28,13.6124410629272
2020-12-29,13.9555139541626
2020-12-30,13.8012390136719
2020-12-31,14.465784072876
2021-01-01,14.8020582199097
2021-01-02,14.9310235977173
2021-01-03,15.1634511947632
2021-01-04,15.4803218841553
2021-01-05,15.1755590438843
2021-01-06,15.2897119522095
2021-01-07,15.6388483047485
2021-01-08,15.9452819824219
2021-01-09,16.5308265686035
2021-01-10,17.1198558807373
2021-01-11,17.2510585784912
2021-01-12,14.3295106887817
2021-01-13,14.7974720001221
2021-01-14,15.8072195053101
2021-01-15,17.4460678100586
2021-01-16,18.1796836853027
2021-01-17,17.5011253356934
2021-01-18,14.433934211731
2021-01-19,13.0714769363403
2021-01-20,10.7076406478882
2021-01-21,8.99582576751709
2021-01-22,10.7395143508911
2021-01-23,14.1982450485229
2021-01-24,15.6965894699097
2021-01-25,16.4867420196533
2021-01-26,15.4403991699219
2021-01-27,15.3569374084473
2021-01-28,12.6221771240234
2021-01-29,11.4651231765747
2021-01-30,14.8116798400879
2021-01-31,17.636251449585
2021-02-01,15.2567300796509
2021-02-02,11.6320552825928
2021-02-03,8.72177696228027
2021-02-04,10.8810958862305
2021-02-05,11.7632036209106
2021-02-06,13.5805807113647
2021-02-07,17.5466918945312
2021-02-08,20.8733158111572
2021-02-09,23.0578155517578
2021-02-10,23.1790599822998
2021-02-11,22.9910259246826
2021-02-12,23.9920616149902
2021-02-13,23.8448600769043
2021-02-14,21.9146289825439
2021-02-15,17.8702030181885
2021-02-16,11.975793838501
2021-02-17,9.77948951721191
2021-02-18,10.0313234329224
2021-02-19,9.80997467041016
2021-02-20,7.72139024734497
2021-02-21,7.25894117355347
2021-02-22,8.21251487731934
2021-02-23,5.55889701843262
2021-02-24,4.54529809951782
2021-02-25,5.16376447677612
2021-02-26,9.31075286865234
2021-02-27,11.9186925888062
2021-02-28,12.129524230957
2021-03-01,11.7700223922729
2021-03-02,10.700325012207
2021-03-03,9.70833587646484
2021-03-04,10.6703071594238
2021-03-05,14.3280200958252
2021-03-06,15.3225193023682
2021-03-07,14.5067682266235
2021-03-08,14.3966150283813
2021-03-09,14.1167411804199
2021-03-10,11.7780237197876
2021-03-11,8.1957893371582
2021-03-12,9.82202243804932
2021-03-13,10.1358575820923
2021-03-14,11.9253568649292
2021-03-15,11.8376588821411
2021-03-16,12.176438331604
2021-03-17,13.5901889801025
2021-03-18,14.4474792480469
2021-03-19,14.7836217880249
2021-03-20,15.3649759292603
2021-03-21,12.2293434143066
2021-03-22,11.9281435012817
2021-03-23,10.9070997238159
2021-03-24,9.06959533691406
2021-03-25,7.80599594116211
2021-03-26,6.16167783737183
2021-03-27,9.69445896148682
2021-03-28,8.0876293182373
2021-03-29,3.923823595047
2021-03-30,3.20618629455566
2021-03-31,1.8778041601181
2021-04-01,3.57545924186707
2021-04-02,9.39129447937012
2021-04-03,10.4023666381836
2021-04-04,11.0973606109619
2021-04-05,12.8966550827026
2021-04-06,15.4920330047607
2021-04-07,14.8490619659424
2021-04-08,12.9166173934937
2021-04-09,8.80645656585693
2021-04-10,7.98696041107178
2021-04-11,7.64530801773071
2021-04-12,12.9300947189331
2021-04-13,13.0114154815674
2021-04-14,13.2485237121582
2021-04-15,12.7724504470825
2021-04-16,11.3227729797363
2021-04-17,10.0675230026245
2021-04-18,8.71079540252686
2021-04-19,7.90347814559937
2021-04-20,6.58907556533813
2021-04-21,6.5233006477356
2021-04-22,8.82497596740723
2021-04-23,8.48475742340088
2021-04-24,8.01329708099365
2021-04-25,9.06237030029297
2021-04-26,9.19927787780762
2021-04-27,7.77704763412476
2021-04-28,4.63494062423706
2021-04-29,5.92240715026855
2021-04-30,8.33166122436523
2021-05-01,7.71154165267944
2021-05-02,9.17057514190674
2021-05-03,8.46635627746582
2021-05-04,6.42985248565674
2021-05-05,9.09389972686768
2021-05-06,9.3539981842041
2021-05-07,9.59005165100098
2021-05-08,6.34237432479858
2021-05-09,0.014155387878418
2021-05-10,0.133462741971016
2021-05-11,2.44643521308899
2021-05-12,4.13254690170288
2021-05-13,4.90121793746948
2021-05-14,4.97245359420776
2021-05-15,5.41702890396118
2021-05-16,5.0051064491272
2021-05-17,5.14271545410156
2021-05-18,5.54810571670532
2021-05-19,5.94510459899902
2021-05-20,4.78586721420288
2021-05-21,3.52330374717712
2021-05-22,5.03853225708008
2021-05-23,5.11717081069946
2021-05-24,3.53882527351379
2021-05-25,6.1497745513916
2021-05-26,5.82479810714722
2021-05-27,5.73609113693237
2021-05-28,4.27281999588013
2021-05-29,3.83972358703613
2021-05-30,2.76663994789124
2021-05-31,1.54987394809723
2021-06-01,0.435877174139023
2021-06-02,0.0400890707969666
2021-06-03,0.00214693509042263
2021-06-04,0.00235052802599966
2021-06-05,0.056309200823307
2021-06-06,0.517245054244995
2021-06-07,0.0932518541812897
2021-06-08,0.0187690574675798
2021-06-09,0.0162786617875099
2021-06-10,0.0101820649579167
2021-06-11,0.00590060139074921
2021-06-12,0.00849595572799444
2021-06-13,0.583546876907349
2021-06-14,0.00397401535883545
2021-06-15,0.0189846381545067
2021-06-16,0
2021-06-17,0
2021-06-18,0
2021-06-19,0
2021-06-20,1.27543153212173e-05
2021-06-21,0.214454099535942
2021-06-22,0.781326591968536
2021-06-23,0.289102792739868
2021-06-24,0.127274572849274
2021-06-25,0.0745776295661926
2021-06-26,0.00182906968984752
2021-06-27,0.00081819266779348
2021-06-28,0
2021-06-29,0.00733512779697775
2021-06-30,0.700971603393555
2021-07-01,1.68419885635376
2021-07-02,0.289878189563751
2021-07-03,0.00496258586645126
2021-07-04,0.0141637148335576
2021-07-05,0.0158598031848669
2021-07-06,0.00081071042222902
2021-07-07,0.0166152399033308
2021-07-08,0.0360006429255009
2021-07-09,0.228875681757927
2021-07-10,0.00266351434402167
2021-07-11,0.0389887876808643
2021-07-12,0
2021-07-13,0.148493841290474
2021-07-14,0.322344869375229
2021-07-15,0.159803941845894
2021-07-16,0.0159284416586161
2021-07-17,0.00660210195928812
2021-07-18,0.00457945233210921
2021-07-19,0.0115049220621586
2021-07-20,0.0711434632539749
2021-07-21,0.0169281307607889
2021-07-22,0.00029718774021603
2021-07-23,0.00718664703890681
2021-07-24,0.00017641423619352
2021-07-25,0.00276504829525947
2021-07-26,0.0020442116074264
2021-07-27,0.00083187891868874
2021-07-28,0.00559971528127789
2021-07-29,0.00793755985796451
2021-07-30,0.00026334356516599
2021-07-31,0.0131449429318309
2021-08-01,0.435899287462234
2021-08-02,0.596790373325348
2021-08-03,0.82874470949173
2021-08-04,0.342814803123474
2021-08-05,0.115134984254837
2021-08-06,0.030628502368927
2021-08-07,0.103617466986179
2021-08-08,0.261830031871796
2021-08-09,0.0698505565524101
2021-08-10,0.0232213828712702
2021-08-11,0.00015427129983436
2021-08-12,0
2021-08-13,0
2021-08-14,0
2021-08-15,0
2021-08-16,0.417976200580597
2021-08-17,2.09920930862427
2021-08-18,0.492565661668777
2021-08-19,0.0297780372202396
2021-08-20,0.0337843559682369
2021-08-21,0.00941991526633501
2021-08-22,0.0123342210426927
2021-08-23,0.41058886051178
2021-08-24,1.12479627132416
2021-08-25,0.937947869300842
2021-08-26,1.65776336193085
2021-08-27,2.43487882614136
2021-08-28,2.08749294281006
2021-08-29,1.80517017841339
2021-08-30,0.87109762430191
2021-08-31,0.79088032245636
2021-09-01,1.16668391227722
2021-09-02,0.786860525608063
2021-09-03,0.330595761537552
2021-09-04,0.694550633430481
2021-09-05,0.611378312110901
2021-09-06,0.278604596853256
2021-09-07,0.0712824016809464
2021-09-08,0.0089951679110527
2021-09-09,0.00333470269106328
2021-09-10,0.00402050651609897
2021-09-11,0.00905132666230201
2021-09-12,0.0787860676646233
2021-09-13,0.5500408411026
2021-09-14,0.0460514836013317
2021-09-15,0.00317005370743572
2021-09-16,0.490179717540741
2021-09-17,1.60805249214172
2021-09-18,1.816077709198
2021-09-19,3.17316389083862
2021-09-20,4.03771686553955
2021-09-21,4.12232160568237
2021-09-22,3.63792157173157
2021-09-23,1.89069139957428
2021-09-24,0.938825964927673
2021-09-25,0.236402437090874
2021-09-26,0.0166218336671591
2021-09-27,0.126815631985664
2021-09-28,2.61492609977722
2021-09-29,3.88866806030273
2021-09-30,5.59040307998657
2021-10-01,3.84711456298828
2021-10-02,1.46077919006348
2021-10-03,0.223601579666138
2021-10-04,3.45572304725647
2021-10-05,4.02803659439087
2021-10-06,5.13055229187012
2021-10-07,5.54296970367432
2021-10-08,5.55068254470825
2021-10-09,6.79504299163818
2021-10-10,8.69093990325928
2021-10-11,7.67173004150391
2021-10-12,7.66939640045166
2021-10-13,8.64709949493408
2021-10-14,6.48215007781982
2021-10-15,6.69292259216309
2021-10-16,8.56208515167236
2021-10-17,7.91473054885864
2021-10-18,6.90697288513184
2021-10-19,4.07519674301147
2021-10-20,1.26896095275879
2021-10-21,5.06522941589355
2021-10-22,8.99437427520752
2021-10-23,9.2546501159668
2021-10-24,9.76753616333008
2021-10-25,8.61747455596924
2021-10-26,6.05333471298218
2021-10-27,5.67894220352173
2021-10-28,7.13782262802124
2021-10-29,7.16542148590088
2021-10-30,6.75356578826904
2021-10-31,3.518630027771
2021-11-01,6.4691743850708
2021-11-02,8.82200908660889
2021-11-03,9.87949562072754
2021-11-04,9.82984447479248
2021-11-05,9.34599018096924
2021-11-06,9.70106983184814
2021-11-07,9.14075756072998
2021-11-08,9.45617389678955
2021-11-09,10.1656455993652
2021-11-10,12.098443031311
2021-11-11,12.0451040267944
2021-11-12,11.8809490203857
2021-11-13,10.2822160720825
2021-11-14,8.94880294799805
2021-11-15,10.3671464920044
2021-11-16,11.3174829483032
2021-11-17,10.8780946731567
2021-11-18,9.41927528381348
2021-11-19,7.89449214935303
2021-11-20,8.29168796539307
2021-11-21,10.6928396224976
2021-11-22,12.6463241577148
2021-11-23,13.1367712020874
2021-11-24,12.4482870101929
2021-11-25,14.0276250839233
2021-11-26,13.9184331893921
2021-11-27,14.0945539474487
2021-11-28,15.0579280853271
2021-11-29,15.021577835083
2021-11-30,12.5565977096558
2021-12-01,9.88768672943115
2021-12-02,13.9758749008179
2021-12-03,15.3392696380615
2021-12-04,13.1520185470581
2021-12-05,13.7317085266113
2021-12-06,15.1403093338013
2021-12-07,14.4415130615234
2021-12-08,14.0763454437256
2021-12-09,14.6798257827759
2021-12-10,15.1450109481812
2021-12-11,15.219066619873
2021-12-12,12.8246231079102
2021-12-13,9.86496353149414
2021-12-14,10.3715353012085
2021-12-15,9.635573387146
2021-12-16,9.89824295043945
2021-12-17,10.9444408416748
2021-12-18,11.9364948272705
2021-12-19,11.9944086074829
2021-12-20,15.0354471206665
2021-12-21,18.5089225769043
2021-12-22,19.4062404632568
2021-12-23,16.1835556030273
2021-12-24,10.6993360519409
2021-12-25,16.3887882232666
2021-12-26,17.7587566375732
2021-12-27,13.8133544921875
2021-12-28,10.6979942321777
2021-12-29,9.11410236358643
2021-12-30,4.74589252471924
2021-12-31,4.58630704879761
2022-01-01,5.92946529388428
2022-01-02,6.88450527191162
2022-01-03,7.15604686737061
2022-01-04,9.26280212402344
2022-01-05,13.4648847579956
2022-01-06,14.8984279632568
2022-01-07,15.2710599899292
2022-01-08,14.7818155288696
2022-01-09,13.5270309448242
2022-01-10,14.5487604141235
2022-01-11,15.6848907470703
2022-01-12,15.5680103302002
2022-01-13,14.7906150817871
2022-01-14,14.1268901824951
2022-01-15,14.9942817687988
2022-01-16,14.5038681030273
2022-01-17,12.0804786682129
2022-01-18,12.1834630966187
2022-01-19,13.7212266921997
2022-01-20,14.5540933609009
2022-01-21,15.1935615539551
2022-01-22,12.6490955352783
2022-01-23,12.3147573471069
2022-01-24,13.2561588287354
2022-01-25,14.7000503540039
2022-01-26,15.2597532272339
2022-01-27,13.5253639221191
2022-01-28,12.5635232925415
2022-01-29,10.6847867965698
2022-01-30,11.4897804260254
2022-01-31,13.41881275177
2022-02-01,12.8116636276245
2022-02-02,10.7787437438965
2022-02-03,10.5343627929688
2022-02-04,10.5669794082642
2022-02-05,12.4919538497925
2022-02-06,11.1874170303345
2022-02-07,12.8338222503662
2022-02-08,10.4305896759033
2022-02-09,8.94408416748047
2022-02-10,10.7204856872559
2022-02-11,13.3789138793945
2022-02-12,15.2461404800415
2022-02-13,12.5348072052002
2022-02-14,9.26765251159668
2022-02-15,10.2622184753418
2022-02-16,8.07337379455566
2022-02-17,7.40522384643555
2022-02-18,8.17184734344482
2022-02-19,10.9438304901123
2022-02-20,9.4614372253418
2022-02-21,11.0102319717407
2022-02-22,10.6070947647095
2022-02-23,9.86822509765625
2022-02-24,9.95656490325928
2022-02-25,13.1826686859131
2022-02-26,13.4993991851807
2022-02-27,13.8345813751221
2022-02-28,13.8477811813354
2022-03-01,14.0704345703125
2022-03-02,13.7992334365845
2022-03-03,14.0689239501953
2022-03-04,14.7902536392212
2022-03-05,15.0999870300293
2022-03-06,15.6422853469849
2022-03-07,15.353590965271
2022-03-08,13.8107633590698
2022-03-09,12.1153106689453
2022-03-10,10.523627281189
2022-03-11,11.0928974151611
2022-03-12,9.84915733337402
2022-03-13,9.00025367736816
2022-03-14,8.94521141052246
2022-03-15,9.93744659423828
2022-03-16,9.11554908752441
2022-03-17,8.9557933807373
2022-03-18,9.41752624511719
2022-03-19,10.168327331543
2022-03-20,9.0382604598999
2022-03-21,7.97815561294556
2022-03-22,7.470046043396
2022-03-23,7.05432748794556
2022-03-24,7.04873466491699
2022-03-25,6.87457323074341
2022-03-26,6.37805366516113
2022-03-27,6.34085273742676
2022-03-28,6.1166410446167
2022-03-29,7.20387601852417
2022-03-30,9.72093868255615
2022-03-31,11.9393196105957
2022-04-01,14.5722846984863
2022-04-02,15.2507219314575
2022-04-03,14.8158645629883
2022-04-04,12.8831281661987
2022-04-05,8.99136352539062
2022-04-06,6.28778886795044
2022-04-07,6.73195934295654
2022-04-08,10.1557359695435
2022-04-09,11.8248071670532
2022-04-10,11.8039922714233
2022-04-11,9.02635288238525
2022-04-12,4.15958213806152
2022-04-13,1.65163445472717
2022-04-14,2.77722430229187
2022-04-15,5.90248727798462
2022-04-16,8.01070785522461
2022-04-17,7.84416341781616
2022-04-18,6.60726594924927
2022-04-19,6.49014949798584
2022-04-20,7.09744787216187
2022-04-21,6.51897048950195
2022-04-22,5.41987705230713
2022-04-23,4.79963874816895
2022-04-24,6.21524381637573
2022-04-25,7.1836986541748
2022-04-26,7.21649408340454
2022-04-27,6.38621854782104
2022-04-28,5.57906293869019
2022-04-29,5.2463207244873
2022-04-30,6.35223293304443
2022-05-01,5.7621283531189
2022-05-02,3.9477219581604
2022-05-03,3.8520233631134
2022-05-04,4.05292892456055
2022-05-05,3.70686221122742
2022-05-06,2.81971406936646
2022-05-07,1.91568398475647
2022-05-08,2.84470129013062
2022-05-09,1.04334032535553
2022-05-10,0.0492786839604378
2022-05-11,0.0940138325095177
2022-05-12,0.598456084728241
2022-05-13,1.54463326931
2022-05-14,0.93656849861145
2022-05-15,0.548437118530273
2022-05-16,0.0838460177183151
2022-05-17,0.1075758934021
2022-05-18,0.00891340710222721
2022-05-19,0.00205743801780045
2022-05-20,0.117779649794102
2022-05-21,1.30903923511505
2022-05-22,0.971162676811218
2022-05-23,0.0451381281018257
2022-05-24,1.47253894805908
2022-05-25,1.49492168426514
2022-05-26,0.556419968605042
2022-05-27,1.87161791324615
2022-05-28,4.43288421630859
2022-05-29,6.04828834533691
2022-05-30,5.3728814125061
2022-05-31,2.96039605140686
2022-06-01,2.43782305717468
2022-06-02,1.98982214927673
2022-06-03,0.235410615801811
2022-06-04,0.201963528990746
2022-06-05,0.0181337427347898
2022-06-06,0.0402582101523876
2022-06-07,0.395690023899078
2022-06-08,0.360027641057968
2022-06-09,0.942399740219116
2022-06-10,0.133135691285133
2022-06-11,0.00888323038816452
2022-06-12,0.0174033306539059
2022-06-13,0.84883713722229
2022-06-14,0.819217920303345
2022-06-15,0.0472058206796646
2022-06-16,0.0123602971434593
2022-06-17,0.00029067861032672
2022-06-18,0.00019300203712191
2022-06-19,0.20334880053997
2022-06-20,0.922711730003357
2022-06-21,0.146648049354553
2022-06-22,0.027934342622757
2022-06-23,0
2022-06-24,0.00463411910459399
2022-06-25,0.00079260044731199
2022-06-26,0.00317028374411165
2022-06-27,0.00942910462617874
2022-06-28,0.00423663528636097
2022-06-29,0.00083581102080643
2022-06-30,0.00012507072824519
2022-07-01,0.489318668842316
2022-07-02,0.00474073691293597
2022-07-03,0
2022-07-04,0.00066981115378439
2022-07-05,0.013757006265223
2022-07-06,0.180686190724373
2022-07-07,0.58294004201889
2022-07-08,0.277869999408722
2022-07-09,0.0541411526501179
2022-07-10,0.748843848705292
2022-07-11,0.134139075875282
2022-07-12,0.00290521187707781
2022-07-13,0
2022-07-14,0.0927014574408531
2022-07-15,0.245534390211105
2022-07-16,0.0955661535263062
2022-07-17,0.00438797893002629
2022-07-18,0
2022-07-19,0
2022-07-20,0
2022-07-21,0.00023046598653309
2022-07-22,0.00419769249856472
2022-07-23,0.0280644912272692
2022-07-24,0
2022-07-25,0
2022-07-26,0.00119768769945949
2022-07-27,0.230443239212036
2022-07-28,0.145962044596672
2022-07-29,0.00106782861985266
2022-07-30,0.00485378317534923
2022-07-31,0.00040397405973635
2022-08-01,0.00031616986962035
2022-08-02,0.00023965086438693
2022-08-03,0
2022-08-04,0
2022-08-05,0.00020662254246417
2022-08-06,0.286401510238647
2022-08-07,0.0291107688099146
2022-08-08,0.0014317964669317
2022-08-09,0.00097458693198859
2022-08-10,0.00140374025795608
2022-08-11,0.00054487970191985
2022-08-12,0.00482253031805157
2022-08-13,0.0063149663619697
2022-08-14,0.00034773958032019
2022-08-15,0.00080369849456474
2022-08-16,0.0004868408141192
2022-08-17,0
2022-08-18,0.00231964001432061
2022-08-19,0.00779507122933864
2022-08-20,0.0113974940031767
2022-08-21,0.00463111978024244
2022-08-22,0.0170480012893677
2022-08-23,0.00827132537961006
2022-08-24,0.00307815172709524
2022-08-25,0.00043403948075138
2022-08-26,0.00033474524389021
2022-08-27,0.0028279407415539
2022-08-28,0.00729648070409894
2022-08-29,0.0333588421344757
2022-08-30,0.00648135691881179
2022-08-31,0.100777141749859
2022-09-01,0.211879834532738
2022-09-02,0.255758464336395
2022-09-03,0.124346002936363
2022-09-04,0.00683914823457598
2022-09-05,0.0017002725508064
2022-09-06,0.00127635616809129
2022-09-07,0.00055480294395238
2022-09-08,0.202515169978142
2022-09-09,0.357947558164597
2022-09-10,0.903858304023743
2022-09-11,0.778199255466461
2022-09-12,0.571366608142853
2022-09-13,0.0674286931753159
2022-09-14,0.790521383285522
2022-09-15,1.50357222557068
2022-09-16,3.88839364051819
2022-09-17,5.57440900802612
2022-09-18,6.07076549530029
2022-09-19,5.47566986083984
2022-09-20,5.93676805496216
2022-09-21,6.37293195724487
2022-09-22,5.854172706604
2022-09-23,4.59687662124634
2022-09-24,3.62101292610169
2022-09-25,4.19292593002319
2022-09-26,5.06662559509277
2022-09-27,6.68178367614746
2022-09-28,7.52273511886597
2022-09-29,7.55890321731567
2022-09-30,6.40427112579346
2022-10-01,5.08206081390381
2022-10-02,3.58252334594727
2022-10-03,4.85382890701294
2022-10-04,4.54783964157104
2022-10-05,1.9463996887207
2022-10-06,2.83855843544006
2022-10-07,4.37762355804443
2022-10-08,4.69398736953735
2022-10-09,6.41691255569458
2022-10-10,4.11748552322388
2022-10-11,5.72713232040405
2022-10-12,6.14976596832275
2022-10-13,4.54521226882935
2022-10-14,2.85392642021179
2022-10-15,1.46958231925964
2022-10-16,0.882024824619293
2022-10-17,0.39344048500061
2022-10-18,1.76312136650085
2022-10-19,5.24034929275513
2022-10-20,5.41975927352905
2022-10-21,2.61100387573242
2022-10-22,2.23283791542053
2022-10-23,2.23646759986877
2022-10-24,1.17055511474609
2022-10-25,3.28761148452759
2022-10-26,2.81420660018921
2022-10-27,1.71001529693604
2022-10-28,0.382824569940567
2022-10-29,0.673801600933075
2022-10-30,1.05259525775909
2022-10-31,3.24968695640564
2022-11-01,2.97010540962219
2022-11-02,5.68370723724365
2022-11-03,6.60640096664429
2022-11-04,7.10816383361816
2022-11-05,8.67218208312988
2022-11-06,8.63194465637207
2022-11-07,5.21751499176025
2022-11-08,4.88564586639404
2022-11-09,4.33230781555176
2022-11-10,6.27718353271484
2022-11-11,8.06484222412109
2022-11-12,9.49555206298828
2022-11-13,9.56341552734375
2022-11-14,9.5276689529419
2022-11-15,6.75734233856201
2022-11-16,7.84359312057495
2022-11-17,8.73107147216797
2022-11-18,11.1598863601685
2022-11-19,14.9755601882935
2022-11-20,14.5589246749878
2022-11-21,13.3145475387573
2022-11-22,11.9004182815552
2022-11-23,10.4545192718506
2022-11-24,9.96400165557861
2022-11-25,10.3578863143921
2022-11-26,10.6647157669067
2022-11-27,12.0830783843994
2022-11-28,11.2102222442627
2022-11-29,10.6978912353516
2022-11-30,11.7050628662109
2022-12-01,13.3610324859619
2022-12-02,14.7682046890259
2022-12-03,15.8345289230347
2022-12-04,14.8680286407471
2022-12-05,13.8833179473877
2022-12-06,13.7031202316284
2022-12-07,13.7270812988281
2022-12-08,14.7933282852173
2022-12-09,16.3937835693359
2022-12-10,17.3347225189209
2022-12-11,18.5060386657715
2022-12-12,19.7475433349609
2022-12-13,21.4786777496338
2022-12-14,20.5176944732666
2022-12-15,20.4338970184326
2022-12-16,20.3520832061768
2022-12-17,21.8876934051514
2022-12-18,21.5823135375977
2022-12-19,14.28235912323
2022-12-20,9.87112331390381
2022-12-21,9.0138111114502
2022-12-22,8.02198028564453
2022-12-23,7.40277290344238
2022-12-24,7.99942111968994
2022-12-25,8.19493675231934
2022-12-26,7.90523910522461
2022-12-27,12.3628149032593
2022-12-28,9.89400768280029
2022-12-29,7.0556116104126
2022-12-30,8.77757358551025
2022-12-31,2.51296377182007
