"Date","HDDThold18"
2018-01-01,11.5260133743286
2018-01-02,13.486102104187
2018-01-03,11.7940921783447
2018-01-04,11.2611923217773
2018-01-05,10.8137512207031
2018-01-06,12.6562070846558
2018-01-07,15.4561443328857
2018-01-08,15.9468011856079
2018-01-09,14.3760709762573
2018-01-10,13.5260467529297
2018-01-11,14.6573734283447
2018-01-12,14.9835157394409
2018-01-13,15.7229404449463
2018-01-14,17.613452911377
2018-01-15,16.1548595428467
2018-01-16,14.0923728942871
2018-01-17,16.3260631561279
2018-01-18,14.4346399307251
2018-01-19,15.8729448318481
2018-01-20,16.6575717926025
2018-01-21,17.2199058532715
2018-01-22,15.4374122619629
2018-01-23,12.9045972824097
2018-01-24,9.18224334716797
2018-01-25,10.3590364456177
2018-01-26,12.5843772888184
2018-01-27,13.5735034942627
2018-01-28,11.1558694839478
2018-01-29,9.94915199279785
2018-01-30,13.3382329940796
2018-01-31,12.1579341888428
2018-02-01,15.4083518981934
2018-02-02,16.0208644866943
2018-02-03,17.0300045013428
2018-02-04,18.6382293701172
2018-02-05,19.1453628540039
2018-02-06,20.4352569580078
2018-02-07,20.2575397491455
2018-02-08,20.8043041229248
2018-02-09,19.810489654541
2018-02-10,17.9010486602783
2018-02-11,16.3421516418457
2018-02-12,17.3894538879395
2018-02-13,18.8192596435547
2018-02-14,19.4733619689941
2018-02-15,17.5313167572021
2018-02-16,15.5235757827759
2018-02-17,17.5173587799072
2018-02-18,17.9020290374756
2018-02-19,18.4022026062012
2018-02-20,18.7621383666992
2018-02-21,18.9329376220703
2018-02-22,19.4483795166016
2018-02-23,20.3323631286621
2018-02-24,20.6584663391113
2018-02-25,23.4441928863525
2018-02-26,24.8144092559814
2018-02-27,25.9976673126221
2018-02-28,27.123836517334
2018-03-01,24.6511631011963
2018-03-02,23.6903896331787
2018-03-03,21.1985569000244
2018-03-04,16.4355087280273
2018-03-05,13.3671159744263
2018-03-06,14.9197597503662
2018-03-07,14.3248424530029
2018-03-08,13.0175838470459
2018-03-09,12.6979837417603
2018-03-10,9.56959915161133
2018-03-11,7.75546550750732
2018-03-12,9.18749237060547
2018-03-13,11.3760328292847
2018-03-14,13.403754234314
2018-03-15,13.1090393066406
2018-03-16,14.4662895202637
2018-03-17,19.9103622436523
2018-03-18,21.0652523040771
2018-03-19,20.4909191131592
2018-03-20,18.7870407104492
2018-03-21,17.9129486083984
2018-03-22,16.3607769012451
2018-03-23,14.3955678939819
2018-03-24,13.3659515380859
2018-03-25,12.7157096862793
2018-03-26,13.0830688476562
2018-03-27,13.1583690643311
2018-03-28,12.0573711395264
2018-03-29,13.2607955932617
2018-03-30,11.8104057312012
2018-03-31,12.4471187591553
2018-04-01,13.9294776916504
2018-04-02,11.1970739364624
2018-04-03,5.17234373092651
2018-04-04,5.7850513458252
2018-04-05,10.1158361434937
2018-04-06,10.9320020675659
2018-04-07,5.30913543701172
2018-04-08,2.76273560523987
2018-04-09,3.66977190971375
2018-04-10,3.89252781867981
2018-04-11,6.79842567443848
2018-04-12,4.15557956695557
2018-04-13,6.21076345443726
2018-04-14,6.21128416061401
2018-04-15,5.04768896102905
2018-04-16,5.17712450027466
2018-04-17,4.1920313835144
2018-04-18,0.715220987796783
2018-04-19,0.125194385647774
2018-04-20,0.0468964390456676
2018-04-21,0.747188746929169
2018-04-22,0.533265054225922
2018-04-23,1.38330614566803
2018-04-24,4.68581342697144
2018-04-25,4.68155574798584
2018-04-26,8.50914192199707
2018-04-27,6.66323232650757
2018-04-28,4.21590662002563
2018-04-29,1.70794177055359
2018-04-30,4.27456140518188
2018-05-01,8.71830558776855
2018-05-02,7.25315999984741
2018-05-03,5.66920804977417
2018-05-04,4.66470050811768
2018-05-05,2.71003031730652
2018-05-06,0.957178890705109
2018-05-07,0.11451768130064
2018-05-08,0.0352330468595028
2018-05-09,0.111186727881432
2018-05-10,2.68575429916382
2018-05-11,3.96802401542664
2018-05-12,0.136075437068939
2018-05-13,1.08664131164551
2018-05-14,0.98234611749649
2018-05-15,1.80141711235046
2018-05-16,3.15619611740112
2018-05-17,5.11621332168579
2018-05-18,6.1647310256958
2018-05-19,5.00132751464844
2018-05-20,1.41607391834259
2018-05-21,0.12637186050415
2018-05-22,0.0461802072823048
2018-05-23,0.0313341580331326
2018-05-24,0.0939222648739815
2018-05-25,0.028842817991972
2018-05-26,0.00226096133701503
2018-05-27,0.00313942693173885
2018-05-28,0.00122038344852626
2018-05-29,0.00146102788858115
2018-05-30,0.00124146149028092
2018-05-31,0.00135172181762754
2018-06-01,0.00257909181527793
2018-06-02,0.00552373006939888
2018-06-03,0.00141595071181654
2018-06-04,0.0127138504758477
2018-06-05,0.0152700003236532
2018-06-06,0.00141658494248986
2018-06-07,0.0015192253049463
2018-06-08,0.0016686450690031
2018-06-09,0.00125396181829273
2018-06-10,0
2018-06-11,0.00153111456893384
2018-06-12,1.02446830272675
2018-06-13,3.88821578025818
2018-06-14,1.52682435512543
2018-06-15,0.0460136979818344
2018-06-16,0.0162610039114952
2018-06-17,0.0447731800377369
2018-06-18,0.015609567053616
2018-06-19,0.00139320665039122
2018-06-20,0
2018-06-21,0.903764009475708
2018-06-22,5.64600515365601
2018-06-23,5.06460618972778
2018-06-24,3.54075288772583
2018-06-25,1.04876470565796
2018-06-26,0.446415692567825
2018-06-27,0.0716299414634705
2018-06-28,0.375135689973831
2018-06-29,0.0178351681679487
2018-06-30,0.00868150033056736
2018-07-01,0.200151517987251
2018-07-02,0.0458066426217556
2018-07-03,0.00140884320717304
2018-07-04,0.00137748953420668
2018-07-05,0.0134434355422854
2018-07-06,0.0253164991736412
2018-07-07,0.00264425878413021
2018-07-08,0.00226089172065258
2018-07-09,0.0663816779851913
2018-07-10,1.2082496881485
2018-07-11,1.20214605331421
2018-07-12,0.122577875852585
2018-07-13,0.00127777259331196
2018-07-14,0.00096232141368091
2018-07-15,0.00148314936086535
2018-07-16,0.00137550674844533
2018-07-17,0.00308686401695013
2018-07-18,0.0010282015427947
2018-07-19,0
2018-07-20,0.0009890281362459
2018-07-21,0.00992699433118105
2018-07-22,0.0170444641262293
2018-07-23,0.0030044128652662
2018-07-24,0
2018-07-25,0
2018-07-26,0
2018-07-27,0
2018-07-28,0
2018-07-29,0
2018-07-30,0
2018-07-31,0
2018-08-01,0
2018-08-02,0
2018-08-03,0
2018-08-04,0
2018-08-05,0
2018-08-06,0
2018-08-07,0
2018-08-08,0
2018-08-09,0
2018-08-10,0.0271139573305845
2018-08-11,0.0560680441558361
2018-08-12,0.00113949633669108
2018-08-13,0.00124139117542654
2018-08-14,0.00273277144879102
2018-08-15,0.00159435905516147
2018-08-16,0.00125837686937302
2018-08-17,0.00105587369762361
2018-08-18,0.00104820728302001
2018-08-19,0
2018-08-20,0
2018-08-21,0
2018-08-22,0
2018-08-23,0.00115698075387626
2018-08-24,0.0270879343152046
2018-08-25,4.5104808807373
2018-08-26,4.3515682220459
2018-08-27,0.168453857302666
2018-08-28,0.00109607132617384
2018-08-29,0.00103329471312463
2018-08-30,0.126713693141937
2018-08-31,3.19834470748901
2018-09-01,2.70427203178406
2018-09-02,1.4522145986557
2018-09-03,0.213561937212944
2018-09-04,0.0863729044795036
2018-09-05,0.0174990743398666
2018-09-06,0.003670941805467
2018-09-07,0.940904796123505
2018-09-08,1.7177460193634
2018-09-09,0.0287116747349501
2018-09-10,0.00778059102594852
2018-09-11,0.00135841907467693
2018-09-12,0.278241753578186
2018-09-13,2.41894960403442
2018-09-14,2.28992056846619
2018-09-15,2.02569460868835
2018-09-16,0.751573264598846
2018-09-17,0.00143155397381633
2018-09-18,0.00171136774588376
2018-09-19,0.00157586857676506
2018-09-20,0.00160205375868827
2018-09-21,0.0639363005757332
2018-09-22,5.65445423126221
2018-09-23,5.67753267288208
2018-09-24,8.8689022064209
2018-09-25,9.68400955200195
2018-09-26,7.40696334838867
2018-09-27,3.07597374916077
2018-09-28,6.07290458679199
2018-09-29,8.94140148162842
2018-09-30,7.80333757400513
2018-10-01,9.11510848999023
2018-10-02,9.82808589935303
2018-10-03,6.9334077835083
2018-10-04,7.01809787750244
2018-10-05,4.99579477310181
2018-10-06,2.00199437141419
2018-10-07,5.6990213394165
2018-10-08,7.5015721321106
2018-10-09,5.66072273254395
2018-10-10,2.88362431526184
2018-10-11,0.816711187362671
2018-10-12,0.129847526550293
2018-10-13,0.668613016605377
2018-10-14,0.750705063343048
2018-10-15,1.37501549720764
2018-10-16,2.9838228225708
2018-10-17,3.66685342788696
2018-10-18,5.71943140029907
2018-10-19,7.72702264785767
2018-10-20,8.70553684234619
2018-10-21,9.08129024505615
2018-10-22,9.78319549560547
2018-10-23,8.90911388397217
2018-10-24,6.66906356811523
2018-10-25,6.72471904754639
2018-10-26,8.61228275299072
2018-10-27,12.056845664978
2018-10-28,14.2722320556641
2018-10-29,13.2049770355225
2018-10-30,10.879524230957
2018-10-31,10.6463279724121
2018-11-01,10.1807985305786
2018-11-02,9.90120983123779
2018-11-03,11.6048698425293
2018-11-04,9.78921031951904
2018-11-05,8.03266620635986
2018-11-06,7.80531549453735
2018-11-07,7.96620512008667
2018-11-08,8.66258239746094
2018-11-09,9.11000919342041
2018-11-10,8.14614582061768
2018-11-11,7.29169464111328
2018-11-12,6.95725393295288
2018-11-13,8.51553726196289
2018-11-14,11.4976110458374
2018-11-15,13.004340171814
2018-11-16,13.7712345123291
2018-11-17,15.1243476867676
2018-11-18,16.5557689666748
2018-11-19,15.5533561706543
2018-11-20,16.2984752655029
2018-11-21,16.8786811828613
2018-11-22,16.4201183319092
2018-11-23,16.2416152954102
2018-11-24,14.9797792434692
2018-11-25,14.2343950271606
2018-11-26,14.6549606323242
2018-11-27,16.7422008514404
2018-11-28,16.7931823730469
2018-11-29,14.4639329910278
2018-11-30,13.2882652282715
2018-12-01,12.2947998046875
2018-12-02,9.43768310546875
2018-12-03,7.14730978012085
2018-12-04,12.1534595489502
2018-12-05,15.0245380401611
2018-12-06,10.5407199859619
2018-12-07,8.11888122558594
2018-12-08,11.3192987442017
2018-12-09,11.2989072799683
2018-12-10,14.181791305542
2018-12-11,15.2935361862183
2018-12-12,16.4587535858154
2018-12-13,17.8431491851807
2018-12-14,18.56081199646
2018-12-15,19.1715526580811
2018-12-16,18.9547996520996
2018-12-17,15.8152294158936
2018-12-18,14.8538856506348
2018-12-19,14.6491622924805
2018-12-20,12.9363231658936
2018-12-21,10.2455749511719
2018-12-22,9.85055160522461
2018-12-23,11.0258693695068
2018-12-24,14.453351020813
2018-12-25,15.8213376998901
2018-12-26,16.6070022583008
2018-12-27,16.1827507019043
2018-12-28,16.2875308990479
2018-12-29,14.9805421829224
2018-12-30,12.6183958053589
2018-12-31,11.9043645858765
2019-01-01,12.460072517395
2019-01-02,16.0831604003906
2019-01-03,18.3230209350586
2019-01-04,16.785120010376
2019-01-05,13.7514266967773
2019-01-06,14.2582168579102
2019-01-07,14.1619052886963
2019-01-08,13.6857080459595
2019-01-09,16.4369125366211
2019-01-10,18.0344047546387
2019-01-11,16.8999347686768
2019-01-12,14.1870193481445
2019-01-13,12.2288503646851
2019-01-14,14.9659147262573
2019-01-15,14.6192169189453
2019-01-16,13.8589496612549
2019-01-17,14.4418573379517
2019-01-18,18.6360683441162
2019-01-19,20.747730255127
2019-01-20,22.0986213684082
2019-01-21,22.0457534790039
2019-01-22,21.9224166870117
2019-01-23,22.3638648986816
2019-01-24,22.3696899414062
2019-01-25,21.1221332550049
2019-01-26,15.4711275100708
2019-01-27,13.7652635574341
2019-01-28,16.266357421875
2019-01-29,17.8221092224121
2019-01-30,18.6219539642334
2019-01-31,18.8655281066895
2019-02-01,17.3822193145752
2019-02-02,16.7936687469482
2019-02-03,17.2455577850342
2019-02-04,17.8709602355957
2019-02-05,17.3297386169434
2019-02-06,16.9041175842285
2019-02-07,15.3887968063354
2019-02-08,12.8563795089722
2019-02-09,11.2663402557373
2019-02-10,11.6846103668213
2019-02-11,14.4693651199341
2019-02-12,15.4002332687378
2019-02-13,14.4820117950439
2019-02-14,13.8446855545044
2019-02-15,12.6967325210571
2019-02-16,11.8557472229004
2019-02-17,11.8243608474731
2019-02-18,11.6530208587646
2019-02-19,12.1033229827881
2019-02-20,12.3292598724365
2019-02-21,10.8332471847534
2019-02-22,11.3866329193115
2019-02-23,15.1828594207764
2019-02-24,13.8701066970825
2019-02-25,11.7535953521729
2019-02-26,10.7650527954102
2019-02-27,9.93512535095215
2019-02-28,9.5246000289917
2019-03-01,11.5933780670166
2019-03-02,12.0625524520874
2019-03-03,8.67842388153076
2019-03-04,9.48292350769043
2019-03-05,12.5360927581787
2019-03-06,10.1768817901611
2019-03-07,8.92424869537354
2019-03-08,11.1926698684692
2019-03-09,10.3148813247681
2019-03-10,11.0719699859619
2019-03-11,14.8116283416748
2019-03-12,12.8787240982056
2019-03-13,12.4697427749634
2019-03-14,12.7108373641968
2019-03-15,10.3428840637207
2019-03-16,9.47703552246094
2019-03-17,10.5952796936035
2019-03-18,13.8942718505859
2019-03-19,14.3075256347656
2019-03-20,12.4701910018921
2019-03-21,9.74561214447022
2019-03-22,8.28922176361084
2019-03-23,9.30555438995361
2019-03-24,10.8207778930664
2019-03-25,13.1708106994629
2019-03-26,13.0159797668457
2019-03-27,11.6243534088135
2019-03-28,9.810546875
2019-03-29,8.34420299530029
2019-03-30,7.46132659912109
2019-03-31,9.23255825042725
2019-04-01,10.2802391052246
2019-04-02,7.72860765457153
2019-04-03,8.71969604492188
2019-04-04,11.3879890441895
2019-04-05,11.095739364624
2019-04-06,7.43593692779541
2019-04-07,6.24145793914795
2019-04-08,7.08991956710815
2019-04-09,9.22567081451416
2019-04-10,11.2741012573242
2019-04-11,12.9986410140991
2019-04-12,14.5341873168945
2019-04-13,15.1016941070557
2019-04-14,13.7984046936035
2019-04-15,9.69990730285644
2019-04-16,8.1080846786499
2019-04-17,6.33762502670288
2019-04-18,3.89784836769104
2019-04-19,2.17257285118103
2019-04-20,2.56620669364929
2019-04-21,2.78555464744568
2019-04-22,2.04525113105774
2019-04-23,2.03836727142334
2019-04-24,0.722994804382324
2019-04-25,2.23652744293213
2019-04-26,6.71017599105835
2019-04-27,8.64251804351807
2019-04-28,10.2780323028564
2019-04-29,9.79037570953369
2019-04-30,7.48730516433716
2019-05-01,7.07373762130737
2019-05-02,7.43494176864624
2019-05-03,9.62737941741943
2019-05-04,13.1081609725952
2019-05-05,12.983193397522
2019-05-06,11.9406728744507
2019-05-07,10.4305629730225
2019-05-08,8.38856887817383
2019-05-09,6.84492254257202
2019-05-10,7.02624368667603
2019-05-11,8.36320781707764
2019-05-12,9.47739028930664
2019-05-13,8.89897441864014
2019-05-14,9.38916492462158
2019-05-15,9.37296199798584
2019-05-16,9.08690357208252
2019-05-17,6.26702737808228
2019-05-18,2.32205128669739
2019-05-19,1.04356849193573
2019-05-20,3.27957272529602
2019-05-21,4.74951457977295
2019-05-22,5.83591604232788
2019-05-23,3.94036793708801
2019-05-24,1.01694095134735
2019-05-25,3.67697525024414
2019-05-26,1.10747838020325
2019-05-27,1.4527370929718
2019-05-28,5.4949779510498
2019-05-29,6.37617826461792
2019-05-30,2.67756485939026
2019-05-31,0.200413748621941
2019-06-01,0.0198676008731127
2019-06-02,0.00222222646698355
2019-06-03,0.0020469173323363
2019-06-04,0.00824129115790128
2019-06-05,0
2019-06-06,1.91039526462555
2019-06-07,0.405175268650055
2019-06-08,1.10451006889343
2019-06-09,0.275179177522659
2019-06-10,0.196361780166626
2019-06-11,0.450465053319931
2019-06-12,0.652934312820435
2019-06-13,0.0594118982553482
2019-06-14,0
2019-06-15,0
2019-06-16,0.0548613332211971
2019-06-17,0.00144851044751703
2019-06-18,0
2019-06-19,0
2019-06-20,0.00176590052433311
2019-06-21,0.0168400593101978
2019-06-22,0.0513119697570801
2019-06-23,0.00147121108602732
2019-06-24,0
2019-06-25,0
2019-06-26,0
2019-06-27,0.0577646121382713
2019-06-28,0.00076690723653882
2019-06-29,0
2019-06-30,0
2019-07-01,0
2019-07-02,0.205706119537354
2019-07-03,1.02547073364258
2019-07-04,0.178980022668839
2019-07-05,0.00818263087421655
2019-07-06,0.254960656166077
2019-07-07,1.69738376140594
2019-07-08,3.08247947692871
2019-07-09,3.28998780250549
2019-07-10,0.769823253154755
2019-07-11,0.649847686290741
2019-07-12,0.0508693903684616
2019-07-13,0.3758165538311
2019-07-14,1.32457661628723
2019-07-15,1.79390943050385
2019-07-16,1.04780328273773
2019-07-17,0.0631187185645103
2019-07-18,0.00142553972546011
2019-07-19,0.00095763971330598
2019-07-20,0
2019-07-21,0
2019-07-22,0
2019-07-23,0
2019-07-24,0
2019-07-25,0
2019-07-26,0
2019-07-27,0
2019-07-28,0.00760808680206537
2019-07-29,0.00523148849606514
2019-07-30,0
2019-07-31,0.014617414213717
2019-08-01,0.00117513060104101
2019-08-02,0.0117039773613214
2019-08-03,0.0206146705895662
2019-08-04,0.00150733755435794
2019-08-05,0
2019-08-06,0.00116733054164797
2019-08-07,0.00157089752610772
2019-08-08,0.0012011204380542
2019-08-09,0
2019-08-10,0
2019-08-11,0.00732838362455368
2019-08-12,0.314208984375
2019-08-13,1.81745254993439
2019-08-14,0.79377007484436
2019-08-15,0.358081042766571
2019-08-16,0.0255573615431786
2019-08-17,0.00132702314294874
2019-08-18,0
2019-08-19,0.0029140911065042
2019-08-20,0.453322917222977
2019-08-21,0.480870336294174
2019-08-22,0.0649363771080971
2019-08-23,0.00129066861700266
2019-08-24,0.00113269605208188
2019-08-25,0.00130727211944758
2019-08-26,0.00128345051780343
2019-08-27,0
2019-08-28,0
2019-08-29,0.00129225442651659
2019-08-30,0.00099127297289669
2019-08-31,0
2019-09-01,0.0125960251316428
2019-09-02,1.88627171516418
2019-09-03,1.18056094646454
2019-09-04,0.045082826167345
2019-09-05,3.0466194152832
2019-09-06,4.45006847381592
2019-09-07,4.82999229431152
2019-09-08,5.43317937850952
2019-09-09,5.83811378479004
2019-09-10,4.96333694458008
2019-09-11,3.13890242576599
2019-09-12,0.0625422894954681
2019-09-13,0.0130560509860516
2019-09-14,2.76878952980042
2019-09-15,0.497497528791428
2019-09-16,2.61605453491211
2019-09-17,4.23100328445435
2019-09-18,7.01837205886841
2019-09-19,7.94044303894043
2019-09-20,7.37403059005737
2019-09-21,3.79871988296509
2019-09-22,0.918642520904541
2019-09-23,2.08594274520874
2019-09-24,2.81413435935974
2019-09-25,2.93687105178833
2019-09-26,1.58183085918427
2019-09-27,1.18769478797913
2019-09-28,2.76408791542053
2019-09-29,1.79402136802673
2019-09-30,3.48447871208191
2019-10-01,3.41554427146912
2019-10-02,7.45251369476318
2019-10-03,9.06329154968262
2019-10-04,8.77706718444824
2019-10-05,8.81034374237061
2019-10-06,10.2848663330078
2019-10-07,9.71341228485107
2019-10-08,6.37310171127319
2019-10-09,6.70283603668213
2019-10-10,7.29452276229858
2019-10-11,5.44230794906616
2019-10-12,1.93770122528076
2019-10-13,0.454011708498001
2019-10-14,0.846185326576233
2019-10-15,2.29375958442688
2019-10-16,5.68156480789185
2019-10-17,4.58975982666016
2019-10-18,4.88761043548584
2019-10-19,5.96455478668213
2019-10-20,5.21166086196899
2019-10-21,4.6714882850647
2019-10-22,6.27087068557739
2019-10-23,6.0916895866394
2019-10-24,4.58242750167847
2019-10-25,4.78311061859131
2019-10-26,3.64842176437378
2019-10-27,7.12001800537109
2019-10-28,11.2609672546387
2019-10-29,12.4247674942017
2019-10-30,14.3368053436279
2019-10-31,15.1439867019653
2019-11-01,12.8444480895996
2019-11-02,5.96236085891724
2019-11-03,7.19661045074463
2019-11-04,8.13693714141846
2019-11-05,9.80300807952881
2019-11-06,10.8473415374756
2019-11-07,11.2141971588135
2019-11-08,12.6172275543213
2019-11-09,13.5003719329834
2019-11-10,15.7015104293823
2019-11-11,15.6108722686768
2019-11-12,13.7011985778809
2019-11-13,14.2411785125732
2019-11-14,14.2012052536011
2019-11-15,13.6253452301025
2019-11-16,14.0439491271973
2019-11-17,14.5726928710938
2019-11-18,13.2006006240845
2019-11-19,13.9097242355347
2019-11-20,15.5943250656128
2019-11-21,14.1428861618042
2019-11-22,13.3625860214233
2019-11-23,12.1558685302734
2019-11-24,13.1957178115845
2019-11-25,13.6866302490234
2019-11-26,11.2568664550781
2019-11-27,9.83541584014893
2019-11-28,9.0693883895874
2019-11-29,12.8543472290039
2019-11-30,16.306957244873
2019-12-01,17.5344486236572
2019-12-02,16.2449226379395
2019-12-03,15.2126817703247
2019-12-04,16.6725425720215
2019-12-05,18.3085250854492
2019-12-06,15.4977264404297
2019-12-07,10.6821804046631
2019-12-08,9.88341522216797
2019-12-09,11.9173145294189
2019-12-10,15.5023288726807
2019-12-11,15.9313097000122
2019-12-12,15.5481939315796
2019-12-13,15.822904586792
2019-12-14,13.0912160873413
2019-12-15,11.044059753418
2019-12-16,11.4025182723999
2019-12-17,9.0901460647583
2019-12-18,10.8001003265381
2019-12-19,11.6932125091553
2019-12-20,10.946117401123
2019-12-21,12.2159128189087
2019-12-22,12.4922466278076
2019-12-23,11.6928110122681
2019-12-24,11.9354209899902
2019-12-25,12.2664995193481
2019-12-26,14.3585834503174
2019-12-27,15.0115842819214
2019-12-28,18.2145748138428
2019-12-29,18.7254657745361
2019-12-30,15.5549192428589
2019-12-31,15.4331102371216
2020-01-01,18.1532039642334
2020-01-02,18.2831974029541
2020-01-03,13.1813440322876
2020-01-04,13.8560876846313
2020-01-05,14.8456268310547
2020-01-06,15.6178388595581
2020-01-07,14.5257663726807
2020-01-08,12.1752643585205
2020-01-09,9.3496618270874
2020-01-10,10.7082166671753
2020-01-11,14.5633535385132
2020-01-12,15.0417976379395
2020-01-13,13.3188676834106
2020-01-14,10.9800863265991
2020-01-15,9.38513660430908
2020-01-16,11.4156932830811
2020-01-17,12.5843372344971
2020-01-18,14.2957382202148
2020-01-19,16.008975982666
2020-01-20,16.311559677124
2020-01-21,18.1466312408447
2020-01-22,18.0110263824463
2020-01-23,17.2897338867188
2020-01-24,18.3110389709473
2020-01-25,17.525484085083
2020-01-26,16.0826377868652
2020-01-27,12.7265949249268
2020-01-28,13.5709314346313
2020-01-29,14.732720375061
2020-01-30,11.9759483337402
2020-01-31,7.41017866134644
2020-02-01,7.63396024703979
2020-02-02,9.621169090271
2020-02-03,9.76322841644287
2020-02-04,13.9811544418335
2020-02-05,15.5868835449219
2020-02-06,15.9029750823975
2020-02-07,15.5758485794067
2020-02-08,14.5476779937744
2020-02-09,9.92549228668213
2020-02-10,10.4730863571167
2020-02-11,13.9801015853882
2020-02-12,14.6259326934814
2020-02-13,14.6897802352905
2020-02-14,12.8683776855469
2020-02-15,11.6164693832397
2020-02-16,6.55860710144043
2020-02-17,9.85588550567627
2020-02-18,12.0864162445068
2020-02-19,13.4606781005859
2020-02-20,12.3850402832031
2020-02-21,12.8993654251099
2020-02-22,10.583607673645
2020-02-23,9.3859691619873
2020-02-24,11.6311941146851
2020-02-25,11.0376262664795
2020-02-26,15.5434017181396
2020-02-27,15.9417304992676
2020-02-28,15.0131855010986
2020-02-29,10.7597627639771
2020-03-01,11.3452320098877
2020-03-02,12.3129615783691
2020-03-03,13.9618768692017
2020-03-04,14.5239000320435
2020-03-05,13.3106622695923
2020-03-06,13.2077417373657
2020-03-07,13.6766710281372
2020-03-08,11.6935529708862
2020-03-09,11.5427732467651
2020-03-10,11.0474920272827
2020-03-11,7.11664056777954
2020-03-12,8.35311603546143
2020-03-13,12.1488723754883
2020-03-14,13.6882524490356
2020-03-15,10.6266241073608
2020-03-16,8.87504959106445
2020-03-17,8.60955715179443
2020-03-18,7.88636159896851
2020-03-19,7.92919635772705
2020-03-20,9.67172336578369
2020-03-21,14.1875228881836
2020-03-22,15.8397483825684
2020-03-23,16.5278701782227
2020-03-24,15.7128028869629
2020-03-25,14.8248643875122
2020-03-26,13.8969812393188
2020-03-27,9.93198204040527
2020-03-28,9.79783535003662
2020-03-29,14.8763942718506
2020-03-30,16.777156829834
2020-03-31,15.9839191436768
2020-04-01,14.9241275787354
2020-04-02,12.4993705749512
2020-04-03,11.7286548614502
2020-04-04,10.9679288864136
2020-04-05,7.67994260787964
2020-04-06,4.3088641166687
2020-04-07,4.60901069641113
2020-04-08,2.95648455619812
2020-04-09,4.50100040435791
2020-04-10,6.2966160774231
2020-04-11,6.28033971786499
2020-04-12,2.99331378936768
2020-04-13,9.358962059021
2020-04-14,13.3210859298706
2020-04-15,9.78892135620117
2020-04-16,5.51849365234375
2020-04-17,4.3007698059082
2020-04-18,3.99989581108093
2020-04-19,6.36795711517334
2020-04-20,6.89681625366211
2020-04-21,5.67516469955444
2020-04-22,4.32256841659546
2020-04-23,4.26824378967285
2020-04-24,4.44996309280396
2020-04-25,7.23371982574463
2020-04-26,7.04884719848633
2020-04-27,4.1699275970459
2020-04-28,4.73781967163086
2020-04-29,6.05579805374146
2020-04-30,6.62079858779907
2020-05-01,7.93294048309326
2020-05-02,9.17404937744141
2020-05-03,7.84631872177124
2020-05-04,7.38085889816284
2020-05-05,9.41775703430176
2020-05-06,8.41990184783936
2020-05-07,6.17463159561157
2020-05-08,2.22839641571045
2020-05-09,0.853694498538971
2020-05-10,1.44568347930908
2020-05-11,10.3769826889038
2020-05-12,11.6919860839844
2020-05-13,9.99994087219238
2020-05-14,9.37185096740723
2020-05-15,8.62488842010498
2020-05-16,6.83891677856445
2020-05-17,5.54787397384644
2020-05-18,1.4268501996994
2020-05-19,0.791401743888855
2020-05-20,1.40640842914581
2020-05-21,0.73608386516571
2020-05-22,0.140090793371201
2020-05-23,3.9098961353302
2020-05-24,5.72819852828979
2020-05-25,4.49890947341919
2020-05-26,4.32286596298218
2020-05-27,1.61758947372437
2020-05-28,3.22485208511353
2020-05-29,3.23537492752075
2020-05-30,2.97283625602722
2020-05-31,2.51459670066833
2020-06-01,0.207957953214645
2020-06-02,0.043115358799696
2020-06-03,0.0231925789266825
2020-06-04,3.13550806045532
2020-06-05,6.59614086151123
2020-06-06,5.59903430938721
2020-06-07,5.12124490737915
2020-06-08,4.04871654510498
2020-06-09,3.77058601379395
2020-06-10,3.00523614883423
2020-06-11,1.61523723602295
2020-06-12,0.00292862439528107
2020-06-13,0.00157554796896874
2020-06-14,0.577819466590881
2020-06-15,0.651540815830231
2020-06-16,0.247650533914566
2020-06-17,0.378108352422714
2020-06-18,0.247748464345932
2020-06-19,0.714801371097565
2020-06-20,0.356068462133408
2020-06-21,0.0349898673593998
2020-06-22,0.0164083670824766
2020-06-23,0.00123478798195719
2020-06-24,0.00111559242941439
2020-06-25,0.0111267901957035
2020-06-26,0.0013303643791005
2020-06-27,0.00099333620164543
2020-06-28,0.00106012448668479
2020-06-29,0.0435626767575741
2020-06-30,0.044684860855341
2020-07-01,0
2020-07-02,0.00433126837015152
2020-07-03,0.0566346794366836
2020-07-04,0.00555616850033402
2020-07-05,0
2020-07-06,1.44104707241058
2020-07-07,2.25885915756226
2020-07-08,2.74719786643982
2020-07-09,0.628393411636353
2020-07-10,0.66084361076355
2020-07-11,2.24193978309631
2020-07-12,1.17017841339111
2020-07-13,0.0331848412752151
2020-07-14,0.111534029245377
2020-07-15,0.556694090366364
2020-07-16,1.94959890842438
2020-07-17,0.241684079170227
2020-07-18,0.0818000808358192
2020-07-19,0.00309503031894564
2020-07-20,0
2020-07-21,0.526290774345398
2020-07-22,0.433273822069168
2020-07-23,0.00884513743221759
2020-07-24,0.0161336828023195
2020-07-25,0.00137633609119802
2020-07-26,0.00280039035715162
2020-07-27,0
2020-07-28,0
2020-07-29,0.0168354455381632
2020-07-30,0
2020-07-31,0
2020-08-01,0
2020-08-02,0.00122364494018256
2020-08-03,0.132819011807442
2020-08-04,0.872468173503876
2020-08-05,0.173425003886223
2020-08-06,0.00132771208882331
2020-08-07,0
2020-08-08,0
2020-08-09,0
2020-08-10,0
2020-08-11,0
2020-08-12,0
2020-08-13,0.00096424267394468
2020-08-14,0.00150610506534576
2020-08-15,0.00098909845110028
2020-08-16,0.00096049293642863
2020-08-17,0.00169704447034746
2020-08-18,0.0157497879117727
2020-08-19,0.00145032163709402
2020-08-20,0
2020-08-21,0
2020-08-22,0.00112906040158122
2020-08-23,0.0119458809494972
2020-08-24,0.172060251235962
2020-08-25,0.0387055650353432
2020-08-26,0
2020-08-27,0.0866670608520508
2020-08-28,0.0487124808132648
2020-08-29,0.944786190986633
2020-08-30,2.27244687080383
2020-08-31,1.95223462581635
2020-09-01,3.36203837394714
2020-09-02,3.21208906173706
2020-09-03,1.77117788791656
2020-09-04,0.00130655721295624
2020-09-05,1.53155601024628
2020-09-06,3.87639284133911
2020-09-07,3.59080505371094
2020-09-08,0.676798939704895
2020-09-09,0.0116603830829263
2020-09-10,1.87049174308777
2020-09-11,1.43881273269653
2020-09-12,0.546174168586731
2020-09-13,0.00118733581621199
2020-09-14,0.00108122779056429
2020-09-15,0.00099080963991582
2020-09-16,0.00972131267189979
2020-09-17,2.42993760108948
2020-09-18,3.29851651191711
2020-09-19,2.6146411895752
2020-09-20,1.79181373119354
2020-09-21,0.768029928207397
2020-09-22,0.153624430298805
2020-09-23,0.129583016037941
2020-09-24,0.388030707836151
2020-09-25,6.81451845169067
2020-09-26,9.06872177124023
2020-09-27,8.15911769866943
2020-09-28,7.51959609985352
2020-09-29,6.56317234039307
2020-09-30,4.58200168609619
2020-10-01,5.34032392501831
2020-10-02,4.17222833633423
2020-10-03,4.34915542602539
2020-10-04,6.36618709564209
2020-10-05,6.95855712890625
2020-10-06,6.31226301193237
2020-10-07,6.64923238754272
2020-10-08,5.7628002166748
2020-10-09,5.39019632339478
2020-10-10,8.77652549743652
2020-10-11,10.554217338562
2020-10-12,10.3034610748291
2020-10-13,10.6498365402222
2020-10-14,10.4886407852173
2020-10-15,9.92255306243896
2020-10-16,10.0122165679932
2020-10-17,10.7043857574463
2020-10-18,10.4944219589233
2020-10-19,10.1129608154297
2020-10-20,9.15643215179443
2020-10-21,4.44564485549927
2020-10-22,1.71071970462799
2020-10-23,4.93069219589233
2020-10-24,5.64243984222412
2020-10-25,6.41096639633179
2020-10-26,8.68714332580566
2020-10-27,9.36886596679688
2020-10-28,7.74506902694702
2020-10-29,8.32672691345215
2020-10-30,5.94605541229248
2020-10-31,5.92660093307495
2020-11-01,5.11401462554932
2020-11-02,0.159247919917107
2020-11-03,7.53985500335693
2020-11-04,11.2367458343506
2020-11-05,12.5703220367432
2020-11-06,11.9056167602539
2020-11-07,11.5932397842407
2020-11-08,11.0052528381348
2020-11-09,10.8448514938354
2020-11-10,12.1295394897461
2020-11-11,10.9638776779175
2020-11-12,9.97951126098633
2020-11-13,9.59991359710693
2020-11-14,7.17657613754272
2020-11-15,7.22909069061279
2020-11-16,8.61396312713623
2020-11-17,8.6519718170166
2020-11-18,8.76045322418213
2020-11-19,10.3006076812744
2020-11-20,14.821346282959
2020-11-21,15.2886352539062
2020-11-22,12.7686424255371
2020-11-23,12.8603715896606
2020-11-24,14.0436401367188
2020-11-25,15.0869579315186
2020-11-26,14.3678340911865
2020-11-27,15.201621055603
2020-11-28,16.4049034118652
2020-11-29,17.7148494720459
2020-11-30,18.6218166351318
2020-12-01,15.9341516494751
2020-12-02,17.0985851287842
2020-12-03,17.3042869567871
2020-12-04,15.79807472229
2020-12-05,15.7619209289551
2020-12-06,15.1505756378174
2020-12-07,14.8069124221802
2020-12-08,16.0206565856934
2020-12-09,16.6962718963623
2020-12-10,17.6611499786377
2020-12-11,16.8426094055176
2020-12-12,14.4642925262451
2020-12-13,13.2841014862061
2020-12-14,12.8536291122437
2020-12-15,11.9402694702148
2020-12-16,11.6579818725586
2020-12-17,11.9778242111206
2020-12-18,13.2535953521729
2020-12-19,13.1499500274658
2020-12-20,12.862922668457
2020-12-21,12.4659862518311
2020-12-22,7.59036159515381
2020-12-23,8.462965965271
2020-12-24,12.5103225708008
2020-12-25,16.677734375
2020-12-26,17.3995513916016
2020-12-27,16.7408123016357
2020-12-28,15.6124477386475
2020-12-29,15.9555139541626
2020-12-30,15.8012456893921
2020-12-31,16.4658012390137
2021-01-01,16.8020553588867
2021-01-02,16.9310188293457
2021-01-03,17.1634407043457
2021-01-04,17.4803218841553
2021-01-05,17.1755504608154
2021-01-06,17.2897186279297
2021-01-07,17.6388530731201
2021-01-08,17.9452838897705
2021-01-09,18.5308322906494
2021-01-10,19.119873046875
2021-01-11,19.2510604858398
2021-01-12,16.329517364502
2021-01-13,16.7974700927734
2021-01-14,17.8072319030762
2021-01-15,19.4460678100586
2021-01-16,20.1796817779541
2021-01-17,19.5011425018311
2021-01-18,16.4339275360107
2021-01-19,15.0714683532715
2021-01-20,12.707631111145
2021-01-21,10.9958267211914
2021-01-22,12.7395105361938
2021-01-23,16.1982498168945
2021-01-24,17.6965942382812
2021-01-25,18.4867534637451
2021-01-26,17.4403915405273
2021-01-27,17.3569374084473
2021-01-28,14.622181892395
2021-01-29,13.465126991272
2021-01-30,16.8116626739502
2021-01-31,19.6362552642822
2021-02-01,17.2567195892334
2021-02-02,13.6320486068726
2021-02-03,10.7217674255371
2021-02-04,12.8810920715332
2021-02-05,13.7632102966309
2021-02-06,15.5805959701538
2021-02-07,19.5466899871826
2021-02-08,22.8733024597168
2021-02-09,25.0578098297119
2021-02-10,25.1790828704834
2021-02-11,24.9910430908203
2021-02-12,25.9920463562012
2021-02-13,25.8448829650879
2021-02-14,23.9146289825439
2021-02-15,19.870189666748
2021-02-16,13.9757890701294
2021-02-17,11.7794933319092
2021-02-18,12.0313301086426
2021-02-19,11.8099727630615
2021-02-20,9.7213830947876
2021-02-21,9.25893306732178
2021-02-22,10.2125120162964
2021-02-23,7.55889987945557
2021-02-24,6.54529905319214
2021-02-25,7.16376113891602
2021-02-26,11.3107452392578
2021-02-27,13.9186935424805
2021-02-28,14.129508972168
2021-03-01,13.7700309753418
2021-03-02,12.7003326416016
2021-03-03,11.7083339691162
2021-03-04,12.6703071594238
2021-03-05,16.3280296325684
2021-03-06,17.3225173950195
2021-03-07,16.5067710876465
2021-03-08,16.3966197967529
2021-03-09,16.1167259216309
2021-03-10,13.778021812439
2021-03-11,10.1957874298096
2021-03-12,11.8220300674438
2021-03-13,12.1358509063721
2021-03-14,13.9253549575806
2021-03-15,13.8376379013062
2021-03-16,14.1764345169067
2021-03-17,15.5901889801025
2021-03-18,16.4474754333496
2021-03-19,16.7836265563965
2021-03-20,17.36496925354
2021-03-21,14.2293491363525
2021-03-22,13.9281368255615
2021-03-23,12.9071025848389
2021-03-24,11.06960105896
2021-03-25,9.8059892654419
2021-03-26,8.16167640686035
2021-03-27,11.694465637207
2021-03-28,10.0876264572144
2021-03-29,5.92382526397705
2021-03-30,5.20618915557861
2021-03-31,3.20163226127625
2021-04-01,5.31972217559814
2021-04-02,11.3912916183472
2021-04-03,12.4023599624634
2021-04-04,13.0973491668701
2021-04-05,14.8966512680054
2021-04-06,17.492036819458
2021-04-07,16.8490619659424
2021-04-08,14.9166221618652
2021-04-09,10.8064546585083
2021-04-10,9.98696517944336
2021-04-11,9.64530181884766
2021-04-12,14.9300956726074
2021-04-13,15.0114164352417
2021-04-14,15.2485208511353
2021-04-15,14.7724609375
2021-04-16,13.3227806091309
2021-04-17,12.0675144195557
2021-04-18,10.710789680481
2021-04-19,9.90347671508789
2021-04-20,8.58907032012939
2021-04-21,8.5232982635498
2021-04-22,10.8249912261963
2021-04-23,10.4847593307495
2021-04-24,10.0132961273193
2021-04-25,11.0623750686646
2021-04-26,11.199273109436
2021-04-27,9.77705001831055
2021-04-28,6.6349458694458
2021-04-29,7.92240238189697
2021-04-30,10.3316650390625
2021-05-01,9.71154022216797
2021-05-02,11.1705846786499
2021-05-03,10.4663639068604
2021-05-04,8.42984580993652
2021-05-05,11.0938930511475
2021-05-06,11.3539943695068
2021-05-07,11.5900497436523
2021-05-08,8.34237384796143
2021-05-09,0.0135031025856733
2021-05-10,0.204598560929298
2021-05-11,4.01003980636597
2021-05-12,6.12365198135376
2021-05-13,6.90121793746948
2021-05-14,6.97245597839355
2021-05-15,7.41703367233276
2021-05-16,7.00510883331299
2021-05-17,7.14270830154419
2021-05-18,7.54810428619385
2021-05-19,7.94510841369629
2021-05-20,6.78586626052856
2021-05-21,5.50725650787354
2021-05-22,7.03852939605713
2021-05-23,7.11717081069946
2021-05-24,5.31383037567139
2021-05-25,8.14977741241455
2021-05-26,7.82480049133301
2021-05-27,7.73609066009521
2021-05-28,6.27282476425171
2021-05-29,5.80873680114746
2021-05-30,4.55016088485718
2021-05-31,2.42654061317444
2021-06-01,0.754343509674072
2021-06-02,0.0643198266625404
2021-06-03,0.00211065728217363
2021-06-04,0.0026318235322833
2021-06-05,0.0715740323066711
2021-06-06,0.840381264686584
2021-06-07,0.098262719810009
2021-06-08,0.0297805462032556
2021-06-09,0.0211580060422421
2021-06-10,0.0205357279628515
2021-06-11,0.00984388869255781
2021-06-12,0.00217687664553523
2021-06-13,0.893150568008423
2021-06-14,0.00325558008626103
2021-06-15,0.0202190559357405
2021-06-16,0
2021-06-17,0
2021-06-18,0
2021-06-19,0
2021-06-20,0
2021-06-21,0.364617943763733
2021-06-22,1.54910385608673
2021-06-23,0.293315827846527
2021-06-24,0.141916662454605
2021-06-25,0.0562407076358795
2021-06-26,0.00161725934594869
2021-06-27,0
2021-06-28,0
2021-06-29,0.00148230046033859
2021-06-30,1.0510333776474
2021-07-01,2.9766206741333
2021-07-02,0.453029990196228
2021-07-03,0.00168675591703504
2021-07-04,0.0118440464138985
2021-07-05,0.0131805678829551
2021-07-06,0
2021-07-07,0.0158238969743252
2021-07-08,0.0358885377645492
2021-07-09,0.303314596414566
2021-07-10,0.00151724216993898
2021-07-11,0.0303539428859949
2021-07-12,0
2021-07-13,0.222810998558998
2021-07-14,0.446632951498032
2021-07-15,0.22642157971859
2021-07-16,0.0235713310539722
2021-07-17,0.012921454384923
2021-07-18,0.00167600437998771
2021-07-19,0.00528616271913051
2021-07-20,0.0745893493294716
2021-07-21,0.0194851104170084
2021-07-22,0
2021-07-23,0
2021-07-24,0
2021-07-25,0.00159618398174643
2021-07-26,0.00156808737665414
2021-07-27,0.00129686156287789
2021-07-28,0.00761799653992056
2021-07-29,0.00291423872113227
2021-07-30,0
2021-07-31,0.00832774583250284
2021-08-01,0.666538596153259
2021-08-02,0.803154766559601
2021-08-03,1.40311110019684
2021-08-04,0.533059418201447
2021-08-05,0.153765022754669
2021-08-06,0.0237491466104984
2021-08-07,0.100423574447632
2021-08-08,0.306921094655991
2021-08-09,0.0586379691958427
2021-08-10,0.00257830484770238
2021-08-11,0
2021-08-12,0
2021-08-13,0
2021-08-14,0
2021-08-15,0
2021-08-16,0.52499920129776
2021-08-17,3.62810921669006
2021-08-18,0.784561693668365
2021-08-19,0.0260050371289253
2021-08-20,0.0148553913459182
2021-08-21,0.00108079484198242
2021-08-22,0.00771322939544916
2021-08-23,0.634392142295837
2021-08-24,1.81425106525421
2021-08-25,1.65497326850891
2021-08-26,2.92942523956299
2021-08-27,4.14223194122314
2021-08-28,3.42732000350952
2021-08-29,2.96687841415405
2021-08-30,1.46882569789886
2021-08-31,1.38942921161652
2021-09-01,2.1452522277832
2021-09-02,1.27570283412933
2021-09-03,0.455851674079895
2021-09-04,1.18673944473267
2021-09-05,1.06818163394928
2021-09-06,0.477251321077347
2021-09-07,0.0672090202569962
2021-09-08,0.0158981736749411
2021-09-09,0.00165893428493291
2021-09-10,0.00177880492992699
2021-09-11,0.0166332833468914
2021-09-12,0.0673700198531151
2021-09-13,0.926247835159302
2021-09-14,0.0330757312476635
2021-09-15,0.00148007436655461
2021-09-16,0.737161219120026
2021-09-17,2.89861154556274
2021-09-18,3.19338321685791
2021-09-19,5.15245532989502
2021-09-20,6.02035188674927
2021-09-21,6.11978769302368
2021-09-22,5.61784887313843
2021-09-23,3.45001149177551
2021-09-24,1.72638130187988
2021-09-25,0.232745721936226
2021-09-26,0.0111194420605898
2021-09-27,0.132358759641647
2021-09-28,4.56198358535767
2021-09-29,5.88866996765137
2021-09-30,7.59040069580078
2021-10-01,5.84711265563965
2021-10-02,2.84423995018005
2021-10-03,0.242252305150032
2021-10-04,5.45288181304932
2021-10-05,6.02154493331909
2021-10-06,7.13054990768433
2021-10-07,7.5429744720459
2021-10-08,7.55068445205688
2021-10-09,8.7950439453125
2021-10-10,10.6909379959106
2021-10-11,9.67173290252686
2021-10-12,9.66939926147461
2021-10-13,10.6471061706543
2021-10-14,8.48215103149414
2021-10-15,8.69292449951172
2021-10-16,10.5620899200439
2021-10-17,9.91472434997559
2021-10-18,8.90697002410889
2021-10-19,5.96699810028076
2021-10-20,2.05158042907715
2021-10-21,7.0652289390564
2021-10-22,10.9943771362305
2021-10-23,11.25465965271
2021-10-24,11.7675266265869
2021-10-25,10.617470741272
2021-10-26,8.05333518981934
2021-10-27,7.67894077301025
2021-10-28,9.13782119750977
2021-10-29,9.1654224395752
2021-10-30,8.75356769561768
2021-10-31,5.51862907409668
2021-11-01,8.46917724609375
2021-11-02,10.8220052719116
2021-11-03,11.8794898986816
2021-11-04,11.8298492431641
2021-11-05,11.3460006713867
2021-11-06,11.7010622024536
2021-11-07,11.1407690048218
2021-11-08,11.4561719894409
2021-11-09,12.1656560897827
2021-11-10,14.0984497070312
2021-11-11,14.0451021194458
2021-11-12,13.8809413909912
2021-11-13,12.2822246551514
2021-11-14,10.9488048553467
2021-11-15,12.3671541213989
2021-11-16,13.3174848556519
2021-11-17,12.878098487854
2021-11-18,11.419264793396
2021-11-19,9.89448833465576
2021-11-20,10.2916946411133
2021-11-21,12.6928510665894
2021-11-22,14.6463165283203
2021-11-23,15.1367778778076
2021-11-24,14.4482879638672
2021-11-25,16.0276260375977
2021-11-26,15.9184265136719
2021-11-27,16.0945644378662
2021-11-28,17.0579376220703
2021-11-29,17.0215930938721
2021-11-30,14.5566005706787
2021-12-01,11.8876886367798
2021-12-02,15.9758701324463
2021-12-03,17.3392715454102
2021-12-04,15.1520118713379
2021-12-05,15.731707572937
2021-12-06,17.140308380127
2021-12-07,16.4415168762207
2021-12-08,16.0763397216797
2021-12-09,16.6798248291016
2021-12-10,17.1449909210205
2021-12-11,17.2190914154053
2021-12-12,14.8246250152588
2021-12-13,11.8649711608887
2021-12-14,12.3715343475342
2021-12-15,11.6355762481689
2021-12-16,11.8982448577881
2021-12-17,12.9444446563721
2021-12-18,13.9364852905273
2021-12-19,13.9944067001343
2021-12-20,17.0354442596436
2021-12-21,20.508918762207
2021-12-22,21.4062366485596
2021-12-23,18.1835517883301
2021-12-24,12.6993341445923
2021-12-25,18.3887882232666
2021-12-26,19.7587451934814
2021-12-27,15.8133506774902
2021-12-28,12.6979951858521
2021-12-29,11.1141014099121
2021-12-30,6.74589443206787
2021-12-31,6.58630514144897
2022-01-01,7.92946529388428
2022-01-02,8.88449764251709
2022-01-03,9.15604496002197
2022-01-04,11.2628021240234
2022-01-05,15.4648780822754
2022-01-06,16.8984317779541
2022-01-07,17.2710571289062
2022-01-08,16.7818145751953
2022-01-09,15.5270376205444
2022-01-10,16.5487594604492
2022-01-11,17.6848793029785
2022-01-12,17.5680198669434
2022-01-13,16.7906246185303
2022-01-14,16.1268749237061
2022-01-15,16.9942779541016
2022-01-16,16.5038547515869
2022-01-17,14.0804662704468
2022-01-18,14.183464050293
2022-01-19,15.721230506897
2022-01-20,16.554084777832
2022-01-21,17.193546295166
2022-01-22,14.6490907669067
2022-01-23,14.3147563934326
2022-01-24,15.2561569213867
2022-01-25,16.7000484466553
2022-01-26,17.2597599029541
2022-01-27,15.5253591537476
2022-01-28,14.5635271072388
2022-01-29,12.6847944259644
2022-01-30,13.489782333374
2022-01-31,15.4188070297241
2022-02-01,14.8116626739502
2022-02-02,12.7787342071533
2022-02-03,12.5343656539917
2022-02-04,12.5669841766357
2022-02-05,14.4919538497925
2022-02-06,13.1874084472656
2022-02-07,14.8338108062744
2022-02-08,12.4305858612061
2022-02-09,10.9440851211548
2022-02-10,12.7204923629761
2022-02-11,15.378924369812
2022-02-12,17.2461318969727
2022-02-13,14.5348014831543
2022-02-14,11.2676544189453
2022-02-15,12.2622222900391
2022-02-16,10.0733795166016
2022-02-17,9.40523052215576
2022-02-18,10.1718444824219
2022-02-19,12.9438257217407
2022-02-20,11.4614353179932
2022-02-21,13.0102291107178
2022-02-22,12.6070957183838
2022-02-23,11.8682203292847
2022-02-24,11.9565534591675
2022-02-25,15.1826591491699
2022-02-26,15.4994020462036
2022-02-27,15.8345861434937
2022-02-28,15.8477649688721
2022-03-01,16.0704383850098
2022-03-02,15.7992267608643
2022-03-03,16.0689163208008
2022-03-04,16.7902507781982
2022-03-05,17.0999870300293
2022-03-06,17.6422786712646
2022-03-07,17.3535823822021
2022-03-08,15.8107662200928
2022-03-09,14.1153125762939
2022-03-10,12.5236225128174
2022-03-11,13.0929002761841
2022-03-12,11.8491525650024
2022-03-13,11.0002508163452
2022-03-14,10.9452171325684
2022-03-15,11.9374485015869
2022-03-16,11.115550994873
2022-03-17,10.9557952880859
2022-03-18,11.4175243377686
2022-03-19,12.1683311462402
2022-03-20,11.0382537841797
2022-03-21,9.97816181182861
2022-03-22,9.47004508972168
2022-03-23,9.0543327331543
2022-03-24,9.04872894287109
2022-03-25,8.87456893920898
2022-03-26,8.37804985046387
2022-03-27,8.34085273742676
2022-03-28,8.1166410446167
2022-03-29,9.2038688659668
2022-03-30,11.7209300994873
2022-03-31,13.9393177032471
2022-04-01,16.5722885131836
2022-04-02,17.2507152557373
2022-04-03,16.8158740997314
2022-04-04,14.8831310272217
2022-04-05,10.9913606643677
2022-04-06,8.28778648376465
2022-04-07,8.7319507598877
2022-04-08,12.1557369232178
2022-04-09,13.8248014450073
2022-04-10,13.8039846420288
2022-04-11,11.026349067688
2022-04-12,5.8676962852478
2022-04-13,2.83548092842102
2022-04-14,4.67173099517822
2022-04-15,7.86044406890869
2022-04-16,10.0107002258301
2022-04-17,9.84416580200195
2022-04-18,8.60725975036621
2022-04-19,8.49015235900879
2022-04-20,9.09744834899902
2022-04-21,8.51896572113037
2022-04-22,7.41987800598145
2022-04-23,6.79963731765747
2022-04-24,8.21523571014404
2022-04-25,9.1836986541748
2022-04-26,9.2165002822876
2022-04-27,8.38621425628662
2022-04-28,7.57906436920166
2022-04-29,7.24631881713867
2022-04-30,8.35223579406738
2022-05-01,7.76212787628174
2022-05-02,5.9477219581604
2022-05-03,5.82538318634033
2022-05-04,6.05292892456055
2022-05-05,5.70130825042725
2022-05-06,4.8197193145752
2022-05-07,3.08972096443176
2022-05-08,4.53319263458252
2022-05-09,1.89529657363892
2022-05-10,0.0629204884171486
2022-05-11,0.149119898676872
2022-05-12,1.03706395626068
2022-05-13,2.70809197425842
2022-05-14,1.50514566898346
2022-05-15,0.884677052497864
2022-05-16,0.138971611857414
2022-05-17,0.167687430977821
2022-05-18,0.00774768693372607
2022-05-19,0.00262678717263042
2022-05-20,0.160857364535332
2022-05-21,2.40359544754028
2022-05-22,1.73837983608246
2022-05-23,0.0433015115559101
2022-05-24,2.59594368934631
2022-05-25,2.79252743721008
2022-05-26,0.903584182262421
2022-05-27,3.35392880439758
2022-05-28,6.43288230895996
2022-05-29,8.04828453063965
2022-05-30,7.37287998199463
2022-05-31,4.82081317901611
2022-06-01,3.73899388313293
2022-06-02,3.23585295677185
2022-06-03,0.409947752952576
2022-06-04,0.361862421035767
2022-06-05,0.0141944931820035
2022-06-06,0.034817311912775
2022-06-07,0.560262978076935
2022-06-08,0.423619270324707
2022-06-09,1.641561627388
2022-06-10,0.153842404484749
2022-06-11,0.0127585968002677
2022-06-12,0.00701075932011008
2022-06-13,1.66713261604309
2022-06-14,1.57494163513184
2022-06-15,0.0573835931718349
2022-06-16,0.00398486712947487
2022-06-17,0
2022-06-18,0
2022-06-19,0.384791195392609
2022-06-20,1.63626635074615
2022-06-21,0.156104147434235
2022-06-22,0.0348182283341885
2022-06-23,0
2022-06-24,0.00767582235857844
2022-06-25,0.0013644496211782
2022-06-26,0.00279994588345289
2022-06-27,0.0100334770977497
2022-06-28,0.00723197916522622
2022-06-29,0.0011337564792484
2022-06-30,0
2022-07-01,0.84478086233139
2022-07-02,0.00121048442088067
2022-07-03,0
2022-07-04,0.00126132823061198
2022-07-05,0.00155747740063816
2022-07-06,0.136379420757294
2022-07-07,0.85527229309082
2022-07-08,0.387188076972961
2022-07-09,0.0853519216179848
2022-07-10,1.12946498394012
2022-07-11,0.151931494474411
2022-07-12,0.00310377147980034
2022-07-13,0
2022-07-14,0.088133342564106
2022-07-15,0.293970286846161
2022-07-16,0.0528333708643913
2022-07-17,0
2022-07-18,0
2022-07-19,0
2022-07-20,0
2022-07-21,0
2022-07-22,0
2022-07-23,0.0121996523812413
2022-07-24,0
2022-07-25,0
2022-07-26,0.0011598733253777
2022-07-27,0.219950765371323
2022-07-28,0.280998528003693
2022-07-29,0.00153722264803946
2022-07-30,0.00313723948784172
2022-07-31,0.00104361318517476
2022-08-01,0
2022-08-02,0
2022-08-03,0
2022-08-04,0
2022-08-05,0
2022-08-06,0.271644055843353
2022-08-07,0.0140772638842463
2022-08-08,0.00124402996152639
2022-08-09,0.00133749493397772
2022-08-10,0.00130685698240995
2022-08-11,0.00118451879825443
2022-08-12,0.00578800309449434
2022-08-13,0.00907280296087265
2022-08-14,0.00098737876396626
2022-08-15,0.00144333753269165
2022-08-16,0.00112647993955761
2022-08-17,0
2022-08-18,0.00155573000665754
2022-08-19,0.0119559345766902
2022-08-20,0.0170387160032988
2022-08-21,0.00551017886027693
2022-08-22,0.0196426752954721
2022-08-23,0.0112430984154344
2022-08-24,0.00165390060283243
2022-08-25,0.00107367860618978
2022-08-26,0.00097438431112095
2022-08-27,0.00160855753347277
2022-08-28,0.0031004105694592
2022-08-29,0.0136051159352064
2022-08-30,0.00108974683098495
2022-08-31,0.114852957427502
2022-09-01,0.229740992188454
2022-09-02,0.327090889215469
2022-09-03,0.167989864945412
2022-09-04,0.0139913028106093
2022-09-05,0.00152776262257248
2022-09-06,0.00136277358978986
2022-09-07,0.00119444204028695
2022-09-08,0.318103134632111
2022-09-09,0.455775290727615
2022-09-10,1.52535367012024
2022-09-11,1.13788139820099
2022-09-12,0.952625274658203
2022-09-13,0.0423748418688774
2022-09-14,1.64480578899384
2022-09-15,2.79881143569946
2022-09-16,5.88839197158813
2022-09-17,7.57441568374634
2022-09-18,8.07077026367188
2022-09-19,7.47567081451416
2022-09-20,7.93676900863647
2022-09-21,8.3729305267334
2022-09-22,7.85416984558105
2022-09-23,6.59687471389771
2022-09-24,5.62101984024048
2022-09-25,6.19292879104614
2022-09-26,7.06662845611572
2022-09-27,8.68178176879883
2022-09-28,9.52274036407471
2022-09-29,9.55890369415283
2022-09-30,8.40426731109619
2022-10-01,7.08205842971802
2022-10-02,5.55969095230103
2022-10-03,6.85378313064575
2022-10-04,6.54783868789673
2022-10-05,3.3017520904541
2022-10-06,4.82229948043823
2022-10-07,6.35980129241943
2022-10-08,6.69398546218872
2022-10-09,8.41690826416016
2022-10-10,6.08572673797607
2022-10-11,7.72713470458984
2022-10-12,8.14976692199707
2022-10-13,6.5452094078064
2022-10-14,4.85392570495605
2022-10-15,2.80702018737793
2022-10-16,1.44024908542633
2022-10-17,0.665522158145905
2022-10-18,3.38343596458435
2022-10-19,7.23509454727173
2022-10-20,7.41975736618042
2022-10-21,4.40580272674561
2022-10-22,4.19831132888794
2022-10-23,3.87031698226929
2022-10-24,1.76496970653534
2022-10-25,5.28761339187622
2022-10-26,4.56414127349854
2022-10-27,3.06764674186707
2022-10-28,0.657832384109497
2022-10-29,1.08740627765656
2022-10-30,1.91424119472504
2022-10-31,5.2496862411499
2022-11-01,4.95756101608276
2022-11-02,7.68370676040649
2022-11-03,8.60640430450439
2022-11-04,9.10815906524658
2022-11-05,10.6721754074097
2022-11-06,10.6319389343262
2022-11-07,7.21751165390015
2022-11-08,6.88564491271973
2022-11-09,6.33230543136597
2022-11-10,8.27718544006348
2022-11-11,10.064847946167
2022-11-12,11.495551109314
2022-11-13,11.5634212493896
2022-11-14,11.5276727676392
2022-11-15,8.75734424591064
2022-11-16,9.84360027313232
2022-11-17,10.7310657501221
2022-11-18,13.1598920822144
2022-11-19,16.9755477905273
2022-11-20,16.5589370727539
2022-11-21,15.3145360946655
2022-11-22,13.9004154205322
2022-11-23,12.4545192718506
2022-11-24,11.9639930725098
2022-11-25,12.3578777313232
2022-11-26,12.6647129058838
2022-11-27,14.0830793380737
2022-11-28,13.2102203369141
2022-11-29,12.69788646698
2022-11-30,13.7050628662109
2022-12-01,15.3610363006592
2022-12-02,16.7681999206543
2022-12-03,17.8345260620117
2022-12-04,16.8680267333984
2022-12-05,15.8833303451538
2022-12-06,15.7031269073486
2022-12-07,15.7270755767822
2022-12-08,16.7933349609375
2022-12-09,18.3938045501709
2022-12-10,19.3347282409668
2022-12-11,20.5060424804688
2022-12-12,21.7475528717041
2022-12-13,23.478687286377
2022-12-14,22.5176963806152
2022-12-15,22.433895111084
2022-12-16,22.3520832061768
2022-12-17,23.8876895904541
2022-12-18,23.5822944641113
2022-12-19,16.2823486328125
2022-12-20,11.8711233139038
2022-12-21,11.0138111114502
2022-12-22,10.0219774246216
2022-12-23,9.40277194976807
2022-12-24,9.99942493438721
2022-12-25,10.1949462890625
2022-12-26,9.90524291992188
2022-12-27,14.3628101348877
2022-12-28,11.8940010070801
2022-12-29,9.05561447143555
2022-12-30,10.7775783538818
2022-12-31,4.2458233833313
