"Date","HDDwind"
2018-01-01,11.3977565765381
2018-01-02,12.7108135223389
2018-01-03,13.1961841583252
2018-01-04,11.1259155273438
2018-01-05,9.98477172851562
2018-01-06,10.2661933898926
2018-01-07,14.3429937362671
2018-01-08,15.0658855438232
2018-01-09,12.9388971328735
2018-01-10,11.110408782959
2018-01-11,11.5531740188599
2018-01-12,12.1779222488403
2018-01-13,13.9257774353027
2018-01-14,15.9996347427368
2018-01-15,15.7064094543457
2018-01-16,14.0322799682617
2018-01-17,16.2781257629395
2018-01-18,15.1185846328735
2018-01-19,14.4720783233643
2018-01-20,14.7676467895508
2018-01-21,15.0381765365601
2018-01-22,13.8049631118774
2018-01-23,11.4410219192505
2018-01-24,8.76565551757812
2018-01-25,8.64245223999023
2018-01-26,9.68393516540527
2018-01-27,11.39426612854
2018-01-28,10.9202938079834
2018-01-29,10.0953788757324
2018-01-30,11.7110996246338
2018-01-31,11.7340574264526
2018-02-01,14.2319793701172
2018-02-02,14.5213537216187
2018-02-03,14.551944732666
2018-02-04,16.3651466369629
2018-02-05,17.4420299530029
2018-02-06,18.1158142089844
2018-02-07,17.5418720245361
2018-02-08,17.6762428283691
2018-02-09,17.3518085479736
2018-02-10,15.5914087295532
2018-02-11,15.4949760437012
2018-02-12,15.9330472946167
2018-02-13,16.7485256195068
2018-02-14,17.4881896972656
2018-02-15,16.2864360809326
2018-02-16,13.2796611785889
2018-02-17,15.0049800872803
2018-02-18,15.3558874130249
2018-02-19,15.5316114425659
2018-02-20,16.2043342590332
2018-02-21,16.9803886413574
2018-02-22,18.2108097076416
2018-02-23,19.232837677002
2018-02-24,20.1864948272705
2018-02-25,22.3942222595215
2018-02-26,23.7937793731689
2018-02-27,24.3897228240967
2018-02-28,26.3020172119141
2018-03-01,24.3939361572266
2018-03-02,22.5004615783691
2018-03-03,19.4523181915283
2018-03-04,14.7762842178345
2018-03-05,11.3068609237671
2018-03-06,12.2963714599609
2018-03-07,12.2725105285645
2018-03-08,12.0614862442017
2018-03-09,10.9417486190796
2018-03-10,7.66113233566284
2018-03-11,5.63726854324341
2018-03-12,7.39466905593872
2018-03-13,10.5899353027344
2018-03-14,11.1320934295654
2018-03-15,12.245849609375
2018-03-16,13.2238330841064
2018-03-17,20.0302238464355
2018-03-18,21.0020484924316
2018-03-19,18.6956977844238
2018-03-20,17.0569305419922
2018-03-21,15.5944557189941
2018-03-22,14.8218364715576
2018-03-23,11.7942686080933
2018-03-24,10.8640604019165
2018-03-25,9.74144744873047
2018-03-26,10.5258865356445
2018-03-27,10.7628479003906
2018-03-28,10.8475513458252
2018-03-29,11.7106428146362
2018-03-30,9.9808349609375
2018-03-31,10.2670974731445
2018-04-01,12.649076461792
2018-04-02,9.20624732971191
2018-04-03,3.7398533821106
2018-04-04,4.34860706329346
2018-04-05,9.50985336303711
2018-04-06,9.21633911132812
2018-04-07,3.95453643798828
2018-04-08,1.54084551334381
2018-04-09,1.52865064144135
2018-04-10,2.4807493686676
2018-04-11,4.87336540222168
2018-04-12,2.94265651702881
2018-04-13,4.39033365249634
2018-04-14,3.93199515342712
2018-04-15,2.1788957118988
2018-04-16,2.61586689949036
2018-04-17,1.6654839515686
2018-04-18,0.309849441051483
2018-04-19,0.0592892058193684
2018-04-20,0.0423871204257011
2018-04-21,0.419693768024445
2018-04-22,0.276540100574493
2018-04-23,1.12501358985901
2018-04-24,3.45008611679077
2018-04-25,4.18325138092041
2018-04-26,7.31436157226562
2018-04-27,4.36466026306152
2018-04-28,2.35129547119141
2018-04-29,0.891041815280914
2018-04-30,4.1106538772583
2018-05-01,7.90524196624756
2018-05-02,4.99459266662598
2018-05-03,3.70035910606384
2018-05-04,3.35306930541992
2018-05-05,1.98928284645081
2018-05-06,0.57239305973053
2018-05-07,0.135518580675125
2018-05-08,0.0333483926951885
2018-05-09,0.0451217964291573
2018-05-10,1.67238759994507
2018-05-11,1.41714370250702
2018-05-12,0.0793465003371239
2018-05-13,0.668720781803131
2018-05-14,0.563743710517883
2018-05-15,1.10718595981598
2018-05-16,1.97253060340881
2018-05-17,3.87308192253113
2018-05-18,3.90357208251953
2018-05-19,2.47231698036194
2018-05-20,1.00408244132996
2018-05-21,0.1485475897789
2018-05-22,0.0203606709837914
2018-05-23,0.0174790062010288
2018-05-24,0.107518643140793
2018-05-25,0.0367192775011063
2018-05-26,0.00676939729601144
2018-05-27,0.0186565890908241
2018-05-28,0.0009846247266978
2018-05-29,0.0007266984321177
2018-05-30,0.00102609186433255
2018-05-31,0.00290201068855822
2018-06-01,0.00395867461338639
2018-06-02,0.00327534368261694
2018-06-03,0.00131935870740562
2018-06-04,0.0189549122005701
2018-06-05,0.0127552067860961
2018-06-06,0.00948955118656158
2018-06-07,0.00062130758306011
2018-06-08,0.00061747786821797
2018-06-09,0.00042811254388652
2018-06-10,0.00293201557360589
2018-06-11,0.0584726370871067
2018-06-12,0.752315938472748
2018-06-13,2.41131734848022
2018-06-14,0.574177086353302
2018-06-15,0.0130861066281796
2018-06-16,0.00201039551757276
2018-06-17,0.110575199127197
2018-06-18,0.0395762398838997
2018-06-19,0.027009941637516
2018-06-20,0.00383159751072525
2018-06-21,1.33716118335724
2018-06-22,4.98440647125244
2018-06-23,3.77346968650818
2018-06-24,2.09562993049622
2018-06-25,0.608306169509888
2018-06-26,0.144820645451546
2018-06-27,0.0338619872927666
2018-06-28,0.215174168348312
2018-06-29,0.00471150130033493
2018-06-30,0.0421211235225201
2018-07-01,0.172690078616142
2018-07-02,0.0135588115081191
2018-07-03,0.00587469292804598
2018-07-04,0.00199794094078242
2018-07-05,0.0229272283613682
2018-07-06,0.0884485617280006
2018-07-07,0.149705976247787
2018-07-08,0.0236499346792698
2018-07-09,0.256174802780151
2018-07-10,0.887713432312012
2018-07-11,0.507622480392456
2018-07-12,0.0756234005093575
2018-07-13,0.0101471608504653
2018-07-14,0.0188617669045925
2018-07-15,0.0004403872299008
2018-07-16,0.00040240312227979
2018-07-17,0.00083915150025859
2018-07-18,0.00059166061691939
2018-07-19,0.00013264939479995
2018-07-20,0
2018-07-21,0.00108690303750336
2018-07-22,0.00357939675450325
2018-07-23,0.00046989772818051
2018-07-24,0
2018-07-25,0
2018-07-26,0
2018-07-27,0
2018-07-28,0
2018-07-29,0
2018-07-30,0
2018-07-31,0
2018-08-01,0
2018-08-02,0
2018-08-03,0
2018-08-04,0
2018-08-05,7.50530525692739e-05
2018-08-06,0
2018-08-07,0
2018-08-08,0
2018-08-09,0.00019819563021883
2018-08-10,0.0562876276671886
2018-08-11,0.370381504297256
2018-08-12,0.00168505369219928
2018-08-13,0.00165258662309497
2018-08-14,0.00204860442318022
2018-08-15,0.00053860165644437
2018-08-16,0.00026329362299293
2018-08-17,5.30098950548563e-05
2018-08-18,0.00153335509821772
2018-08-19,0.00018551225366536
2018-08-20,0.00055185297969728
2018-08-21,0
2018-08-22,0
2018-08-23,0.00010556230699876
2018-08-24,0.18143267929554
2018-08-25,3.27627348899841
2018-08-26,2.22148013114929
2018-08-27,0.696234166622162
2018-08-28,0.00113702495582401
2018-08-29,0.00010110244329553
2018-08-30,0.457298040390015
2018-08-31,1.4009051322937
2018-09-01,1.24771535396576
2018-09-02,0.81432443857193
2018-09-03,0.0328150503337383
2018-09-04,0.0163582116365433
2018-09-05,0.00273743295110762
2018-09-06,0.00068552076118066
2018-09-07,0.681183755397797
2018-09-08,0.953972816467285
2018-09-09,0.00911432970315218
2018-09-10,0.003486895468086
2018-09-11,0.0494600534439087
2018-09-12,0.155194774270058
2018-09-13,0.866626143455505
2018-09-14,0.835072815418243
2018-09-15,1.10724365711212
2018-09-16,0.255190908908844
2018-09-17,0.00146092823706567
2018-09-18,0.00126976938918232
2018-09-19,0.00235609710216522
2018-09-20,0.00230185268446803
2018-09-21,1.01957094669342
2018-09-22,4.4991569519043
2018-09-23,4.86263942718506
2018-09-24,7.91508960723877
2018-09-25,7.30688047409058
2018-09-26,5.42152547836304
2018-09-27,1.27943980693817
2018-09-28,4.36553287506104
2018-09-29,6.67137432098389
2018-09-30,5.14370965957642
2018-10-01,7.53867101669312
2018-10-02,9.13312339782715
2018-10-03,5.90945339202881
2018-10-04,4.60323762893677
2018-10-05,2.67511916160583
2018-10-06,0.886581659317017
2018-10-07,3.85306525230408
2018-10-08,4.7077488899231
2018-10-09,2.91395592689514
2018-10-10,1.5576730966568
2018-10-11,0.397450506687164
2018-10-12,0.0394084081053734
2018-10-13,0.24203822016716
2018-10-14,0.356943368911743
2018-10-15,0.542482674121857
2018-10-16,0.960558474063873
2018-10-17,1.33016276359558
2018-10-18,3.47703456878662
2018-10-19,5.01610898971558
2018-10-20,5.95599603652954
2018-10-21,6.35831832885742
2018-10-22,7.53003072738647
2018-10-23,8.7831859588623
2018-10-24,6.29580402374268
2018-10-25,5.63194465637207
2018-10-26,7.09675455093384
2018-10-27,10.212474822998
2018-10-28,13.3995323181152
2018-10-29,12.1859540939331
2018-10-30,10.6399402618408
2018-10-31,9.14365863800049
2018-11-01,8.00429916381836
2018-11-02,7.72196245193481
2018-11-03,8.99488544464111
2018-11-04,7.40258264541626
2018-11-05,5.75173377990723
2018-11-06,5.57488441467285
2018-11-07,5.78290462493896
2018-11-08,6.10259580612183
2018-11-09,6.93396282196045
2018-11-10,6.7709174156189
2018-11-11,5.9701623916626
2018-11-12,4.96774101257324
2018-11-13,6.94030141830444
2018-11-14,9.09310436248779
2018-11-15,10.6753396987915
2018-11-16,11.9537210464478
2018-11-17,13.8484058380127
2018-11-18,14.9719858169556
2018-11-19,15.1146144866943
2018-11-20,15.686918258667
2018-11-21,15.0212182998657
2018-11-22,14.01735496521
2018-11-23,13.7728881835938
2018-11-24,12.3943605422974
2018-11-25,11.7704095840454
2018-11-26,12.7724132537842
2018-11-27,14.0851640701294
2018-11-28,15.3707733154297
2018-11-29,13.5347547531128
2018-11-30,11.5201168060303
2018-12-01,10.7612953186035
2018-12-02,8.89486122131348
2018-12-03,6.58023118972778
2018-12-04,10.5838413238525
2018-12-05,12.9595613479614
2018-12-06,9.18927097320557
2018-12-07,7.93694162368774
2018-12-08,12.2402563095093
2018-12-09,11.9922189712524
2018-12-10,13.9992475509644
2018-12-11,14.0207204818726
2018-12-12,14.1132326126099
2018-12-13,16.1951084136963
2018-12-14,16.3602237701416
2018-12-15,17.091817855835
2018-12-16,17.0316181182861
2018-12-17,13.6463022232056
2018-12-18,13.0287685394287
2018-12-19,13.0072889328003
2018-12-20,11.5209121704102
2018-12-21,10.537709236145
2018-12-22,9.5420036315918
2018-12-23,9.79504776000977
2018-12-24,13.0066823959351
2018-12-25,14.0158634185791
2018-12-26,14.4616727828979
2018-12-27,13.6793375015259
2018-12-28,13.8550806045532
2018-12-29,13.6991205215454
2018-12-30,11.7389755249023
2018-12-31,9.69898986816406
2019-01-01,12.3707313537598
2019-01-02,15.5385131835938
2019-01-03,16.2692909240723
2019-01-04,15.36461353302
2019-01-05,13.1600151062012
2019-01-06,12.515007019043
2019-01-07,12.6887979507446
2019-01-08,14.528205871582
2019-01-09,16.1920871734619
2019-01-10,16.0444240570068
2019-01-11,15.4910459518433
2019-01-12,13.7715969085693
2019-01-13,12.6042861938477
2019-01-14,14.8215274810791
2019-01-15,14.2194833755493
2019-01-16,13.0115776062012
2019-01-17,14.0160751342773
2019-01-18,16.420934677124
2019-01-19,18.2060813903809
2019-01-20,19.2694053649902
2019-01-21,19.2533740997314
2019-01-22,19.818286895752
2019-01-23,20.0744972229004
2019-01-24,19.4564895629883
2019-01-25,18.8837585449219
2019-01-26,14.6679363250732
2019-01-27,13.0396795272827
2019-01-28,15.6471910476685
2019-01-29,16.0104999542236
2019-01-30,17.2032222747803
2019-01-31,16.691427230835
2019-02-01,15.4132299423218
2019-02-02,14.1326675415039
2019-02-03,15.6326150894165
2019-02-04,16.1708278656006
2019-02-05,15.2247409820557
2019-02-06,14.9691925048828
2019-02-07,14.4233703613281
2019-02-08,12.2976665496826
2019-02-09,11.6657991409302
2019-02-10,11.8409376144409
2019-02-11,14.3005151748657
2019-02-12,13.9580793380737
2019-02-13,12.449779510498
2019-02-14,11.1823663711548
2019-02-15,10.2874202728271
2019-02-16,9.63486003875732
2019-02-17,9.47161102294922
2019-02-18,9.26582050323486
2019-02-19,10.6006813049316
2019-02-20,10.1765575408936
2019-02-21,8.93863010406494
2019-02-22,9.34281730651856
2019-02-23,13.2649726867676
2019-02-24,11.2537288665771
2019-02-25,9.0924015045166
2019-02-26,7.9508695602417
2019-02-27,7.23410415649414
2019-02-28,8.2504997253418
2019-03-01,9.86315441131592
2019-03-02,10.3048515319824
2019-03-03,8.61862945556641
2019-03-04,10.426944732666
2019-03-05,12.2936735153198
2019-03-06,9.10835456848144
2019-03-07,9.14519500732422
2019-03-08,11.1798467636108
2019-03-09,11.131742477417
2019-03-10,11.2364683151245
2019-03-11,14.6892871856689
2019-03-12,12.4007539749146
2019-03-13,13.2269077301025
2019-03-14,13.1827020645142
2019-03-15,10.859766960144
2019-03-16,9.51475620269775
2019-03-17,10.3553972244263
2019-03-18,13.054027557373
2019-03-19,11.840877532959
2019-03-20,9.91962051391602
2019-03-21,7.28437995910645
2019-03-22,5.57778835296631
2019-03-23,6.86368036270142
2019-03-24,8.33258628845215
2019-03-25,12.2346744537354
2019-03-26,11.3861351013184
2019-03-27,9.26037120819092
2019-03-28,7.31164646148682
2019-03-29,5.77672433853149
2019-03-30,4.89532518386841
2019-03-31,7.15307283401489
2019-04-01,8.50909042358398
2019-04-02,6.02150297164917
2019-04-03,6.30351734161377
2019-04-04,8.94887351989746
2019-04-05,8.34072494506836
2019-04-06,5.13615560531616
2019-04-07,3.8626708984375
2019-04-08,4.50931596755981
2019-04-09,7.20746421813965
2019-04-10,9.6334228515625
2019-04-11,11.3798818588257
2019-04-12,12.7115392684937
2019-04-13,13.1291532516479
2019-04-14,12.1017532348633
2019-04-15,7.96014595031738
2019-04-16,6.14278173446655
2019-04-17,4.34008073806763
2019-04-18,2.88987994194031
2019-04-19,1.35992741584778
2019-04-20,1.4185163974762
2019-04-21,1.39019393920898
2019-04-22,2.04924893379211
2019-04-23,2.56574463844299
2019-04-24,0.67431366443634
2019-04-25,1.5986670255661
2019-04-26,5.05441188812256
2019-04-27,7.11708974838257
2019-04-28,7.97511291503906
2019-04-29,7.93913888931274
2019-04-30,5.48031091690063
2019-05-01,4.76531171798706
2019-05-02,5.87214803695679
2019-05-03,8.04548645019531
2019-05-04,11.3581514358521
2019-05-05,10.915002822876
2019-05-06,9.96051597595215
2019-05-07,7.68926525115967
2019-05-08,6.8438515663147
2019-05-09,5.23404264450073
2019-05-10,5.09911727905273
2019-05-11,6.74240064620972
2019-05-12,8.10155296325684
2019-05-13,7.24652671813965
2019-05-14,7.78650522232056
2019-05-15,7.64101600646973
2019-05-16,6.97551298141479
2019-05-17,3.95718288421631
2019-05-18,0.755785048007965
2019-05-19,0.390676468610763
2019-05-20,2.20146727561951
2019-05-21,4.20835590362549
2019-05-22,4.29055404663086
2019-05-23,1.5502347946167
2019-05-24,0.360840499401093
2019-05-25,1.91420114040375
2019-05-26,0.956283092498779
2019-05-27,0.888893842697144
2019-05-28,3.30267763137817
2019-05-29,3.87195181846619
2019-05-30,1.54944348335266
2019-05-31,0.0815914571285248
2019-06-01,0.0375103987753391
2019-06-02,0.00173896912019699
2019-06-03,0.00206481735222041
2019-06-04,0.0107844742015004
2019-06-05,0.0007040812051855
2019-06-06,1.26066911220551
2019-06-07,0.626530468463898
2019-06-08,2.16052389144897
2019-06-09,0.136284053325653
2019-06-10,0.089459165930748
2019-06-11,0.145842760801315
2019-06-12,0.344145804643631
2019-06-13,0.287309646606445
2019-06-14,0.00010959282371914
2019-06-15,0.0047710477374494
2019-06-16,0.0215722359716892
2019-06-17,0.00050669693155214
2019-06-18,0
2019-06-19,0
2019-06-20,0.00408618571236729
2019-06-21,0.0266330987215042
2019-06-22,0.0231548361480236
2019-06-23,0.0007640640833415
2019-06-24,5.80135274503846e-05
2019-06-25,0
2019-06-26,0.00185742799658328
2019-06-27,0.240516677498817
2019-06-28,0.0114435376599431
2019-06-29,0
2019-06-30,0.00022362422896549
2019-07-01,0.0351716242730618
2019-07-02,0.42353680729866
2019-07-03,0.727850139141083
2019-07-04,0.29799085855484
2019-07-05,0.166096866130829
2019-07-06,0.295498132705688
2019-07-07,1.3459107875824
2019-07-08,1.97978150844574
2019-07-09,1.89647424221039
2019-07-10,0.254399418830872
2019-07-11,0.130294531583786
2019-07-12,0.0628869011998177
2019-07-13,0.447514474391937
2019-07-14,0.740066349506378
2019-07-15,0.953962087631226
2019-07-16,0.714883089065552
2019-07-17,0.00578429736196994
2019-07-18,0.00042516668327152
2019-07-19,0
2019-07-20,0.00018796104995999
2019-07-21,0.0076850694604218
2019-07-22,0.00439775642007589
2019-07-23,0
2019-07-24,0
2019-07-25,0
2019-07-26,0
2019-07-27,2.16581775021041e-05
2019-07-28,0.00819087121635675
2019-07-29,0.00088213675189763
2019-07-30,0
2019-07-31,0.00145583518315106
2019-08-01,0.00013136865163687
2019-08-02,0.00147628877311944
2019-08-03,0.00571682956069707
2019-08-04,0.00047070026630535
2019-08-05,0
2019-08-06,0.00019501127826515
2019-08-07,0.00109652185346931
2019-08-08,0.00764679303392767
2019-08-09,0
2019-08-10,0.00216681254096329
2019-08-11,0.0106035154312849
2019-08-12,0.106537617743015
2019-08-13,1.10227465629578
2019-08-14,0.341933488845825
2019-08-15,0.535639345645905
2019-08-16,0.0164831411093473
2019-08-17,0.0149115873500705
2019-08-18,0.00761052640154957
2019-08-19,0.052200049161911
2019-08-20,0.153024613857269
2019-08-21,0.175199687480927
2019-08-22,0.0293903630226851
2019-08-23,0.0003034206747543
2019-08-24,0.00010155943164136
2019-08-25,0.00025342821027152
2019-08-26,0.00019888035603798
2019-08-27,0
2019-08-28,0
2019-08-29,0.00020760294864885
2019-08-30,7.63800107961288e-06
2019-08-31,0
2019-09-01,0.025040777400136
2019-09-02,0.845266103744507
2019-09-03,0.625573396682739
2019-09-04,0.111729502677917
2019-09-05,2.28238487243652
2019-09-06,2.25532126426697
2019-09-07,2.11086630821228
2019-09-08,2.71195578575134
2019-09-09,3.49326968193054
2019-09-10,2.73402690887451
2019-09-11,1.61779034137726
2019-09-12,0.0656453818082809
2019-09-13,0.174512073397636
2019-09-14,1.19521987438202
2019-09-15,0.606881678104401
2019-09-16,1.27596569061279
2019-09-17,3.59552550315857
2019-09-18,5.26026678085327
2019-09-19,5.70047044754028
2019-09-20,4.85954475402832
2019-09-21,1.91254258155823
2019-09-22,0.324889093637466
2019-09-23,1.13765501976013
2019-09-24,1.39227938652039
2019-09-25,1.60481321811676
2019-09-26,1.16477608680725
2019-09-27,1.32356917858124
2019-09-28,2.89883279800415
2019-09-29,2.6214702129364
2019-09-30,4.00155258178711
2019-10-01,2.77846002578735
2019-10-02,6.20840311050415
2019-10-03,7.2101879119873
2019-10-04,7.22076559066772
2019-10-05,7.14189577102661
2019-10-06,8.54313373565674
2019-10-07,7.3014030456543
2019-10-08,5.28621912002563
2019-10-09,5.77410459518433
2019-10-10,6.69259452819824
2019-10-11,4.88823509216309
2019-10-12,1.98875975608826
2019-10-13,0.262317478656769
2019-10-14,0.387789040803909
2019-10-15,1.24746215343475
2019-10-16,4.53322410583496
2019-10-17,2.92260694503784
2019-10-18,3.7489378452301
2019-10-19,4.34512042999268
2019-10-20,2.66741228103638
2019-10-21,2.23150730133057
2019-10-22,3.61216878890991
2019-10-23,3.81488084793091
2019-10-24,2.54543018341064
2019-10-25,3.2456841468811
2019-10-26,3.38420915603638
2019-10-27,5.70287132263184
2019-10-28,8.93664073944092
2019-10-29,10.1173505783081
2019-10-30,12.132303237915
2019-10-31,12.857349395752
2019-11-01,11.2734861373901
2019-11-02,5.07594060897827
2019-11-03,5.5159649848938
2019-11-04,6.55982828140259
2019-11-05,7.59643411636353
2019-11-06,8.44533443450928
2019-11-07,9.37494087219238
2019-11-08,9.98845958709717
2019-11-09,11.271951675415
2019-11-10,12.8580741882324
2019-11-11,13.9881200790405
2019-11-12,12.3372220993042
2019-11-13,12.4561328887939
2019-11-14,12.432204246521
2019-11-15,11.8049631118774
2019-11-16,11.6749591827393
2019-11-17,12.501353263855
2019-11-18,11.5105581283569
2019-11-19,11.8034658432007
2019-11-20,12.7046051025391
2019-11-21,11.4880638122559
2019-11-22,11.3685703277588
2019-11-23,10.8392972946167
2019-11-24,10.64586353302
2019-11-25,10.7828464508057
2019-11-26,9.21559143066406
2019-11-27,8.91703701019287
2019-11-28,9.21161365509033
2019-11-29,11.7290420532227
2019-11-30,13.7881965637207
2019-12-01,15.007137298584
2019-12-02,14.129846572876
2019-12-03,12.7255897521973
2019-12-04,14.3243236541748
2019-12-05,16.1890144348145
2019-12-06,15.1461191177368
2019-12-07,10.2745561599731
2019-12-08,10.1081609725952
2019-12-09,11.5314922332764
2019-12-10,14.0959730148315
2019-12-11,14.4221153259277
2019-12-12,13.9909162521362
2019-12-13,15.1715087890625
2019-12-14,13.2666091918945
2019-12-15,10.6549663543701
2019-12-16,9.50817584991455
2019-12-17,7.66783285140991
2019-12-18,8.79130744934082
2019-12-19,10.0013456344604
2019-12-20,9.80671787261963
2019-12-21,10.4576654434204
2019-12-22,11.3538208007812
2019-12-23,10.9321889877319
2019-12-24,10.9779357910156
2019-12-25,10.8518400192261
2019-12-26,11.8296060562134
2019-12-27,12.5777959823608
2019-12-28,15.5989322662354
2019-12-29,16.3647480010986
2019-12-30,13.8082046508789
2019-12-31,13.2749881744385
2020-01-01,15.6769151687622
2020-01-02,16.2748889923096
2020-01-03,12.5525188446045
2020-01-04,13.2886981964111
2020-01-05,12.5736169815063
2020-01-06,13.5042667388916
2020-01-07,12.8958053588867
2020-01-08,10.8085346221924
2020-01-09,8.11675357818604
2020-01-10,9.70673751831055
2020-01-11,12.7554130554199
2020-01-12,14.077130317688
2020-01-13,11.6913919448853
2020-01-14,10.8477954864502
2020-01-15,8.8703145980835
2020-01-16,9.4344482421875
2020-01-17,11.1204662322998
2020-01-18,12.7317667007446
2020-01-19,13.6602392196655
2020-01-20,13.7848806381226
2020-01-21,15.6950931549072
2020-01-22,15.340747833252
2020-01-23,14.5415639877319
2020-01-24,15.6733169555664
2020-01-25,14.7280435562134
2020-01-26,13.76930809021
2020-01-27,11.5823707580566
2020-01-28,13.7104158401489
2020-01-29,14.4590311050415
2020-01-30,11.5966186523438
2020-01-31,7.36694526672363
2020-02-01,10.3684148788452
2020-02-02,11.6974897384644
2020-02-03,11.5729494094849
2020-02-04,15.9094314575195
2020-02-05,15.5693111419678
2020-02-06,14.746771812439
2020-02-07,14.6162929534912
2020-02-08,14.5551319122314
2020-02-09,14.115062713623
2020-02-10,16.1576366424561
2020-02-11,18.6867198944092
2020-02-12,17.8502922058105
2020-02-13,16.1048431396484
2020-02-14,13.1243743896484
2020-02-15,12.7019443511963
2020-02-16,10.8680658340454
2020-02-17,12.2032470703125
2020-02-18,14.8317909240723
2020-02-19,15.6281595230103
2020-02-20,14.1231050491333
2020-02-21,15.0563163757324
2020-02-22,13.8896541595459
2020-02-23,13.4112482070923
2020-02-24,13.1639127731323
2020-02-25,13.4980268478394
2020-02-26,17.1323280334473
2020-02-27,16.5715370178223
2020-02-28,16.4510555267334
2020-02-29,13.3160676956177
2020-03-01,13.2481327056885
2020-03-02,12.3790111541748
2020-03-03,14.0734548568726
2020-03-04,14.1737213134766
2020-03-05,13.6697015762329
2020-03-06,14.6967067718506
2020-03-07,14.0869588851929
2020-03-08,12.6189022064209
2020-03-09,11.7805938720703
2020-03-10,14.0469026565552
2020-03-11,9.45737171173096
2020-03-12,11.4748477935791
2020-03-13,14.1132144927979
2020-03-14,12.3591270446777
2020-03-15,11.3970851898193
2020-03-16,7.59286880493164
2020-03-17,7.38537979125977
2020-03-18,7.05028104782104
2020-03-19,5.94067192077637
2020-03-20,9.02119064331055
2020-03-21,15.6325235366821
2020-03-22,17.2542114257812
2020-03-23,17.2506465911865
2020-03-24,16.1748275756836
2020-03-25,15.6326389312744
2020-03-26,14.7502250671387
2020-03-27,10.1369791030884
2020-03-28,9.52350330352783
2020-03-29,16.2475395202637
2020-03-30,16.3049221038818
2020-03-31,14.8176765441895
2020-04-01,13.3502378463745
2020-04-02,11.7594423294067
2020-04-03,11.4200448989868
2020-04-04,9.41658401489258
2020-04-05,8.28691577911377
2020-04-06,4.27856159210205
2020-04-07,3.63120126724243
2020-04-08,2.01837134361267
2020-04-09,3.43411779403687
2020-04-10,5.13270330429077
2020-04-11,4.65801191329956
2020-04-12,2.18485975265503
2020-04-13,9.9842414855957
2020-04-14,12.6444702148438
2020-04-15,8.53458595275879
2020-04-16,4.093665599823
2020-04-17,3.54282832145691
2020-04-18,3.37609124183655
2020-04-19,6.53106451034546
2020-04-20,8.93303680419922
2020-04-21,8.06810092926025
2020-04-22,5.90104961395264
2020-04-23,3.21851229667664
2020-04-24,4.33146810531616
2020-04-25,6.29047203063965
2020-04-26,4.79481554031372
2020-04-27,2.73940539360046
2020-04-28,3.96627354621887
2020-04-29,5.88382816314697
2020-04-30,7.41061401367188
2020-05-01,8.58545970916748
2020-05-02,9.64622211456299
2020-05-03,6.49086904525757
2020-05-04,6.44757032394409
2020-05-05,8.72262668609619
2020-05-06,7.30369091033936
2020-05-07,4.10664415359497
2020-05-08,1.41410708427429
2020-05-09,0.657205879688263
2020-05-10,1.34576237201691
2020-05-11,11.752781867981
2020-05-12,10.4754152297974
2020-05-13,8.36494159698486
2020-05-14,8.91449546813965
2020-05-15,7.97043323516846
2020-05-16,5.5275764465332
2020-05-17,4.47732400894165
2020-05-18,1.85235977172852
2020-05-19,1.14017403125763
2020-05-20,1.03538119792938
2020-05-21,0.508518040180206
2020-05-22,0.566498696804047
2020-05-23,4.55649280548096
2020-05-24,6.777024269104
2020-05-25,5.1294093132019
2020-05-26,2.84070706367493
2020-05-27,1.21447026729584
2020-05-28,3.53546142578125
2020-05-29,3.05025267601013
2020-05-30,3.49324727058411
2020-05-31,3.34286332130432
2020-06-01,0.173188716173172
2020-06-02,0.0164436399936676
2020-06-03,0.0206232182681561
2020-06-04,1.71392774581909
2020-06-05,5.72319030761719
2020-06-06,4.48128652572632
2020-06-07,3.1822772026062
2020-06-08,1.58672320842743
2020-06-09,1.95211744308472
2020-06-10,1.41318440437317
2020-06-11,0.627473413944244
2020-06-12,0.0308528617024422
2020-06-13,0.0399997681379318
2020-06-14,0.557324171066284
2020-06-15,0.428893208503723
2020-06-16,0.0614076480269432
2020-06-17,0.157320335507393
2020-06-18,0.12102635204792
2020-06-19,0.413632929325104
2020-06-20,0.254469186067581
2020-06-21,0.0261191632598638
2020-06-22,0.00337892258539795
2020-06-23,0.00076354207703843
2020-06-24,0.00100137433037161
2020-06-25,0.00183361652307212
2020-06-26,0.00039156223647296
2020-06-27,1.73738135345047e-05
2020-06-28,0.0107870241627097
2020-06-29,0.19591997563839
2020-06-30,0.729493260383606
2020-07-01,0.0145853748545051
2020-07-02,0.0245167575776577
2020-07-03,0.111833274364471
2020-07-04,0.192194387316704
2020-07-05,0.0612744726240635
2020-07-06,1.82911550998688
2020-07-07,1.25298750400543
2020-07-08,1.139692902565
2020-07-09,0.316555768251419
2020-07-10,0.615738034248352
2020-07-11,0.991988241672516
2020-07-12,0.417592972517013
2020-07-13,0.0309162121266127
2020-07-14,0.0467671491205692
2020-07-15,0.151872754096985
2020-07-16,0.722009241580963
2020-07-17,0.0699019283056259
2020-07-18,0.0224105417728424
2020-07-19,0.00060913461493328
2020-07-20,0.0248978175222874
2020-07-21,0.293871372938156
2020-07-22,0.149568364024162
2020-07-23,0.00848955102264881
2020-07-24,0.0117690525949001
2020-07-25,0.00046521340846084
2020-07-26,0.00231760367751121
2020-07-27,0.00102026539389044
2020-07-28,0.0336685292422771
2020-07-29,0.313977211713791
2020-07-30,0.0708136186003685
2020-07-31,0.0006308703450486
2020-08-01,4.84043312098947e-06
2020-08-02,0.00065012474078685
2020-08-03,0.0591508410871029
2020-08-04,0.397126257419586
2020-08-05,0.0714078843593597
2020-08-06,0.00035546891740523
2020-08-07,0
2020-08-08,0
2020-08-09,0
2020-08-10,0
2020-08-11,1.78853824763792e-05
2020-08-12,7.05811771695153e-06
2020-08-13,0
2020-08-14,0.00044389400864019
2020-08-15,0
2020-08-16,0
2020-08-17,0.00064961909083649
2020-08-18,0.00190945097710937
2020-08-19,0.00043050464591942
2020-08-20,0
2020-08-21,0
2020-08-22,0.00142947444692254
2020-08-23,0.0847990289330482
2020-08-24,0.370870679616928
2020-08-25,0.144823893904686
2020-08-26,1.1996511220932
2020-08-27,0.43413257598877
2020-08-28,0.153636232018471
2020-08-29,0.626026272773743
2020-08-30,1.01858711242676
2020-08-31,0.788541853427887
2020-09-01,2.26034069061279
2020-09-02,1.54191732406616
2020-09-03,2.36641097068787
2020-09-04,0.17103998363018
2020-09-05,1.63940763473511
2020-09-06,2.81258916854858
2020-09-07,2.20580458641052
2020-09-08,1.27724432945251
2020-09-09,0.382339626550674
2020-09-10,1.2673534154892
2020-09-11,0.834924519062042
2020-09-12,1.1436516046524
2020-09-13,0.422349661588669
2020-09-14,0.00022937175526749
2020-09-15,3.27943052980117e-05
2020-09-16,0.127464681863785
2020-09-17,3.00032377243042
2020-09-18,3.78788900375366
2020-09-19,2.52555394172669
2020-09-20,1.82526409626007
2020-09-21,0.657494306564331
2020-09-22,0.0710167959332466
2020-09-23,0.646021962165833
2020-09-24,2.67058444023132
2020-09-25,7.19669437408447
2020-09-26,9.78068542480469
2020-09-27,7.16026592254639
2020-09-28,5.92832183837891
2020-09-29,5.20274209976196
2020-09-30,3.11762499809265
2020-10-01,4.846351146698
2020-10-02,4.89648151397705
2020-10-03,5.45793771743774
2020-10-04,7.58120059967041
2020-10-05,7.88382768630981
2020-10-06,8.00203418731689
2020-10-07,7.87298250198364
2020-10-08,7.48411560058594
2020-10-09,4.81814050674438
2020-10-10,8.90263652801514
2020-10-11,9.80677890777588
2020-10-12,8.75523090362549
2020-10-13,9.1621208190918
2020-10-14,11.2310810089111
2020-10-15,10.0370674133301
2020-10-16,9.38154697418213
2020-10-17,8.66259670257568
2020-10-18,9.7131757736206
2020-10-19,8.94150543212891
2020-10-20,9.73426723480225
2020-10-21,6.30751276016235
2020-10-22,4.00816488265991
2020-10-23,4.51864576339722
2020-10-24,6.49718952178955
2020-10-25,7.21300554275513
2020-10-26,8.81707954406738
2020-10-27,10.5652933120728
2020-10-28,9.26362991333008
2020-10-29,10.0235042572021
2020-10-30,7.4266562461853
2020-10-31,5.72328186035156
2020-11-01,4.11847829818726
2020-11-02,1.18916058540344
2020-11-03,5.88514280319214
2020-11-04,9.0427074432373
2020-11-05,10.1994142532349
2020-11-06,9.4046802520752
2020-11-07,9.15999603271484
2020-11-08,8.2247896194458
2020-11-09,8.1413516998291
2020-11-10,9.36382961273193
2020-11-11,8.18844413757324
2020-11-12,8.19202995300293
2020-11-13,7.60098123550415
2020-11-14,5.20959949493408
2020-11-15,6.3723931312561
2020-11-16,7.82610845565796
2020-11-17,7.34741973876953
2020-11-18,7.11531448364258
2020-11-19,9.72508335113525
2020-11-20,12.7029390335083
2020-11-21,13.8682050704956
2020-11-22,11.1200199127197
2020-11-23,10.7096719741821
2020-11-24,11.9766321182251
2020-11-25,12.9853715896606
2020-11-26,11.8411083221436
2020-11-27,12.3274374008179
2020-11-28,13.9962186813354
2020-11-29,15.2200174331665
2020-11-30,16.3700065612793
2020-12-01,13.5796613693237
2020-12-02,14.434684753418
2020-12-03,15.9500541687012
2020-12-04,14.4740438461304
2020-12-05,13.4187431335449
2020-12-06,12.610239982605
2020-12-07,12.8073949813843
2020-12-08,13.470196723938
2020-12-09,13.9811305999756
2020-12-10,14.8662929534912
2020-12-11,15.2698278427124
2020-12-12,12.2055749893188
2020-12-13,10.9305753707886
2020-12-14,11.3055830001831
2020-12-15,9.90271949768066
2020-12-16,9.36377048492432
2020-12-17,10.367769241333
2020-12-18,11.3192510604858
2020-12-19,11.6422910690308
2020-12-20,10.8794860839844
2020-12-21,11.1332969665527
2020-12-22,7.16853332519531
2020-12-23,6.78189706802368
2020-12-24,11.5519742965698
2020-12-25,14.7636041641235
2020-12-26,16.0418815612793
2020-12-27,17.1568756103516
2020-12-28,13.8362045288086
2020-12-29,14.3821182250977
2020-12-30,14.1402168273926
2020-12-31,14.4086065292358
2021-01-01,14.0397214889526
2021-01-02,14.2677459716797
2021-01-03,15.2319707870483
2021-01-04,15.5224132537842
2021-01-05,15.1815719604492
2021-01-06,15.1327810287476
2021-01-07,15.6253118515015
2021-01-08,15.7913312911987
2021-01-09,15.8986186981201
2021-01-10,16.634859085083
2021-01-11,17.9097785949707
2021-01-12,15.9924726486206
2021-01-13,16.3221035003662
2021-01-14,16.0326461791992
2021-01-15,17.3052082061768
2021-01-16,17.919828414917
2021-01-17,16.9651737213135
2021-01-18,15.2389116287231
2021-01-19,14.8204641342163
2021-01-20,12.2014255523682
2021-01-21,11.2125263214111
2021-01-22,11.6485929489136
2021-01-23,14.1314163208008
2021-01-24,16.0680751800537
2021-01-25,16.1504592895508
2021-01-26,16.2679443359375
2021-01-27,15.7546720504761
2021-01-28,12.9933815002441
2021-01-29,12.8318910598755
2021-01-30,15.2112188339233
2021-01-31,17.4761123657227
2021-02-01,15.1617765426636
2021-02-02,11.9080715179443
2021-02-03,9.70382499694824
2021-02-04,11.1191339492798
2021-02-05,11.478235244751
2021-02-06,14.5209703445435
2021-02-07,18.9849853515625
2021-02-08,21.3769798278809
2021-02-09,22.5288619995117
2021-02-10,23.1842575073242
2021-02-11,22.5561771392822
2021-02-12,24.3949680328369
2021-02-13,23.9838695526123
2021-02-14,22.1556777954102
2021-02-15,18.6673069000244
2021-02-16,12.2074747085571
2021-02-17,10.5215358734131
2021-02-18,10.5511016845703
2021-02-19,9.99247360229492
2021-02-20,7.95778036117554
2021-02-21,7.30565309524536
2021-02-22,8.03633594512939
2021-02-23,5.49967241287231
2021-02-24,4.55008792877197
2021-02-25,4.90092134475708
2021-02-26,9.3455867767334
2021-02-27,11.799506187439
2021-02-28,11.7653045654297
2021-03-01,11.1897897720337
2021-03-02,9.9401273727417
2021-03-03,9.18574523925781
2021-03-04,10.5369453430176
2021-03-05,14.3890514373779
2021-03-06,15.0439929962158
2021-03-07,14.170392036438
2021-03-08,13.6104173660278
2021-03-09,13.4553756713867
2021-03-10,11.7842788696289
2021-03-11,10.9082202911377
2021-03-12,12.197057723999
2021-03-13,12.9456272125244
2021-03-14,13.3550548553467
2021-03-15,12.9732179641724
2021-03-16,12.8738603591919
2021-03-17,13.3622646331787
2021-03-18,13.7591247558594
2021-03-19,14.928108215332
2021-03-20,15.0758543014526
2021-03-21,13.1559495925903
2021-03-22,11.9266738891602
2021-03-23,10.3960361480713
2021-03-24,8.55957412719727
2021-03-25,7.19732284545898
2021-03-26,6.09355878829956
2021-03-27,11.1464548110962
2021-03-28,8.70314311981201
2021-03-29,4.19943284988403
2021-03-30,2.48387336730957
2021-03-31,1.16955637931824
2021-04-01,3.60847473144531
2021-04-02,9.83959770202637
2021-04-03,10.6133241653442
2021-04-04,10.8641138076782
2021-04-05,14.7631225585938
2021-04-06,16.8220996856689
2021-04-07,16.5109748840332
2021-04-08,13.603572845459
2021-04-09,9.13599586486816
2021-04-10,7.77121829986572
2021-04-11,7.93753719329834
2021-04-12,13.0810804367065
2021-04-13,12.9875612258911
2021-04-14,12.8492126464844
2021-04-15,12.6135807037354
2021-04-16,11.2391958236694
2021-04-17,9.76224327087402
2021-04-18,8.02592468261719
2021-04-19,7.07759761810303
2021-04-20,5.57500457763672
2021-04-21,6.24813270568848
2021-04-22,9.33107852935791
2021-04-23,8.2757740020752
2021-04-24,7.6936297416687
2021-04-25,8.94844722747803
2021-04-26,8.89248752593994
2021-04-27,7.77498435974121
2021-04-28,4.22725820541382
2021-04-29,6.50881004333496
2021-04-30,7.72621536254883
2021-05-01,7.1254620552063
2021-05-02,9.53939342498779
2021-05-03,8.85311508178711
2021-05-04,9.10367107391357
2021-05-05,11.0895223617554
2021-05-06,9.75242328643799
2021-05-07,10.0274105072021
2021-05-08,6.39880084991455
2021-05-09,0.0582521967589855
2021-05-10,0.141777962446213
2021-05-11,2.11776351928711
2021-05-12,3.99590301513672
2021-05-13,4.57033157348633
2021-05-14,4.64962339401245
2021-05-15,5.46881246566772
2021-05-16,5.29459142684937
2021-05-17,5.77739095687866
2021-05-18,5.64181470870972
2021-05-19,5.78409385681152
2021-05-20,4.79567193984985
2021-05-21,4.96899271011353
2021-05-22,6.8264307975769
2021-05-23,5.78267002105713
2021-05-24,4.14674806594849
2021-05-25,7.62236309051514
2021-05-26,6.92237329483032
2021-05-27,6.50418853759766
2021-05-28,3.86593985557556
2021-05-29,3.57835555076599
2021-05-30,2.56630849838257
2021-05-31,1.16182887554169
2021-06-01,0.307512849569321
2021-06-02,0.0931843593716621
2021-06-03,0.00597243104130029
2021-06-04,0.00476248702034354
2021-06-05,0.0489947199821472
2021-06-06,0.451966851949692
2021-06-07,0.0538965240120888
2021-06-08,0.0090481424704194
2021-06-09,0.00570695986971259
2021-06-10,0.0039469082839787
2021-06-11,0.00184276374056935
2021-06-12,0.1608677059412
2021-06-13,0.777251541614532
2021-06-14,0.00235992111265659
2021-06-15,0.0125258630141616
2021-06-16,0.00030352274188771
2021-06-17,0
2021-06-18,4.84259653603658e-05
2021-06-19,0.00010488214320503
2021-06-20,0.00435213604941964
2021-06-21,0.363985329866409
2021-06-22,0.851652145385742
2021-06-23,0.204523429274559
2021-06-24,0.0417470410466194
2021-06-25,0.0274655893445015
2021-06-26,0.00055878498824313
2021-06-27,0.00136745464988052
2021-06-28,8.20313653093763e-05
2021-06-29,0.00194376241415739
2021-06-30,0.932597815990448
2021-07-01,2.18071699142456
2021-07-02,0.197516113519669
2021-07-03,0.0007372903637588
2021-07-04,0.00410821195691824
2021-07-05,0.0106264241039753
2021-07-06,0.0144103076308966
2021-07-07,0.00237412541173398
2021-07-08,0.0076028904877603
2021-07-09,0.315432518720627
2021-07-10,0.0009964806959033
2021-07-11,0.00701178470626473
2021-07-12,0
2021-07-13,0.120209746062756
2021-07-14,0.32075560092926
2021-07-15,0.104149661958218
2021-07-16,0.0132494363933802
2021-07-17,0.00232690502889454
2021-07-18,0.00198669964447617
2021-07-19,0.0223468560725451
2021-07-20,0.0184592250734568
2021-07-21,0.00302073615603148
2021-07-22,0.00121413951274007
2021-07-23,0
2021-07-24,0
2021-07-25,0.00048845965648069
2021-07-26,0.00058365380391478
2021-07-27,0.00135479972232133
2021-07-28,0.0168211497366428
2021-07-29,0.210382148623466
2021-07-30,0.00327571993693709
2021-07-31,0.345177114009857
2021-08-01,0.360731929540634
2021-08-02,0.485329836606979
2021-08-03,0.413947939872742
2021-08-04,0.0668615326285362
2021-08-05,0.044993169605732
2021-08-06,0.064998671412468
2021-08-07,0.106298260390759
2021-08-08,0.812537729740143
2021-08-09,0.148502841591835
2021-08-10,0.057184349745512
2021-08-11,3.22294908983167e-05
2021-08-12,0
2021-08-13,0.00031728667090646
2021-08-14,0.0149815613403916
2021-08-15,0.0012985075591132
2021-08-16,1.23575115203857
2021-08-17,3.33808159828186
2021-08-18,1.09718096256256
2021-08-19,0.131114676594734
2021-08-20,0.0126639697700739
2021-08-21,0.00045119461719878
2021-08-22,0.0395463183522224
2021-08-23,0.592174887657166
2021-08-24,1.25703239440918
2021-08-25,0.972382962703705
2021-08-26,2.08651781082153
2021-08-27,2.66462707519531
2021-08-28,1.88192212581635
2021-08-29,1.81688630580902
2021-08-30,1.02076387405396
2021-08-31,0.846403181552887
2021-09-01,0.720043480396271
2021-09-02,0.38997483253479
2021-09-03,0.195970848202705
2021-09-04,0.362857162952423
2021-09-05,0.40881472826004
2021-09-06,0.0719330161809921
2021-09-07,0.0143908681347966
2021-09-08,0.00197300058789551
2021-09-09,0.00070287741255015
2021-09-10,0.00073495530523359
2021-09-11,0.0020448409486562
2021-09-12,0.0140229146927595
2021-09-13,0.170666441321373
2021-09-14,0.0119990920647979
2021-09-15,0.0128352213650942
2021-09-16,0.624216437339783
2021-09-17,1.26716244220734
2021-09-18,1.33831644058228
2021-09-19,3.01531410217285
2021-09-20,3.38177680969238
2021-09-21,3.54380440711975
2021-09-22,3.12470412254333
2021-09-23,2.71552133560181
2021-09-24,1.33684813976288
2021-09-25,0.0322604961693287
2021-09-26,0.00658013299107551
2021-09-27,0.221974834799767
2021-09-28,2.02990579605103
2021-09-29,4.55011558532715
2021-09-30,6.10797786712646
2021-10-01,4.24137115478516
2021-10-02,2.08447599411011
2021-10-03,1.04847693443298
2021-10-04,3.28372168540955
2021-10-05,4.27020454406738
2021-10-06,5.72693014144897
2021-10-07,4.5986647605896
2021-10-08,5.45855903625488
2021-10-09,6.76413774490356
2021-10-10,7.89056158065796
2021-10-11,7.48056650161743
2021-10-12,7.89879274368286
2021-10-13,8.36672878265381
2021-10-14,6.7489070892334
2021-10-15,6.95454883575439
2021-10-16,7.76168870925903
2021-10-17,7.19818544387817
2021-10-18,6.54014444351196
2021-10-19,4.67160749435425
2021-10-20,2.85829138755798
2021-10-21,7.94548225402832
2021-10-22,10.617772102356
2021-10-23,9.09928131103516
2021-10-24,9.69941425323486
2021-10-25,8.39656829833984
2021-10-26,6.27650165557861
2021-10-27,5.84652185440063
2021-10-28,7.06394052505493
2021-10-29,7.44065618515015
2021-10-30,7.22173738479614
2021-10-31,4.14813566207886
2021-11-01,6.88984251022339
2021-11-02,8.56260204315186
2021-11-03,9.3957929611206
2021-11-04,10.3972368240356
2021-11-05,9.3874921798706
2021-11-06,10.1240310668945
2021-11-07,10.5529689788818
2021-11-08,9.15980911254883
2021-11-09,9.8180046081543
2021-11-10,11.2411489486694
2021-11-11,11.0319786071777
2021-11-12,11.4401826858521
2021-11-13,9.946946144104
2021-11-14,8.66817665100098
2021-11-15,10.240424156189
2021-11-16,10.1976976394653
2021-11-17,10.8804521560669
2021-11-18,9.97410774230957
2021-11-19,8.45457077026367
2021-11-20,8.34770393371582
2021-11-21,10.4815015792847
2021-11-22,12.6788311004639
2021-11-23,12.7782106399536
2021-11-24,11.8072996139526
2021-11-25,13.4706974029541
2021-11-26,14.4022560119629
2021-11-27,14.1688632965088
2021-11-28,14.3422737121582
2021-11-29,15.240327835083
2021-11-30,14.956729888916
2021-12-01,12.4301013946533
2021-12-02,14.6986665725708
2021-12-03,16.4890556335449
2021-12-04,13.6136503219604
2021-12-05,13.5254745483398
2021-12-06,14.7512903213501
2021-12-07,15.210488319397
2021-12-08,14.4443206787109
2021-12-09,14.5608320236206
2021-12-10,15.0338706970215
2021-12-11,15.0209045410156
2021-12-12,13.2286195755005
2021-12-13,9.411376953125
2021-12-14,9.9859790802002
2021-12-15,9.32748222351074
2021-12-16,9.25311851501465
2021-12-17,10.3387060165405
2021-12-18,11.438817024231
2021-12-19,12.4631814956665
2021-12-20,14.4924688339233
2021-12-21,17.5887584686279
2021-12-22,18.96044921875
2021-12-23,16.711181640625
2021-12-24,11.660101890564
2021-12-25,16.352165222168
2021-12-26,17.6498050689697
2021-12-27,14.0902557373047
2021-12-28,11.7818422317505
2021-12-29,9.78578662872314
2021-12-30,6.17180776596069
2021-12-31,5.85115194320679
2022-01-01,6.21612930297852
2022-01-02,8.22482967376709
2022-01-03,9.14666843414307
2022-01-04,9.94424247741699
2022-01-05,15.1923007965088
2022-01-06,14.978723526001
2022-01-07,16.1885814666748
2022-01-08,15.8025054931641
2022-01-09,14.4988536834717
2022-01-10,13.7246036529541
2022-01-11,15.0692596435547
2022-01-12,14.9050149917603
2022-01-13,14.6644134521484
2022-01-14,13.8557138442993
2022-01-15,14.1890916824341
2022-01-16,15.1353349685669
2022-01-17,13.5515308380127
2022-01-18,11.6447973251343
2022-01-19,14.3930044174194
2022-01-20,16.1252326965332
2022-01-21,15.945629119873
2022-01-22,13.0352258682251
2022-01-23,11.6388311386108
2022-01-24,12.4148559570312
2022-01-25,13.7692432403564
2022-01-26,15.42551612854
2022-01-27,15.3523073196411
2022-01-28,13.7935304641724
2022-01-29,13.1201944351196
2022-01-30,13.5483617782593
2022-01-31,14.9052209854126
2022-02-01,15.0111246109009
2022-02-02,12.3982067108154
2022-02-03,10.7859964370728
2022-02-04,12.0298204421997
2022-02-05,14.2419586181641
2022-02-06,14.3423843383789
2022-02-07,14.8875398635864
2022-02-08,11.7054834365845
2022-02-09,9.47687530517578
2022-02-10,11.0144510269165
2022-02-11,14.0271196365356
2022-02-12,15.294659614563
2022-02-13,13.3665161132812
2022-02-14,10.4004211425781
2022-02-15,11.2769966125488
2022-02-16,10.9763784408569
2022-02-17,11.4103336334229
2022-02-18,10.9122524261475
2022-02-19,13.8670568466187
2022-02-20,12.4790754318237
2022-02-21,14.3737564086914
2022-02-22,12.5802993774414
2022-02-23,10.5316400527954
2022-02-24,11.3984956741333
2022-02-25,14.6221485137939
2022-02-26,13.1351118087769
2022-02-27,14.1052217483521
2022-02-28,13.7599868774414
2022-03-01,13.7606554031372
2022-03-02,12.9177732467651
2022-03-03,13.5150527954102
2022-03-04,14.4646711349487
2022-03-05,14.7493505477905
2022-03-06,15.3599843978882
2022-03-07,15.1421613693237
2022-03-08,13.7048091888428
2022-03-09,11.5445795059204
2022-03-10,10.7473754882812
2022-03-11,12.3442602157593
2022-03-12,10.1684560775757
2022-03-13,9.14084148406982
2022-03-14,8.9304838180542
2022-03-15,9.30789089202881
2022-03-16,9.20202255249023
2022-03-17,9.12366771697998
2022-03-18,9.71028900146484
2022-03-19,11.2742805480957
2022-03-20,9.90981960296631
2022-03-21,7.63517999649048
2022-03-22,6.84197616577148
2022-03-23,6.09464883804321
2022-03-24,6.10957908630371
2022-03-25,6.31480646133423
2022-03-26,6.22259998321533
2022-03-27,5.64678955078125
2022-03-28,5.58818483352661
2022-03-29,6.76907157897949
2022-03-30,9.25968170166016
2022-03-31,12.2415533065796
2022-04-01,15.8315706253052
2022-04-02,16.1626434326172
2022-04-03,14.6923971176147
2022-04-04,14.9049968719482
2022-04-05,10.4497566223145
2022-04-06,7.990065574646
2022-04-07,10.0666303634644
2022-04-08,11.4234275817871
2022-04-09,13.087420463562
2022-04-10,12.1434650421143
2022-04-11,8.71468734741211
2022-04-12,4.3329610824585
2022-04-13,1.23217701911926
2022-04-14,2.36058783531189
2022-04-15,5.90631294250488
2022-04-16,8.34499359130859
2022-04-17,7.71305227279663
2022-04-18,6.04440975189209
2022-04-19,6.39821720123291
2022-04-20,7.10290479660034
2022-04-21,6.67728614807129
2022-04-22,6.21194171905518
2022-04-23,5.71157312393188
2022-04-24,6.830641746521
2022-04-25,6.69835186004639
2022-04-26,6.72581815719604
2022-04-27,5.83608055114746
2022-04-28,5.0440559387207
2022-04-29,4.65767192840576
2022-04-30,5.9868540763855
2022-05-01,4.94940137863159
2022-05-02,3.26237082481384
2022-05-03,3.27832078933716
2022-05-04,3.17163014411926
2022-05-05,2.97018504142761
2022-05-06,2.07731032371521
2022-05-07,1.34436023235321
2022-05-08,2.71304488182068
2022-05-09,0.74663633108139
2022-05-10,0.0728022530674934
2022-05-11,0.137307792901993
2022-05-12,0.952722668647766
2022-05-13,1.97243654727936
2022-05-14,0.929913282394409
2022-05-15,0.309253305196762
2022-05-16,0.107416369020939
2022-05-17,0.0986455976963043
2022-05-18,0.0226517412811518
2022-05-19,0.00278202211484313
2022-05-20,0.188199937343597
2022-05-21,2.21288323402405
2022-05-22,0.644989550113678
2022-05-23,0.143508478999138
2022-05-24,1.94901967048645
2022-05-25,1.69412624835968
2022-05-26,1.40546250343323
2022-05-27,3.3905611038208
2022-05-28,5.44529104232788
2022-05-29,5.81757068634033
2022-05-30,4.58810234069824
2022-05-31,2.20308637619019
2022-06-01,2.43134713172913
2022-06-02,1.69263887405396
2022-06-03,0.177229464054108
2022-06-04,0.201621666550636
2022-06-05,0.0496922247111797
2022-06-06,0.318228751420975
2022-06-07,0.631042242050171
2022-06-08,0.347031503915787
2022-06-09,1.07649052143097
2022-06-10,0.0473106727004051
2022-06-11,0.0072934478521347
2022-06-12,0.0460932478308678
2022-06-13,1.11294114589691
2022-06-14,0.55607670545578
2022-06-15,0.0210670791566372
2022-06-16,0.0197927802801132
2022-06-17,0.00073314132168889
2022-06-18,0.0020860219374299
2022-06-19,0.224564209580421
2022-06-20,1.08414363861084
2022-06-21,0.0748008266091347
2022-06-22,0.0203072391450405
2022-06-23,2.93946072815743e-06
2022-06-24,0.00122314679902046
2022-06-25,0.00033575051929801
2022-06-26,0.00079366378486156
2022-06-27,0.00440152268856763
2022-06-28,0.00134744483511894
2022-06-29,0.00010060791100841
2022-06-30,0
2022-07-01,0.412780255079269
2022-07-02,0.00067182851489633
2022-07-03,1.21877901619882e-05
2022-07-04,0.0222336985170841
2022-07-05,0.0773729309439659
2022-07-06,0.28880587220192
2022-07-07,1.33804965019226
2022-07-08,0.483465552330017
2022-07-09,0.228616669774055
2022-07-10,1.25761926174164
2022-07-11,0.0890602171421051
2022-07-12,0.00084718584548681
2022-07-13,0.00077152182348072
2022-07-14,0.181581079959869
2022-07-15,0.442430377006531
2022-07-16,0.387705832719803
2022-07-17,0.0192931387573481
2022-07-18,0
2022-07-19,0
2022-07-20,0
2022-07-21,2.40395074797561e-05
2022-07-22,0.0364261418581009
2022-07-23,0.075420543551445
2022-07-24,4.12910703744274e-05
2022-07-25,0
2022-07-26,0.0737185105681419
2022-07-27,0.33935609459877
2022-07-28,0.0574705451726913
2022-07-29,0.00076675595482811
2022-07-30,0.00222310377284884
2022-07-31,0.00014705875946674
2022-08-01,0.00722089270129799
2022-08-02,0.00079517305130138
2022-08-03,0
2022-08-04,0
2022-08-05,0.00565758626908063
2022-08-06,0.186920940876007
2022-08-07,0.0115125924348831
2022-08-08,0.00034752520150505
2022-08-09,0.00049076252616941
2022-08-10,0.00047894986346364
2022-08-11,0.00020321605552453
2022-08-12,0.00225821789354085
2022-08-13,0.00242793234065175
2022-08-14,5.27330048498698e-05
2022-08-15,0.00041532414616085
2022-08-16,0.00010854838183149
2022-08-17,0
2022-08-18,0.00050920492503792
2022-08-19,0.00480200815945863
2022-08-20,0.00527252862229943
2022-08-21,0.00066268915543332
2022-08-22,0.00578487431630492
2022-08-23,0.00197186903096735
2022-08-24,0.00098461098968982
2022-08-25,3.78100921807345e-05
2022-08-26,0
2022-08-27,0.00461341440677642
2022-08-28,0.0346913672983646
2022-08-29,0.00228732568211853
2022-08-30,0.00478422362357378
2022-08-31,0.0549367256462574
2022-09-01,0.164862126111984
2022-09-02,0.268941283226013
2022-09-03,0.0952487513422966
2022-09-04,0.00921562034636736
2022-09-05,0.00753765273839235
2022-09-06,0.0442400313913822
2022-09-07,0.00841041002422571
2022-09-08,0.238676086068153
2022-09-09,0.52152955532074
2022-09-10,1.1532735824585
2022-09-11,0.506656646728516
2022-09-12,0.171649619936943
2022-09-13,0.140804648399353
2022-09-14,0.510178327560425
2022-09-15,1.91623985767365
2022-09-16,4.73564624786377
2022-09-17,6.96280336380005
2022-09-18,7.54950428009033
2022-09-19,6.1443977355957
2022-09-20,5.56850433349609
2022-09-21,5.4835786819458
2022-09-22,5.09778738021851
2022-09-23,3.90089845657349
2022-09-24,2.6738588809967
2022-09-25,3.5427143573761
2022-09-26,5.89839792251587
2022-09-27,7.5877685546875
2022-09-28,7.34193325042725
2022-09-29,6.58584308624268
2022-09-30,5.8946967124939
2022-10-01,6.58849287033081
2022-10-02,4.26896095275879
2022-10-03,4.6889123916626
2022-10-04,4.18500328063965
2022-10-05,2.78988027572632
2022-10-06,3.10406756401062
2022-10-07,4.0242075920105
2022-10-08,4.84565591812134
2022-10-09,6.29156351089478
2022-10-10,4.12560844421387
2022-10-11,5.05598258972168
2022-10-12,5.30365037918091
2022-10-13,4.19959211349487
2022-10-14,2.71039986610413
2022-10-15,1.81874227523804
2022-10-16,0.97864556312561
2022-10-17,0.3017857670784
2022-10-18,1.29937708377838
2022-10-19,5.06890726089478
2022-10-20,5.92685890197754
2022-10-21,2.70580840110779
2022-10-22,2.09051251411438
2022-10-23,2.42426300048828
2022-10-24,2.33547496795654
2022-10-25,3.47029662132263
2022-10-26,2.63999605178833
2022-10-27,1.49527418613434
2022-10-28,0.337751150131226
2022-10-29,0.389826983213425
2022-10-30,0.581781983375549
2022-10-31,2.69379234313965
2022-11-01,3.59312295913696
2022-11-02,6.3849196434021
2022-11-03,7.26443290710449
2022-11-04,7.0236291885376
2022-11-05,8.59432697296143
2022-11-06,9.39894104003906
2022-11-07,6.26134061813354
2022-11-08,5.63400793075562
2022-11-09,5.14464092254639
2022-11-10,6.67798137664795
2022-11-11,7.92553281784058
2022-11-12,8.69174385070801
2022-11-13,9.28252124786377
2022-11-14,9.82596588134766
2022-11-15,6.89398050308228
2022-11-16,8.20785999298096
2022-11-17,9.96088600158691
2022-11-18,11.3969860076904
2022-11-19,14.6753644943237
2022-11-20,14.457836151123
2022-11-21,13.54665184021
2022-11-22,12.4727182388306
2022-11-23,10.8696231842041
2022-11-24,10.2290754318237
2022-11-25,10.2484188079834
2022-11-26,10.3156976699829
2022-11-27,12.2965145111084
2022-11-28,11.1223754882812
2022-11-29,9.96083831787109
2022-11-30,11.1580686569214
2022-12-01,13.0397520065308
2022-12-02,14.82630443573
2022-12-03,15.854754447937
2022-12-04,14.8230104446411
2022-12-05,13.1599397659302
2022-12-06,13.2725486755371
2022-12-07,13.8091430664062
2022-12-08,14.4697294235229
2022-12-09,15.5180692672729
2022-12-10,16.5324535369873
2022-12-11,17.6297874450684
2022-12-12,18.9509944915771
2022-12-13,21.1392936706543
2022-12-14,19.9264659881592
2022-12-15,19.8410396575928
2022-12-16,19.5099716186523
2022-12-17,21.1427040100098
2022-12-18,21.9981250762939
2022-12-19,15.3544254302979
2022-12-20,10.6519002914429
2022-12-21,9.3611364364624
2022-12-22,8.87188243865967
2022-12-23,8.01061630249023
2022-12-24,8.57693195343018
2022-12-25,8.33676242828369
2022-12-26,9.15900993347168
2022-12-27,13.331582069397
2022-12-28,11.5784845352173
2022-12-29,9.04298210144043
2022-12-30,10.3108987808228
2022-12-31,4.80535697937012
