"Date","RH"
2018-01-01,77.61793
2018-01-02,87.379036
2018-01-03,84.272224
2018-01-04,87.06305
2018-01-05,83.561905
2018-01-06,90.504074
2018-01-07,87.04823
2018-01-08,80.857315
2018-01-09,78.64095
2018-01-10,90.02052
2018-01-11,95.09095
2018-01-12,94.23985
2018-01-13,85.021996
2018-01-14,78.45165
2018-01-15,81.2357
2018-01-16,87.6676
2018-01-17,86.49511
2018-01-18,85.096085
2018-01-19,88.75494
2018-01-20,91.01151
2018-01-21,91.89161
2018-01-22,92.435455
2018-01-23,89.33156
2018-01-24,84.90109
2018-01-25,83.88396
2018-01-26,92.14799
2018-01-27,90.314964
2018-01-28,85.49459
2018-01-29,84.39249
2018-01-30,81.80872
2018-01-31,85.96198
2018-02-01,84.56516
2018-02-02,85.01673
2018-02-03,86.23004
2018-02-04,86.7993
2018-02-05,81.4558
2018-02-06,78.377426
2018-02-07,80.27923
2018-02-08,81.545746
2018-02-09,82.372215
2018-02-10,85.17775
2018-02-11,85.14991
2018-02-12,83.96695
2018-02-13,77.213295
2018-02-14,72.02573
2018-02-15,80.94247
2018-02-16,86.51228
2018-02-17,88.16614
2018-02-18,80.79686
2018-02-19,79.630066
2018-02-20,79.48613
2018-02-21,75.63538
2018-02-22,73.41639
2018-02-23,66.65184
2018-02-24,60.59404
2018-02-25,61.34375
2018-02-26,67.35443
2018-02-27,65.64069
2018-02-28,62.4437
2018-03-01,59.37331
2018-03-02,64.5316
2018-03-03,71.65891
2018-03-04,71.31077
2018-03-05,75.693535
2018-03-06,82.14993
2018-03-07,87.059204
2018-03-08,77.77434
2018-03-09,79.27835
2018-03-10,86.03806
2018-03-11,81.89902
2018-03-12,88.938324
2018-03-13,85.66533
2018-03-14,81.65499
2018-03-15,76.229706
2018-03-16,81.85894
2018-03-17,71.467445
2018-03-18,60.518974
2018-03-19,58.800865
2018-03-20,70.4414
2018-03-21,69.66939
2018-03-22,83.94096
2018-03-23,89.01909
2018-03-24,73.75731
2018-03-25,68.41529
2018-03-26,77.56729
2018-03-27,74.92443
2018-03-28,88.451225
2018-03-29,78.15406
2018-03-30,72.354256
2018-03-31,82.03486
2018-04-01,83.93982
2018-04-02,67.4684
2018-04-03,63.693188
2018-04-04,67.95281
2018-04-05,75.85323
2018-04-06,58.92673
2018-04-07,49.625103
2018-04-08,57.722935
2018-04-09,63.604176
2018-04-10,67.888084
2018-04-11,75.49867
2018-04-12,68.49841
2018-04-13,79.57983
2018-04-14,75.04057
2018-04-15,75.41257
2018-04-16,81.537025
2018-04-17,68.56892
2018-04-18,59.32042
2018-04-19,55.84552
2018-04-20,55.594486
2018-04-21,61.386753
2018-04-22,61.16829
2018-04-23,70.70066
2018-04-24,72.84169
2018-04-25,72.735985
2018-04-26,72.58607
2018-04-27,61.467434
2018-04-28,63.58933
2018-04-29,66.62972
2018-04-30,64.92009
2018-05-01,63.54688
2018-05-02,63.317905
2018-05-03,65.05781
2018-05-04,60.72507
2018-05-05,57.031902
2018-05-06,53.84284
2018-05-07,52.727886
2018-05-08,50.524906
2018-05-09,56.8709
2018-05-10,73.803505
2018-05-11,73.3202
2018-05-12,67.46926
2018-05-13,69.55722
2018-05-14,63.06424
2018-05-15,65.37988
2018-05-16,81.07848
2018-05-17,77.0949
2018-05-18,75.3846
2018-05-19,70.6164
2018-05-20,59.502075
2018-05-21,55.414314
2018-05-22,60.590267
2018-05-23,64.168144
2018-05-24,71.43285
2018-05-25,66.91189
2018-05-26,63.236866
2018-05-27,67.998314
2018-05-28,63.598793
2018-05-29,64.278755
2018-05-30,67.73594
2018-05-31,69.67842
2018-06-01,76.58022
2018-06-02,79.94951
2018-06-03,73.90509
2018-06-04,69.91537
2018-06-05,69.0749
2018-06-06,58.567562
2018-06-07,61.696957
2018-06-08,65.15745
2018-06-09,68.77868
2018-06-10,76.51544
2018-06-11,74.410225
2018-06-12,76.05658
2018-06-13,74.288475
2018-06-14,66.326385
2018-06-15,67.9592
2018-06-16,62.80552
2018-06-17,66.7886
2018-06-18,68.73114
2018-06-19,72.33597
2018-06-20,64.98945
2018-06-21,66.85817
2018-06-22,68.569595
2018-06-23,72.32285
2018-06-24,76.35369
2018-06-25,73.8012
2018-06-26,71.289406
2018-06-27,62.850307
2018-06-28,63.716805
2018-06-29,60.240845
2018-06-30,51.10482
2018-07-01,45.67015
2018-07-02,45.26306
2018-07-03,47.34627
2018-07-04,55.0516
2018-07-05,68.006195
2018-07-06,68.018555
2018-07-07,57.021084
2018-07-08,59.180534
2018-07-09,61.27875
2018-07-10,72.042274
2018-07-11,78.289215
2018-07-12,73.52204
2018-07-13,65.20024
2018-07-14,62.80868
2018-07-15,61.703144
2018-07-16,60.60429
2018-07-17,57.294865
2018-07-18,57.949192
2018-07-19,53.941166
2018-07-20,51.099003
2018-07-21,64.22046
2018-07-22,70.92236
2018-07-23,64.49525
2018-07-24,55.526012
2018-07-25,54.41323
2018-07-26,50.823463
2018-07-27,52.381893
2018-07-28,64.26357
2018-07-29,58.212524
2018-07-30,49.45449
2018-07-31,48.755466
2018-08-01,57.510246
2018-08-02,61.209515
2018-08-03,54.750557
2018-08-04,56.335613
2018-08-05,58.88134
2018-08-06,49.94418
2018-08-07,44.343628
2018-08-08,55.4102
2018-08-09,63.108707
2018-08-10,60.28699
2018-08-11,57.631866
2018-08-12,50.701607
2018-08-13,64.63475
2018-08-14,75.16201
2018-08-15,69.47839
2018-08-16,58.67939
2018-08-17,62.47015
2018-08-18,62.674473
2018-08-19,57.64078
2018-08-20,65.99247
2018-08-21,62.00446
2018-08-22,53.96012
2018-08-23,61.587833
2018-08-24,70.63983
2018-08-25,72.686066
2018-08-26,60.368675
2018-08-27,64.62282
2018-08-28,65.438896
2018-08-29,61.115612
2018-08-30,79.03542
2018-08-31,74.12102
2018-09-01,70.4807
2018-09-02,78.14883
2018-09-03,80.07207
2018-09-04,76.17832
2018-09-05,70.786385
2018-09-06,73.67829
2018-09-07,78.50496
2018-09-08,64.94466
2018-09-09,61.327156
2018-09-10,61.14422
2018-09-11,60.976414
2018-09-12,64.717834
2018-09-13,79.92555
2018-09-14,75.08819
2018-09-15,69.116325
2018-09-16,64.25034
2018-09-17,58.99897
2018-09-18,55.53836
2018-09-19,62.897747
2018-09-20,61.26917
2018-09-21,65.15578
2018-09-22,69.57939
2018-09-23,86.044365
2018-09-24,73.671455
2018-09-25,69.5975
2018-09-26,60.77407
2018-09-27,61.797302
2018-09-28,67.1886
2018-09-29,66.21039
2018-09-30,63.324097
2018-10-01,78.48089
2018-10-02,82.48209
2018-10-03,73.47379
2018-10-04,78.90098
2018-10-05,71.285835
2018-10-06,72.51937
2018-10-07,78.88072
2018-10-08,79.93673
2018-10-09,80.65368
2018-10-10,76.00525
2018-10-11,65.76062
2018-10-12,65.93373
2018-10-13,63.788765
2018-10-14,60.37498
2018-10-15,59.743477
2018-10-16,69.9339
2018-10-17,75.44851
2018-10-18,83.050446
2018-10-19,81.62901
2018-10-20,78.37759
2018-10-21,77.56885
2018-10-22,78.084656
2018-10-23,80.12343
2018-10-24,81.56281
2018-10-25,82.33904
2018-10-26,80.97167
2018-10-27,81.450775
2018-10-28,85.38563
2018-10-29,88.16518
2018-10-30,78.75324
2018-10-31,73.440254
2018-11-01,81.58967
2018-11-02,82.8859
2018-11-03,84.56044
2018-11-04,90.50658
2018-11-05,87.984
2018-11-06,84.05746
2018-11-07,84.02191
2018-11-08,87.49078
2018-11-09,90.90293
2018-11-10,86.30191
2018-11-11,85.72399
2018-11-12,85.036606
2018-11-13,87.79434
2018-11-14,90.60251
2018-11-15,89.53757
2018-11-16,82.717735
2018-11-17,77.45953
2018-11-18,74.8819
2018-11-19,81.05423
2018-11-20,79.19168
2018-11-21,85.10949
2018-11-22,87.28108
2018-11-23,90.81021
2018-11-24,93.05443
2018-11-25,93.057495
2018-11-26,89.063705
2018-11-27,86.167274
2018-11-28,82.32025
2018-11-29,76.18683
2018-11-30,81.50536
2018-12-01,90.19776
2018-12-02,91.262054
2018-12-03,90.57297
2018-12-04,84.097015
2018-12-05,88.466034
2018-12-06,89.97502
2018-12-07,88.680115
2018-12-08,81.20987
2018-12-09,84.87371
2018-12-10,82.61435
2018-12-11,85.69064
2018-12-12,89.121
2018-12-13,84.68677
2018-12-14,79.34923
2018-12-15,76.48921
2018-12-16,83.555756
2018-12-17,92.37356
2018-12-18,90.496284
2018-12-19,87.446915
2018-12-20,90.50314
2018-12-21,87.91159
2018-12-22,86.30282
2018-12-23,91.790565
2018-12-24,87.09457
2018-12-25,84.731415
2018-12-26,89.49712
2018-12-27,88.056694
2018-12-28,89.70175
2018-12-29,93.190575
2018-12-30,87.74735
2018-12-31,95.38443
2019-01-01,85.22951
2019-01-02,70.03462
2019-01-03,82.15403
2019-01-04,90.8573
2019-01-05,93.57609
2019-01-06,92.90985
2019-01-07,92.885025
2019-01-08,87.084854
2019-01-09,84.62232
2019-01-10,85.222885
2019-01-11,91.53993
2019-01-12,91.321945
2019-01-13,91.1996
2019-01-14,77.51297
2019-01-15,83.99768
2019-01-16,82.03383
2019-01-17,82.82618
2019-01-18,81.02855
2019-01-19,81.33098
2019-01-20,84.50545
2019-01-21,84.39134
2019-01-22,82.37203
2019-01-23,82.27696
2019-01-24,80.01759
2019-01-25,80.96133
2019-01-26,92.652306
2019-01-27,88.617836
2019-01-28,87.69144
2019-01-29,85.77487
2019-01-30,80.443695
2019-01-31,80.38911
2019-02-01,84.64421
2019-02-02,94.046974
2019-02-03,88.735634
2019-02-04,81.48827
2019-02-05,83.96626
2019-02-06,81.69515
2019-02-07,81.083435
2019-02-08,80.34496
2019-02-09,73.0671
2019-02-10,81.07652
2019-02-11,79.93265
2019-02-12,78.60492
2019-02-13,81.84456
2019-02-14,73.99349
2019-02-15,67.23817
2019-02-16,64.326126
2019-02-17,67.98813
2019-02-18,64.92419
2019-02-19,75.54474
2019-02-20,78.45902
2019-02-21,80.69808
2019-02-22,82.20804
2019-02-23,61.494743
2019-02-24,52.81701
2019-02-25,59.617012
2019-02-26,62.947815
2019-02-27,55.98645
2019-02-28,68.759514
2019-03-01,86.03278
2019-03-02,82.040436
2019-03-03,79.29471
2019-03-04,69.09766
2019-03-05,76.71655
2019-03-06,73.40843
2019-03-07,69.65732
2019-03-08,71.44465
2019-03-09,76.0748
2019-03-10,78.247925
2019-03-11,80.18413
2019-03-12,66.44169
2019-03-13,72.719734
2019-03-14,85.76534
2019-03-15,83.20667
2019-03-16,78.11707
2019-03-17,71.24345
2019-03-18,76.65544
2019-03-19,71.79491
2019-03-20,68.71144
2019-03-21,69.03913
2019-03-22,71.016
2019-03-23,73.95073
2019-03-24,73.52455
2019-03-25,78.111565
2019-03-26,76.27867
2019-03-27,78.3001
2019-03-28,80.21616
2019-03-29,72.85153
2019-03-30,63.373764
2019-03-31,63.522404
2019-04-01,59.050182
2019-04-02,57.252888
2019-04-03,72.24164
2019-04-04,79.44314
2019-04-05,83.69541
2019-04-06,71.11396
2019-04-07,64.26457
2019-04-08,69.34691
2019-04-09,73.608475
2019-04-10,65.47299
2019-04-11,61.62483
2019-04-12,64.846855
2019-04-13,71.39318
2019-04-14,76.17859
2019-04-15,60.690067
2019-04-16,53.63058
2019-04-17,53.782536
2019-04-18,49.762733
2019-04-19,46.65201
2019-04-20,43.89562
2019-04-21,43.693123
2019-04-22,43.540627
2019-04-23,53.1367
2019-04-24,57.973194
2019-04-25,54.446156
2019-04-26,76.38467
2019-04-27,80.87471
2019-04-28,79.09179
2019-04-29,82.2836
2019-04-30,69.10694
2019-05-01,70.74427
2019-05-02,72.63349
2019-05-03,69.43254
2019-05-04,77.59072
2019-05-05,68.67281
2019-05-06,69.19278
2019-05-07,63.570522
2019-05-08,72.21219
2019-05-09,77.92567
2019-05-10,76.740265
2019-05-11,80.0334
2019-05-12,65.34893
2019-05-13,55.81295
2019-05-14,57.57674
2019-05-15,58.250393
2019-05-16,77.644135
2019-05-17,77.08682
2019-05-18,70.12366
2019-05-19,72.28856
2019-05-20,86.84303
2019-05-21,89.11906
2019-05-22,81.63445
2019-05-23,63.9147
2019-05-24,60.653843
2019-05-25,70.49727
2019-05-26,68.2483
2019-05-27,72.61721
2019-05-28,77.42303
2019-05-29,67.05051
2019-05-30,66.23252
2019-05-31,72.54833
2019-06-01,65.43761
2019-06-02,56.532272
2019-06-03,61.793056
2019-06-04,64.46859
2019-06-05,58.097347
2019-06-06,73.98105
2019-06-07,68.47921
2019-06-08,58.19237
2019-06-09,58.675312
2019-06-10,74.68111
2019-06-11,79.09057
2019-06-12,82.00427
2019-06-13,65.39731
2019-06-14,61.51949
2019-06-15,70.019585
2019-06-16,75.3725
2019-06-17,65.244
2019-06-18,59.924664
2019-06-19,59.82724
2019-06-20,75.71735
2019-06-21,69.1965
2019-06-22,68.65898
2019-06-23,62.644794
2019-06-24,56.417404
2019-06-25,54.50181
2019-06-26,59.669815
2019-06-27,58.485123
2019-06-28,57.712128
2019-06-29,48.533947
2019-06-30,47.22993
2019-07-01,58.0199
2019-07-02,56.36739
2019-07-03,54.760002
2019-07-04,53.365314
2019-07-05,57.29453
2019-07-06,60.586636
2019-07-07,65.85443
2019-07-08,65.68535
2019-07-09,64.30239
2019-07-10,58.48363
2019-07-11,73.69482
2019-07-12,82.32889
2019-07-13,80.8795
2019-07-14,77.91696
2019-07-15,72.47935
2019-07-16,71.92609
2019-07-17,67.015045
2019-07-18,58.59206
2019-07-19,67.48155
2019-07-20,63.204212
2019-07-21,69.26439
2019-07-22,63.80522
2019-07-23,56.52345
2019-07-24,49.052856
2019-07-25,45.42716
2019-07-26,47.94826
2019-07-27,61.827293
2019-07-28,73.61162
2019-07-29,75.740875
2019-07-30,67.1879
2019-07-31,73.79424
2019-08-01,65.93399
2019-08-02,69.98913
2019-08-03,74.841446
2019-08-04,66.30068
2019-08-05,67.360115
2019-08-06,71.851685
2019-08-07,79.52671
2019-08-08,68.696754
2019-08-09,68.20306
2019-08-10,68.79698
2019-08-11,59.761677
2019-08-12,71.83933
2019-08-13,71.788574
2019-08-14,63.30106
2019-08-15,76.83112
2019-08-16,69.72454
2019-08-17,72.4984
2019-08-18,77.14256
2019-08-19,71.66669
2019-08-20,72.41428
2019-08-21,67.60554
2019-08-22,60.577023
2019-08-23,60.68353
2019-08-24,62.609238
2019-08-25,63.625484
2019-08-26,63.93988
2019-08-27,65.378204
2019-08-28,64.0586
2019-08-29,73.56503
2019-08-30,69.92956
2019-08-31,61.574123
2019-09-01,69.04948
2019-09-02,64.10641
2019-09-03,64.88024
2019-09-04,64.01304
2019-09-05,70.89631
2019-09-06,65.55267
2019-09-07,75.697845
2019-09-08,82.0463
2019-09-09,86.578514
2019-09-10,72.90579
2019-09-11,68.89726
2019-09-12,74.0673
2019-09-13,75.024864
2019-09-14,69.70906
2019-09-15,65.281075
2019-09-16,75.21091
2019-09-17,73.212585
2019-09-18,66.56486
2019-09-19,66.0539
2019-09-20,67.2877
2019-09-21,62.12821
2019-09-22,62.057976
2019-09-23,81.36066
2019-09-24,83.025
2019-09-25,87.704544
2019-09-26,88.50648
2019-09-27,87.03738
2019-09-28,80.57544
2019-09-29,77.9679
2019-09-30,77.32664
2019-10-01,84.425606
2019-10-02,82.107506
2019-10-03,84.03553
2019-10-04,88.87517
2019-10-05,85.02217
2019-10-06,84.22751
2019-10-07,80.76867
2019-10-08,89.35
2019-10-09,86.10088
2019-10-10,82.083755
2019-10-11,80.29042
2019-10-12,77.14709
2019-10-13,76.23766
2019-10-14,76.47877
2019-10-15,84.757286
2019-10-16,84.3348
2019-10-17,81.69123
2019-10-18,82.67215
2019-10-19,84.47114
2019-10-20,88.1647
2019-10-21,88.13005
2019-10-22,86.99545
2019-10-23,89.56097
2019-10-24,86.99262
2019-10-25,79.40766
2019-10-26,76.69502
2019-10-27,79.40961
2019-10-28,85.8657
2019-10-29,84.16674
2019-10-30,82.87687
2019-10-31,81.66943
2019-11-01,89.02398
2019-11-02,88.93824
2019-11-03,89.206474
2019-11-04,89.29802
2019-11-05,89.690506
2019-11-06,91.181145
2019-11-07,88.20343
2019-11-08,91.08371
2019-11-09,91.46213
2019-11-10,91.00128
2019-11-11,88.6019
2019-11-12,83.80615
2019-11-13,87.03855
2019-11-14,83.259895
2019-11-15,85.83744
2019-11-16,90.21518
2019-11-17,92.52041
2019-11-18,90.039314
2019-11-19,86.97798
2019-11-20,93.7731
2019-11-21,94.67206
2019-11-22,92.17672
2019-11-23,84.9727
2019-11-24,89.78906
2019-11-25,95.40938
2019-11-26,92.69637
2019-11-27,88.723305
2019-11-28,84.219055
2019-11-29,81.77411
2019-11-30,87.58253
2019-12-01,89.9574
2019-12-02,88.006226
2019-12-03,90.51091
2019-12-04,87.11855
2019-12-05,87.872795
2019-12-06,85.60678
2019-12-07,86.71761
2019-12-08,80.60293
2019-12-09,81.67459
2019-12-10,82.48989
2019-12-11,83.22215
2019-12-12,90.72695
2019-12-13,87.50102
2019-12-14,83.11333
2019-12-15,79.49464
2019-12-16,87.034256
2019-12-17,78.18181
2019-12-18,85.86183
2019-12-19,88.52898
2019-12-20,83.95232
2019-12-21,88.674324
2019-12-22,91.13286
2019-12-23,88.1298
2019-12-24,88.38989
2019-12-25,91.36042
2019-12-26,90.981285
2019-12-27,88.97143
2019-12-28,83.930466
2019-12-29,78.66169
2019-12-30,59.681892
2019-12-31,79.65564
2020-01-01,89.40705
2020-01-02,87.542435
2020-01-03,89.53007
2020-01-04,86.11375
2020-01-05,88.3731
2020-01-06,86.90501
2020-01-07,90.632065
2020-01-08,89.9784
2020-01-09,90.16188
2020-01-10,85.08066
2020-01-11,83.35855
2020-01-12,84.88706
2020-01-13,87.8612
2020-01-14,74.6006
2020-01-15,68.00852
2020-01-16,81.50603
2020-01-17,84.43594
2020-01-18,84.506836
2020-01-19,89.29114
2020-01-20,88.990326
2020-01-21,85.91586
2020-01-22,90.37428
2020-01-23,89.48304
2020-01-24,89.86106
2020-01-25,93.31487
2020-01-26,93.03569
2020-01-27,88.951866
2020-01-28,84.725555
2020-01-29,83.26481
2020-01-30,82.40916
2020-01-31,83.44383
2020-02-01,83.43776
2020-02-02,84.87423
2020-02-03,86.38643
2020-02-04,84.46525
2020-02-05,76.63577
2020-02-06,81.72647
2020-02-07,81.86738
2020-02-08,77.826805
2020-02-09,69.511314
2020-02-10,74.45491
2020-02-11,74.7573
2020-02-12,74.64701
2020-02-13,82.73887
2020-02-14,86.70452
2020-02-15,78.49602
2020-02-16,62.290077
2020-02-17,72.767395
2020-02-18,73.77747
2020-02-19,77.73675
2020-02-20,80.96055
2020-02-21,72.42968
2020-02-22,65.268875
2020-02-23,80.793205
2020-02-24,83.00336
2020-02-25,77.57125
2020-02-26,84.83761
2020-02-27,84.10671
2020-02-28,77.055984
2020-02-29,76.89824
2020-03-01,72.58012
2020-03-02,77.817245
2020-03-03,82.330666
2020-03-04,83.07926
2020-03-05,81.37207
2020-03-06,86.71244
2020-03-07,80.05752
2020-03-08,75.37026
2020-03-09,82.3491
2020-03-10,89.85245
2020-03-11,80.4667
2020-03-12,69.36649
2020-03-13,70.933304
2020-03-14,70.43539
2020-03-15,58.80713
2020-03-16,63.610855
2020-03-17,71.6891
2020-03-18,70.1346
2020-03-19,74.707985
2020-03-20,77.40098
2020-03-21,71.613075
2020-03-22,54.916126
2020-03-23,45.353596
2020-03-24,43.24049
2020-03-25,42.258453
2020-03-26,50.64508
2020-03-27,54.331795
2020-03-28,59.07711
2020-03-29,69.288315
2020-03-30,65.00432
2020-03-31,60.49782
2020-04-01,58.80183
2020-04-02,59.03071
2020-04-03,63.353172
2020-04-04,59.68058
2020-04-05,48.859207
2020-04-06,45.035927
2020-04-07,56.27736
2020-04-08,50.142548
2020-04-09,55.849277
2020-04-10,57.684574
2020-04-11,52.33475
2020-04-12,49.397976
2020-04-13,56.757385
2020-04-14,56.189266
2020-04-15,54.21323
2020-04-16,53.217506
2020-04-17,57.13371
2020-04-18,57.184494
2020-04-19,56.68528
2020-04-20,46.228207
2020-04-21,44.677006
2020-04-22,45.203117
2020-04-23,47.605404
2020-04-24,51.21938
2020-04-25,57.899883
2020-04-26,55.860374
2020-04-27,53.656315
2020-04-28,68.55671
2020-04-29,79.40155
2020-04-30,77.46191
2020-05-01,76.94002
2020-05-02,79.826195
2020-05-03,71.436485
2020-05-04,74.99471
2020-05-05,65.03747
2020-05-06,56.35871
2020-05-07,56.173264
2020-05-08,52.160645
2020-05-09,58.048264
2020-05-10,69.13764
2020-05-11,75.094215
2020-05-12,65.34875
2020-05-13,68.38238
2020-05-14,65.51623
2020-05-15,62.928947
2020-05-16,59.834713
2020-05-17,58.245834
2020-05-18,58.60846
2020-05-19,61.573128
2020-05-20,66.43287
2020-05-21,57.99937
2020-05-22,62.346714
2020-05-23,75.38234
2020-05-24,72.51123
2020-05-25,74.145
2020-05-26,67.43715
2020-05-27,59.127888
2020-05-28,59.15979
2020-05-29,55.166786
2020-05-30,54.06597
2020-05-31,57.13504
2020-06-01,51.96676
2020-06-02,49.851883
2020-06-03,55.987206
2020-06-04,81.49578
2020-06-05,77.40252
2020-06-06,72.55635
2020-06-07,73.171906
2020-06-08,70.08419
2020-06-09,75.24436
2020-06-10,77.72829
2020-06-11,83.974884
2020-06-12,71.11821
2020-06-13,73.792015
2020-06-14,85.07435
2020-06-15,78.2995
2020-06-16,77.19204
2020-06-17,74.291725
2020-06-18,78.275536
2020-06-19,80.71678
2020-06-20,76.48153
2020-06-21,67.05458
2020-06-22,66.717606
2020-06-23,58.638058
2020-06-24,57.682316
2020-06-25,64.75783
2020-06-26,63.84449
2020-06-27,68.69844
2020-06-28,71.97605
2020-06-29,67.591286
2020-06-30,63.10785
2020-07-01,73.19445
2020-07-02,75.84653
2020-07-03,69.06246
2020-07-04,65.30169
2020-07-05,70.02308
2020-07-06,65.8687
2020-07-07,63.68401
2020-07-08,76.09456
2020-07-09,76.085594
2020-07-10,72.68195
2020-07-11,68.02448
2020-07-12,61.7734
2020-07-13,56.015728
2020-07-14,59.632046
2020-07-15,79.85795
2020-07-16,83.06229
2020-07-17,73.48997
2020-07-18,65.07751
2020-07-19,61.37647
2020-07-20,65.61644
2020-07-21,60.322136
2020-07-22,57.635952
2020-07-23,56.035492
2020-07-24,59.969208
2020-07-25,64.8785
2020-07-26,74.48129
2020-07-27,64.51845
2020-07-28,59.45687
2020-07-29,56.687527
2020-07-30,53.313007
2020-07-31,51.459267
2020-08-01,56.32401
2020-08-02,75.81841
2020-08-03,74.81039
2020-08-04,69.35706
2020-08-05,55.613552
2020-08-06,52.263695
2020-08-07,53.998116
2020-08-08,51.83186
2020-08-09,54.1317
2020-08-10,61.560432
2020-08-11,59.47794
2020-08-12,57.361687
2020-08-13,65.77797
2020-08-14,75.57379
2020-08-15,75.28423
2020-08-16,64.86945
2020-08-17,72.4081
2020-08-18,76.42093
2020-08-19,68.762085
2020-08-20,64.2885
2020-08-21,61.1647
2020-08-22,71.50314
2020-08-23,69.12104
2020-08-24,72.560036
2020-08-25,67.17556
2020-08-26,66.70205
2020-08-27,67.87358
2020-08-28,74.86285
2020-08-29,76.26025
2020-08-30,81.73006
2020-08-31,80.836876
2020-09-01,76.69478
2020-09-02,74.38471
2020-09-03,73.28681
2020-09-04,73.18475
2020-09-05,77.83294
2020-09-06,73.57011
2020-09-07,70.75667
2020-09-08,71.435814
2020-09-09,74.317894
2020-09-10,73.19882
2020-09-11,70.426796
2020-09-12,69.84817
2020-09-13,69.10897
2020-09-14,65.536995
2020-09-15,64.89632
2020-09-16,68.73181
2020-09-17,65.8036
2020-09-18,59.96707
2020-09-19,57.985226
2020-09-20,61.743294
2020-09-21,64.98519
2020-09-22,67.12457
2020-09-23,70.22024
2020-09-24,69.51264
2020-09-25,80.512245
2020-09-26,87.99755
2020-09-27,84.78428
2020-09-28,81.81502
2020-09-29,85.31481
2020-09-30,85.93464
2020-10-01,84.64691
2020-10-02,80.96048
2020-10-03,81.74733
2020-10-04,72.942566
2020-10-05,79.61953
2020-10-06,84.514786
2020-10-07,85.95092
2020-10-08,85.09296
2020-10-09,85.177635
2020-10-10,82.892654
2020-10-11,84.294685
2020-10-12,88.11027
2020-10-13,85.84305
2020-10-14,86.85696
2020-10-15,88.45075
2020-10-16,86.8175
2020-10-17,87.98347
2020-10-18,85.09132
2020-10-19,82.92344
2020-10-20,81.47355
2020-10-21,77.00502
2020-10-22,76.72676
2020-10-23,91.233734
2020-10-24,85.42447
2020-10-25,81.73279
2020-10-26,88.84045
2020-10-27,81.46902
2020-10-28,81.964615
2020-10-29,84.96257
2020-10-30,91.30909
2020-10-31,87.83576
2020-11-01,88.93178
2020-11-02,81.4903
2020-11-03,78.72181
2020-11-04,82.66521
2020-11-05,85.797935
2020-11-06,86.20931
2020-11-07,82.70141
2020-11-08,86.241135
2020-11-09,90.9224
2020-11-10,93.75877
2020-11-11,93.68198
2020-11-12,89.18892
2020-11-13,88.2905
2020-11-14,85.783394
2020-11-15,79.474686
2020-11-16,83.48358
2020-11-17,86.6146
2020-11-18,81.962166
2020-11-19,79.60779
2020-11-20,85.59286
2020-11-21,84.33463
2020-11-22,84.06145
2020-11-23,86.63886
2020-11-24,90.76958
2020-11-25,90.53019
2020-11-26,91.98131
2020-11-27,92.86392
2020-11-28,90.41904
2020-11-29,85.04107
2020-11-30,84.224655
2020-12-01,91.98075
2020-12-02,89.6687
2020-12-03,85.10262
2020-12-04,81.661476
2020-12-05,88.29055
2020-12-06,92.519485
2020-12-07,89.303734
2020-12-08,88.77256
2020-12-09,93.664856
2020-12-10,93.462265
2020-12-11,89.06878
2020-12-12,92.18143
2020-12-13,94.39379
2020-12-14,87.95162
2020-12-15,89.98271
2020-12-16,93.32061
2020-12-17,89.83147
2020-12-18,90.79134
2020-12-19,88.1499
2020-12-20,88.748276
2020-12-21,91.66873
2020-12-22,91.16017
2020-12-23,92.5749
2020-12-24,88.37601
2020-12-25,86.65075
2020-12-26,85.53391
2020-12-27,75.499
2020-12-28,84.4407
2020-12-29,88.57072
2020-12-30,87.485275
2020-12-31,86.89421
2021-01-01,91.87549
2021-01-02,90.72567
2021-01-03,90.31535
2021-01-04,91.40561
2021-01-05,91.95067
2021-01-06,93.053825
2021-01-07,91.112755
2021-01-08,91.51506
2021-01-09,90.529
2021-01-10,88.733864
2021-01-11,86.07372
2021-01-12,89.03726
2021-01-13,85.75609
2021-01-14,85.52944
2021-01-15,83.19396
2021-01-16,79.75935
2021-01-17,87.662605
2021-01-18,90.81971
2021-01-19,87.911896
2021-01-20,73.887764
2021-01-21,68.865326
2021-01-22,79.747795
2021-01-23,90.534706
2021-01-24,89.56045
2021-01-25,89.62535
2021-01-26,87.31491
2021-01-27,88.70735
2021-01-28,91.80064
2021-01-29,88.36019
2021-01-30,87.86607
2021-01-31,86.092094
2021-02-01,86.782906
2021-02-02,92.05833
2021-02-03,91.69961
2021-02-04,85.464676
2021-02-05,89.17655
2021-02-06,84.81198
2021-02-07,81.70225
2021-02-08,80.73315
2021-02-09,82.65689
2021-02-10,82.14112
2021-02-11,79.426765
2021-02-12,76.68809
2021-02-13,76.21607
2021-02-14,71.087425
2021-02-15,69.10064
2021-02-16,90.13209
2021-02-17,87.72467
2021-02-18,80.34022
2021-02-19,80.11899
2021-02-20,75.559296
2021-02-21,71.313385
2021-02-22,73.08121
2021-02-23,71.16336
2021-02-24,71.45927
2021-02-25,69.40389
2021-02-26,79.7849
2021-02-27,83.748535
2021-02-28,82.1114
2021-03-01,80.97661
2021-03-02,77.54162
2021-03-03,75.5148
2021-03-04,81.25213
2021-03-05,73.77231
2021-03-06,70.71389
2021-03-07,71.12247
2021-03-08,70.65935
2021-03-09,75.04812
2021-03-10,73.56126
2021-03-11,77.682144
2021-03-12,71.57499
2021-03-13,78.33509
2021-03-14,82.36675
2021-03-15,85.41477
2021-03-16,79.99445
2021-03-17,82.85533
2021-03-18,82.85161
2021-03-19,78.43928
2021-03-20,66.3148
2021-03-21,74.18402
2021-03-22,75.239845
2021-03-23,78.51277
2021-03-24,70.065765
2021-03-25,69.63554
2021-03-26,66.00554
2021-03-27,73.513214
2021-03-28,66.90782
2021-03-29,56.333286
2021-03-30,53.413082
2021-03-31,51.324924
2021-04-01,62.51354
2021-04-02,72.307976
2021-04-03,63.858833
2021-04-04,67.80099
2021-04-05,72.98729
2021-04-06,77.79469
2021-04-07,78.707245
2021-04-08,66.17878
2021-04-09,58.174923
2021-04-10,74.095634
2021-04-11,76.47457
2021-04-12,77.92358
2021-04-13,72.13905
2021-04-14,71.367775
2021-04-15,67.29618
2021-04-16,65.70773
2021-04-17,69.57914
2021-04-18,80.05454
2021-04-19,80.81376
2021-04-20,69.61953
2021-04-21,64.30477
2021-04-22,60.30748
2021-04-23,59.01898
2021-04-24,58.661404
2021-04-25,55.48642
2021-04-26,50.576694
2021-04-27,47.30266
2021-04-28,50.400936
2021-04-29,74.06167
2021-04-30,77.52024
2021-05-01,77.33589
2021-05-02,77.78872
2021-05-03,66.0398
2021-05-04,66.602356
2021-05-05,72.60721
2021-05-06,74.30231
2021-05-07,74.45691
2021-05-08,60.176918
2021-05-09,51.312912
2021-05-10,59.34347
2021-05-11,81.82383
2021-05-12,86.18237
2021-05-13,84.84497
2021-05-14,79.18872
2021-05-15,79.51782
2021-05-16,79.52036
2021-05-17,81.20227
2021-05-18,80.131165
2021-05-19,78.14669
2021-05-20,72.41135
2021-05-21,67.40253
2021-05-22,71.40285
2021-05-23,71.35792
2021-05-24,66.860245
2021-05-25,75.76375
2021-05-26,80.036415
2021-05-27,83.205666
2021-05-28,74.8057
2021-05-29,71.23444
2021-05-30,62.95639
2021-05-31,57.021214
2021-06-01,55.82702
2021-06-02,56.832485
2021-06-03,61.997696
2021-06-04,71.49874
2021-06-05,79.60095
2021-06-06,84.29276
2021-06-07,79.12171
2021-06-08,74.37865
2021-06-09,70.28485
2021-06-10,68.60153
2021-06-11,66.49395
2021-06-12,70.0084
2021-06-13,61.711876
2021-06-14,58.333443
2021-06-15,62.391453
2021-06-16,58.87929
2021-06-17,52.732655
2021-06-18,56.37323
2021-06-19,61.44597
2021-06-20,68.46479
2021-06-21,75.56244
2021-06-22,79.39809
2021-06-23,78.207634
2021-06-24,81.98718
2021-06-25,76.257095
2021-06-26,68.98521
2021-06-27,66.73203
2021-06-28,66.79338
2021-06-29,80.07072
2021-06-30,86.711044
2021-07-01,88.167786
2021-07-02,77.673706
2021-07-03,70.10502
2021-07-04,76.3467
2021-07-05,80.97522
2021-07-06,75.19371
2021-07-07,76.74972
2021-07-08,83.607445
2021-07-09,87.62356
2021-07-10,75.68148
2021-07-11,78.64172
2021-07-12,75.20744
2021-07-13,82.15932
2021-07-14,86.52173
2021-07-15,81.059586
2021-07-16,80.83595
2021-07-17,78.54927
2021-07-18,71.60841
2021-07-19,69.964165
2021-07-20,68.98732
2021-07-21,69.42148
2021-07-22,67.44407
2021-07-23,67.61371
2021-07-24,69.25693
2021-07-25,74.4261
2021-07-26,75.86491
2021-07-27,73.99921
2021-07-28,77.21659
2021-07-29,65.40881
2021-07-30,63.617653
2021-07-31,68.59973
2021-08-01,80.728264
2021-08-02,77.14904
2021-08-03,77.99769
2021-08-04,78.424644
2021-08-05,79.93053
2021-08-06,79.479614
2021-08-07,77.923164
2021-08-08,74.56334
2021-08-09,71.048996
2021-08-10,76.330376
2021-08-11,73.45186
2021-08-12,67.72863
2021-08-13,68.61053
2021-08-14,66.52383
2021-08-15,68.69245
2021-08-16,77.75462
2021-08-17,77.904015
2021-08-18,80.74342
2021-08-19,80.61557
2021-08-20,78.58193
2021-08-21,72.65446
2021-08-22,84.087654
2021-08-23,81.10443
2021-08-24,75.06
2021-08-25,74.22604
2021-08-26,81.131874
2021-08-27,85.452385
2021-08-28,87.90358
2021-08-29,92.16898
2021-08-30,87.56518
2021-08-31,81.07085
2021-09-01,79.17573
2021-09-02,77.72464
2021-09-03,75.004555
2021-09-04,76.45644
2021-09-05,74.51219
2021-09-06,71.71621
2021-09-07,72.55213
2021-09-08,69.5374
2021-09-09,69.574425
2021-09-10,80.377014
2021-09-11,85.34385
2021-09-12,81.049545
2021-09-13,78.710686
2021-09-14,76.19509
2021-09-15,87.33868
2021-09-16,85.94599
2021-09-17,82.17495
2021-09-18,81.63939
2021-09-19,78.577385
2021-09-20,76.32142
2021-09-21,75.75035
2021-09-22,79.749306
2021-09-23,74.86427
2021-09-24,79.7043
2021-09-25,79.55288
2021-09-26,81.32599
2021-09-27,85.64568
2021-09-28,82.86469
2021-09-29,84.02113
2021-09-30,73.45129
2021-10-01,69.243866
2021-10-02,75.554726
2021-10-03,70.086624
2021-10-04,83.562195
2021-10-05,89.11671
2021-10-06,83.08254
2021-10-07,84.46378
2021-10-08,83.66839
2021-10-09,74.3714
2021-10-10,74.62834
2021-10-11,84.46604
2021-10-12,87.157814
2021-10-13,84.74214
2021-10-14,88.526306
2021-10-15,82.67164
2021-10-16,83.341156
2021-10-17,82.51542
2021-10-18,82.18942
2021-10-19,85.426575
2021-10-20,76.24384
2021-10-21,76.08544
2021-10-22,78.73206
2021-10-23,79.97146
2021-10-24,77.17294
2021-10-25,81.19467
2021-10-26,85.40592
2021-10-27,86.56499
2021-10-28,85.055084
2021-10-29,81.10692
2021-10-30,79.43514
2021-10-31,77.98111
2021-11-01,83.89034
2021-11-02,89.05886
2021-11-03,90.88219
2021-11-04,92.13582
2021-11-05,89.34405
2021-11-06,86.68223
2021-11-07,85.03094
2021-11-08,87.530045
2021-11-09,83.61037
2021-11-10,86.9725
2021-11-11,91.77561
2021-11-12,92.344284
2021-11-13,92.06881
2021-11-14,90.96313
2021-11-15,87.340225
2021-11-16,90.68775
2021-11-17,90.39925
2021-11-18,88.143585
2021-11-19,90.12317
2021-11-20,87.7892
2021-11-21,90.10195
2021-11-22,86.227135
2021-11-23,89.311935
2021-11-24,88.158264
2021-11-25,85.77499
2021-11-26,87.56915
2021-11-27,88.57059
2021-11-28,91.99601
2021-11-29,90.243225
2021-11-30,87.74876
2021-12-01,86.55343
2021-12-02,84.739174
2021-12-03,84.03436
2021-12-04,91.633354
2021-12-05,90.352615
2021-12-06,90.66593
2021-12-07,87.55615
2021-12-08,88.09748
2021-12-09,91.32756
2021-12-10,89.743324
2021-12-11,91.83936
2021-12-12,91.95716
2021-12-13,95.427216
2021-12-14,94.037315
2021-12-15,93.12613
2021-12-16,92.811905
2021-12-17,92.61482
2021-12-18,93.95045
2021-12-19,89.04574
2021-12-20,85.35174
2021-12-21,89.20614
2021-12-22,87.76576
2021-12-23,84.47708
2021-12-24,89.629524
2021-12-25,85.64538
2021-12-26,83.33351
2021-12-27,87.91867
2021-12-28,91.28444
2021-12-29,94.13972
2021-12-30,93.19855
2021-12-31,86.24075
2022-01-01,87.52047
2022-01-02,82.74667
2022-01-03,81.59867
2022-01-04,89.59044
2022-01-05,84.56838
2022-01-06,84.41254
2022-01-07,88.656784
2022-01-08,87.38087
2022-01-09,87.94577
2022-01-10,92.683334
2022-01-11,89.75235
2022-01-12,89.15398
2022-01-13,90.15081
2022-01-14,89.43452
2022-01-15,92.477936
2022-01-16,90.50276
2022-01-17,84.593895
2022-01-18,88.79823
2022-01-19,86.113556
2022-01-20,78.99961
2022-01-21,82.489586
2022-01-22,91.57093
2022-01-23,91.808754
2022-01-24,89.16473
2022-01-25,91.37883
2022-01-26,90.209496
2022-01-27,86.03538
2022-01-28,78.29538
2022-01-29,84.28376
2022-01-30,70.06837
2022-01-31,86.0403
2022-02-01,87.75028
2022-02-02,80.715744
2022-02-03,91.46053
2022-02-04,85.66177
2022-02-05,76.852104
2022-02-06,83.79923
2022-02-07,78.898224
2022-02-08,84.597
2022-02-09,82.50272
2022-02-10,83.4365
2022-02-11,83.20477
2022-02-12,76.119286
2022-02-13,67.69101
2022-02-14,66.03544
2022-02-15,79.66597
2022-02-16,85.958954
2022-02-17,71.11019
2022-02-18,74.42292
2022-02-19,64.03937
2022-02-20,82.40375
2022-02-21,77.76757
2022-02-22,79.01066
2022-02-23,72.75533
2022-02-24,72.663
2022-02-25,79.02002
2022-02-26,77.58117
2022-02-27,72.91396
2022-02-28,66.62369
2022-03-01,58.723587
2022-03-02,62.946175
2022-03-03,68.81423
2022-03-04,71.7149
2022-03-05,66.46528
2022-03-06,65.271736
2022-03-07,64.52297
2022-03-08,58.98693
2022-03-09,55.808628
2022-03-10,54.310616
2022-03-11,42.564396
2022-03-12,41.387196
2022-03-13,40.857212
2022-03-14,64.543655
2022-03-15,84.01061
2022-03-16,80.664345
2022-03-17,78.15259
2022-03-18,71.73434
2022-03-19,63.61862
2022-03-20,48.903812
2022-03-21,47.799217
2022-03-22,46.444035
2022-03-23,47.969086
2022-03-24,51.6895
2022-03-25,54.654945
2022-03-26,62.25678
2022-03-27,67.8099
2022-03-28,66.16597
2022-03-29,64.47245
2022-03-30,76.753525
2022-03-31,77.71118
2022-04-01,74.24736
2022-04-02,70.24472
2022-04-03,67.94361
2022-04-04,74.91769
2022-04-05,84.866295
2022-04-06,76.49034
2022-04-07,74.483475
2022-04-08,75.252625
2022-04-09,75.84303
2022-04-10,72.97915
2022-04-11,61.610237
2022-04-12,53.31724
2022-04-13,57.797054
2022-04-14,75.66535
2022-04-15,78.82377
2022-04-16,60.950073
2022-04-17,51.993362
2022-04-18,52.874348
2022-04-19,55.043694
2022-04-20,60.48934
2022-04-21,69.965126
2022-04-22,70.82596
2022-04-23,64.98013
2022-04-24,72.95918
2022-04-25,79.406815
2022-04-26,76.853096
2022-04-27,68.623055
2022-04-28,63.35075
2022-04-29,62.758083
2022-04-30,71.03486
2022-05-01,69.862785
2022-05-02,64.25467
2022-05-03,66.556335
2022-05-04,70.095436
2022-05-05,69.805016
2022-05-06,67.26995
2022-05-07,68.83823
2022-05-08,67.33466
2022-05-09,60.15
2022-05-10,58.282406
2022-05-11,57.260742
2022-05-12,59.757343
2022-05-13,65.813774
2022-05-14,61.04702
2022-05-15,57.780495
2022-05-16,65.81177
2022-05-17,71.96663
2022-05-18,59.124382
2022-05-19,61.01359
2022-05-20,72.02274
2022-05-21,69.10856
2022-05-22,64.51006
2022-05-23,67.25971
2022-05-24,75.40466
2022-05-25,65.59745
2022-05-26,65.3503
2022-05-27,69.36898
2022-05-28,65.11743
2022-05-29,73.51143
2022-05-30,69.884544
2022-05-31,64.12563
2022-06-01,69.49533
2022-06-02,65.015976
2022-06-03,62.90171
2022-06-04,69.460686
2022-06-05,73.39554
2022-06-06,71.06145
2022-06-07,72.42591
2022-06-08,73.739655
2022-06-09,77.06222
2022-06-10,65.53118
2022-06-11,61.376213
2022-06-12,57.516052
2022-06-13,63.436237
2022-06-14,59.08105
2022-06-15,53.304764
2022-06-16,55.7709
2022-06-17,51.835228
2022-06-18,49.47222
2022-06-19,57.333145
2022-06-20,72.635506
2022-06-21,60.684193
2022-06-22,61.387955
2022-06-23,56.521145
2022-06-24,68.85422
2022-06-25,68.73735
2022-06-26,65.54271
2022-06-27,74.2134
2022-06-28,65.184494
2022-06-29,67.476845
2022-06-30,66.86702
2022-07-01,80.25222
2022-07-02,58.771587
2022-07-03,54.538273
2022-07-04,60.270794
2022-07-05,56.2092
2022-07-06,59.649944
2022-07-07,77.946846
2022-07-08,68.11083
2022-07-09,69.5115
2022-07-10,66.93684
2022-07-11,70.144684
2022-07-12,60.89973
2022-07-13,52.208637
2022-07-14,56.06357
2022-07-15,58.00118
2022-07-16,55.528732
2022-07-17,50.43119
2022-07-18,44.171955
2022-07-19,37.716778
2022-07-20,41.899334
2022-07-21,70.34139
2022-07-22,66.943306
2022-07-23,66.44621
2022-07-24,54.57007
2022-07-25,51.8917
2022-07-26,65.52863
2022-07-27,60.095226
2022-07-28,55.06626
2022-07-29,59.292084
2022-07-30,67.21983
2022-07-31,63.150986
2022-08-01,69.91785
2022-08-02,59.95526
2022-08-03,51.197838
2022-08-04,48.839294
2022-08-05,68.50213
2022-08-06,60.366833
2022-08-07,53.812637
2022-08-08,53.216328
2022-08-09,52.64296
2022-08-10,49.9224
2022-08-11,45.922127
2022-08-12,45.89234
2022-08-13,52.579056
2022-08-14,55.65291
2022-08-15,65.93733
2022-08-16,62.02862
2022-08-17,59.84149
2022-08-18,73.3099
2022-08-19,79.67358
2022-08-20,79.312126
2022-08-21,65.09083
2022-08-22,61.482937
2022-08-23,58.41701
2022-08-24,60.682987
2022-08-25,65.86644
2022-08-26,76.4307
2022-08-27,83.758354
2022-08-28,71.58741
2022-08-29,68.97906
2022-08-30,65.241005
2022-08-31,69.151634
2022-09-01,63.383163
2022-09-02,56.72428
2022-09-03,61.300076
2022-09-04,63.72741
2022-09-05,59.7617
2022-09-06,64.99636
2022-09-07,71.41327
2022-09-08,82.94947
2022-09-09,79.95862
2022-09-10,85.2271
2022-09-11,84.10106
2022-09-12,74.48901
2022-09-13,75.38259
2022-09-14,85.075966
2022-09-15,80.70162
2022-09-16,79.11945
2022-09-17,81.30068
2022-09-18,82.597984
2022-09-19,83.028885
2022-09-20,80.883934
2022-09-21,76.368034
2022-09-22,71.79392
2022-09-23,71.1133
2022-09-24,82.71747
2022-09-25,85.68853
2022-09-26,80.94442
2022-09-27,87.10802
2022-09-28,87.10067
2022-09-29,84.7971
2022-09-30,78.54773
2022-10-01,86.72685
2022-10-02,86.980835
2022-10-03,83.74515
2022-10-04,80.67337
2022-10-05,77.15514
2022-10-06,72.59024
2022-10-07,77.54339
2022-10-08,81.45631
2022-10-09,77.38798
2022-10-10,78.38216
2022-10-11,81.70136
2022-10-12,81.50877
2022-10-13,86.934875
2022-10-14,89.26413
2022-10-15,89.07717
2022-10-16,82.41208
2022-10-17,81.50098
2022-10-18,88.375496
2022-10-19,83.9668
2022-10-20,82.35929
2022-10-21,90.006096
2022-10-22,88.34721
2022-10-23,85.331825
2022-10-24,82.334145
2022-10-25,85.10851
2022-10-26,86.31793
2022-10-27,84.64957
2022-10-28,76.89979
2022-10-29,82.18741
2022-10-30,79.49302
2022-10-31,87.49156
2022-11-01,80.89102
2022-11-02,77.48114
2022-11-03,81.77404
2022-11-04,87.395004
2022-11-05,87.34106
2022-11-06,81.89825
2022-11-07,80.66074
2022-11-08,76.44497
2022-11-09,81.44196
2022-11-10,84.595085
2022-11-11,84.864174
2022-11-12,87.71311
2022-11-13,84.763435
2022-11-14,85.89356
2022-11-15,84.288795
2022-11-16,89.932816
2022-11-17,87.96615
2022-11-18,88.48912
2022-11-19,86.60439
2022-11-20,88.33643
2022-11-21,88.55649
2022-11-22,88.826256
2022-11-23,87.09394
2022-11-24,90.82221
2022-11-25,92.504745
2022-11-26,93.543816
2022-11-27,88.28919
2022-11-28,86.205536
2022-11-29,93.87362
2022-11-30,92.37359
2022-12-01,89.968285
2022-12-02,90.177185
2022-12-03,88.68287
2022-12-04,91.92338
2022-12-05,95.2558
2022-12-06,93.1837
2022-12-07,89.23118
2022-12-08,90.39955
2022-12-09,92.25182
2022-12-10,89.28528
2022-12-11,87.093956
2022-12-12,86.90793
2022-12-13,84.67668
2022-12-14,85.10644
2022-12-15,88.145805
2022-12-16,88.27513
2022-12-17,90.03273
2022-12-18,84.47461
2022-12-19,84.89662
2022-12-20,86.41132
2022-12-21,94.16533
2022-12-22,92.10146
2022-12-23,94.26679
2022-12-24,89.400246
2022-12-25,92.892296
2022-12-26,86.75913
2022-12-27,83.51584
2022-12-28,83.1585
2022-12-29,77.43454
2022-12-30,83.00929
2022-12-31,78.887764
