date,residual_load
01.01.2018,1645550789
02.01.2018,1817341902
03.01.2018,1801498808
04.01.2018,1731836533
05.01.2018,1665812620
06.01.2018,1722507046
07.01.2018,2011567400
08.01.2018,2166971075
09.01.2018,2055070585
10.01.2018,1881816040
11.01.2018,1906527734
12.01.2018,1958054564
13.01.2018,2033780707
14.01.2018,2196563251
15.01.2018,2191918752
16.01.2018,2088871859
17.01.2018,2243063736
18.01.2018,2133815254
19.01.2018,2160948581
20.01.2018,2159649197
21.01.2018,2187068655
22.01.2018,2127982747
23.01.2018,1897612540
24.01.2018,1576742866
25.01.2018,1588781182
26.01.2018,1676271078
27.01.2018,1749655197
28.01.2018,1647691901
29.01.2018,1623655528
30.01.2018,1790030843
31.01.2018,1779859998
01.02.2018,2012282855
02.02.2018,2061255452
03.02.2018,2119450083
04.02.2018,2289180393
05.02.2018,2413636943
06.02.2018,2518659407
07.02.2018,2535273214
08.02.2018,2572224505
09.02.2018,2511845610
10.02.2018,2359278302
11.02.2018,2255878858
12.02.2018,2332797044
13.02.2018,2341408686
14.02.2018,2364297443
15.02.2018,2371734819
16.02.2018,2143818651
17.02.2018,2249429366
18.02.2018,2212829185
19.02.2018,2277972986
20.02.2018,2323723282
21.02.2018,2356964174
22.02.2018,2436888533
23.02.2018,2523588875
24.02.2018,2609029066
25.02.2018,2766745531
26.02.2018,3016095486
27.02.2018,3104111392
28.02.2018,3275483222
01.03.2018,3187654091
02.03.2018,3049605261
03.03.2018,2774518405
04.03.2018,2277258386
05.03.2018,1938318390
06.03.2018,1907212850
07.03.2018,1911494051
08.03.2018,1827795949
09.03.2018,1744896795
10.03.2018,1469704363
11.03.2018,1258328453
12.03.2018,1331528559
13.03.2018,1564817957
14.03.2018,1681664162
15.03.2018,1692266642
16.03.2018,1965627060
17.03.2018,2462862895
18.03.2018,2550326777
19.03.2018,2460926015
20.03.2018,2353105009
21.03.2018,2198384654
22.03.2018,2145924977
23.03.2018,1932226213
24.03.2018,1619908401
25.03.2018,1554011245
26.03.2018,1649220112
27.03.2018,1612188742
28.03.2018,1662555583
29.03.2018,1695978622
30.03.2018,1489765271
31.03.2018,1505647494
01.04.2018,1672925579
02.04.2018,1444097809
03.04.2018,1046926967
04.04.2018,988537338
05.04.2018,1290504405
06.04.2018,1215075927
07.04.2018,859077629
08.04.2018,679118645
09.04.2018,664032764
10.04.2018,664656434
11.04.2018,783579488
12.04.2018,720683877
13.04.2018,792310614
14.04.2018,765598429
15.04.2018,701845072
16.04.2018,683702812
17.04.2018,602978409
18.04.2018,490398544
19.04.2018,398974664
20.04.2018,357868676
21.04.2018,360793594
22.04.2018,347465378
23.04.2018,387674309
24.04.2018,510818961
25.04.2018,566824875
26.04.2018,719873793
27.04.2018,636818344
28.04.2018,552242630
29.04.2018,485312239
30.04.2018,560496199
01.05.2018,775590987
02.05.2018,681480670
03.05.2018,628678968
04.05.2018,568590488
05.05.2018,483943514
06.05.2018,403950143
07.05.2018,353620365
08.05.2018,318414280
09.05.2018,304163470
10.05.2018,353583166
11.05.2018,376401890
12.05.2018,319002661
13.05.2018,339441063
14.05.2018,331652013
15.05.2018,337469465
16.05.2018,390788075
17.05.2018,449412196
18.05.2018,481733148
19.05.2018,449631202
20.05.2018,379770555
21.05.2018,326799690
22.05.2018,299603812
23.05.2018,294182248
24.05.2018,302749732
25.05.2018,274573317
26.05.2018,253696599
27.05.2018,245744003
28.05.2018,219866831
29.05.2018,219756831
30.05.2018,217464843
31.05.2018,209343978
01.06.2018,222923639
02.06.2018,235807399
03.06.2018,229231564
04.06.2018,225850723
05.06.2018,241689705
06.06.2018,228547781
07.06.2018,219921371
08.06.2018,219512087
09.06.2018,217105879
10.06.2018,209545505
11.06.2018,221551546
12.06.2018,268717069
13.06.2018,323107600
14.06.2018,293475884
15.06.2018,262103098
16.06.2018,244984408
17.06.2018,246108304
18.06.2018,253368905
19.06.2018,252394240
20.06.2018,227789572
21.06.2018,269202747
22.06.2018,349637179
23.06.2018,361031780
24.06.2018,360684735
25.06.2018,333288026
26.06.2018,317190881
27.06.2018,273695480
28.06.2018,258477222
29.06.2018,229959874
30.06.2018,220799786
01.07.2018,230900353
02.07.2018,238473790
03.07.2018,221942462
04.07.2018,221565105
05.07.2018,221411251
06.07.2018,231714240
07.07.2018,225627274
08.07.2018,221810923
09.07.2018,229877698
10.07.2018,263912569
11.07.2018,283596818
12.07.2018,250519963
13.07.2018,232998376
14.07.2018,220265568
15.07.2018,214061275
16.07.2018,214619906
17.07.2018,205951975
18.07.2018,209714695
19.07.2018,210916195
20.07.2018,202759645
21.07.2018,202716567
22.07.2018,204407499
23.07.2018,199197408
24.07.2018,182669433
25.07.2018,178174143
26.07.2018,179274155
27.07.2018,171270484
28.07.2018,175669860
29.07.2018,178959199
30.07.2018,165416452
31.07.2018,166525328
01.08.2018,176347484
02.08.2018,174097280
03.08.2018,168302171
04.08.2018,169389053
05.08.2018,170652735
06.08.2018,171085113
07.08.2018,166351154
08.08.2018,173471192
09.08.2018,170373915
10.08.2018,200002780
11.08.2018,210865669
12.08.2018,202478533
13.08.2018,205150248
14.08.2018,211320951
15.08.2018,211972049
16.08.2018,204454762
17.08.2018,198264739
18.08.2018,206336504
19.08.2018,195276739
20.08.2018,196427633
21.08.2018,199617067
22.08.2018,201514026
23.08.2018,192622658
24.08.2018,212416464
25.08.2018,277280241
26.08.2018,285090320
27.08.2018,279407245
28.08.2018,263186867
29.08.2018,243637534
30.08.2018,267232144
31.08.2018,306565243
01.09.2018,310124014
02.09.2018,304191972
03.09.2018,273272512
04.09.2018,258315308
05.09.2018,216745777
06.09.2018,253579505
07.09.2018,280514548
08.09.2018,305707893
09.09.2018,282210143
10.09.2018,268116160
11.09.2018,261847353
12.09.2018,271500086
13.09.2018,310996394
14.09.2018,317865251
15.09.2018,331496315
16.09.2018,326539038
17.09.2018,296433761
18.09.2018,264153523
19.09.2018,246651486
20.09.2018,234618572
21.09.2018,279027348
22.09.2018,378131388
23.09.2018,493113440
24.09.2018,642687642
25.09.2018,731923537
26.09.2018,717798649
27.09.2018,566863357
28.09.2018,668975871
29.09.2018,770946409
30.09.2018,763473446
01.10.2018,883780062
02.10.2018,1054020635
03.10.2018,919704207
04.10.2018,872587860
05.10.2018,710699347
06.10.2018,596055222
07.10.2018,719389487
08.10.2018,798107270
09.10.2018,740213481
10.10.2018,628907493
11.10.2018,535682621
12.10.2018,454371068
13.10.2018,411889836
14.10.2018,429035464
15.10.2018,468238368
16.10.2018,501425105
17.10.2018,530746750
18.10.2018,621471805
19.10.2018,755999329
20.10.2018,848934440
21.10.2018,902408833
22.10.2018,1037589029
23.10.2018,1139326994
24.10.2018,1008789734
25.10.2018,981890430
26.10.2018,1077262368
27.10.2018,1322703050
28.10.2018,1541551524
29.10.2018,1596207486
30.10.2018,1513748284
31.10.2018,1424668005
01.11.2018,1374383194
02.11.2018,1330083251
03.11.2018,1397993216
04.11.2018,1335440028
05.11.2018,1209927365
06.11.2018,1155845995
07.11.2018,1106971204
08.11.2018,1141691801
09.11.2018,1170627387
10.11.2018,1127049624
11.11.2018,1092704166
12.11.2018,1067032042
13.11.2018,1202113962
14.11.2018,1352668808
15.11.2018,1525841124
16.11.2018,1632332010
17.11.2018,1778018865
18.11.2018,1912815938
19.11.2018,1995130660
20.11.2018,2117500169
21.11.2018,2145522172
22.11.2018,2099857894
23.11.2018,2036434865
24.11.2018,1936717449
25.11.2018,1867211761
26.11.2018,1945023678
27.11.2018,2085102647
28.11.2018,2147115797
29.11.2018,1984518415
30.11.2018,1825585735
01.12.2018,1707382327
02.12.2018,1485150853
03.12.2018,1332375200
04.12.2018,1643586101
05.12.2018,1861643346
06.12.2018,1579470123
07.12.2018,1430745174
08.12.2018,1593852538
09.12.2018,1660556715
10.12.2018,1921823802
11.12.2018,2003759186
12.12.2018,2087528634
13.12.2018,2228943102
14.12.2018,2319051613
15.12.2018,2408013360
16.12.2018,2400605204
17.12.2018,2206010863
18.12.2018,2069077546
19.12.2018,2034573661
20.12.2018,1871180647
21.12.2018,1662348512
22.12.2018,1568436451
23.12.2018,1593446142
24.12.2018,1855214191
25.12.2018,1952260531
26.12.2018,2037398244
27.12.2018,2065180005
28.12.2018,2053819714
29.12.2018,1940178216
30.12.2018,1813023340
31.12.2018,1710972695
01.01.2019,696229906
02.01.2019,2140348303
03.01.2019,2302012492
04.01.2019,2200122399
05.01.2019,1975276697
06.01.2019,1952643892
07.01.2019,1981341638
08.01.2019,2046639001
09.01.2019,2251167534
10.01.2019,2337366362
11.01.2019,2215158062
12.01.2019,2021973083
13.01.2019,1899191192
14.01.2019,2138072886
15.01.2019,2086602785
16.01.2019,1996667042
17.01.2019,2101529480
18.01.2019,2353836834
19.01.2019,2481994565
20.01.2019,2652446424
21.01.2019,2796296651
22.01.2019,2798917779
23.01.2019,2862176094
24.01.2019,2898319422
25.01.2019,2750579718
26.01.2019,2292293146
27.01.2019,2103159570
28.01.2019,2307491543
29.01.2019,2386561947
30.01.2019,2483761249
31.01.2019,2454796168
01.02.2019,2355412369
02.02.2019,2269778794
03.02.2019,2323443249
04.02.2019,2353718778
05.02.2019,2304792866
06.02.2019,2229270250
07.02.2019,2120115793
08.02.2019,1925943480
09.02.2019,1772878013
10.02.2019,1814427443
11.02.2019,2032127330
12.02.2019,2085978371
13.02.2019,1985420533
14.02.2019,1898132269
15.02.2019,1742048863
16.02.2019,1610490649
17.02.2019,1586402148
18.02.2019,1560682378
19.02.2019,1653357018
20.02.2019,1642689842
21.02.2019,1544594152
22.02.2019,1599054229
23.02.2019,1788795394
24.02.2019,1705100502
25.02.2019,1570141770
26.02.2019,1478805986
27.02.2019,1356345664
28.02.2019,1341456842
01.03.2019,1511062049
02.03.2019,1531424010
03.03.2019,1380574664
04.03.2019,1483142265
05.03.2019,1665318314
06.03.2019,1463627649
07.03.2019,1401109827
08.03.2019,1521227919
09.03.2019,1502597693
10.03.2019,1612904653
11.03.2019,1908105466
12.03.2019,1748382733
13.03.2019,1782257052
14.03.2019,1818264630
15.03.2019,1637988573
16.03.2019,1524045989
17.03.2019,1550287868
18.03.2019,1751302762
19.03.2019,1712520078
20.03.2019,1560390346
21.03.2019,1316542982
22.03.2019,1133277444
23.03.2019,1175841182
24.03.2019,1287804695
25.03.2019,1541935720
26.03.2019,1596008819
27.03.2019,1466726586
28.03.2019,1321936654
29.03.2019,1101078406
30.03.2019,920865245
31.03.2019,1107433579
01.04.2019,1168239726
02.04.2019,1056508724
03.04.2019,1125632338
04.04.2019,1302267982
05.04.2019,1321620439
06.04.2019,1013794620
07.04.2019,853245435
08.04.2019,889350149
09.04.2019,1029528341
10.04.2019,1203422272
11.04.2019,1360971945
12.04.2019,1568322802
13.04.2019,1633801613
14.04.2019,1562872881
15.04.2019,1221094935
16.04.2019,1029204751
17.04.2019,898909356
18.04.2019,716792813
19.04.2019,582104332
20.04.2019,550103054
21.04.2019,520271373
22.04.2019,498108515
23.04.2019,497854960
24.04.2019,453722109
25.04.2019,461529206
26.04.2019,613061466
27.04.2019,763593086
28.04.2019,895262545
29.04.2019,973996464
30.04.2019,830644426
01.05.2019,778913263
02.05.2019,833074093
03.05.2019,977691408
04.05.2019,1205726410
05.05.2019,1227309794
06.05.2019,1243519811
07.05.2019,1128249106
08.05.2019,1055307635
09.05.2019,909051477
10.05.2019,880961513
11.05.2019,952344887
12.05.2019,981438825
13.05.2019,925430896
14.05.2019,930116117
15.05.2019,921243950
16.05.2019,972199277
17.05.2019,808138615
18.05.2019,564111616
19.05.2019,488162523
20.05.2019,552476797
21.05.2019,663037172
22.05.2019,680252235
23.05.2019,542516984
24.05.2019,441400463
25.05.2019,479927514
26.05.2019,451996057
27.05.2019,443864561
28.05.2019,543601370
29.05.2019,562185750
30.05.2019,482350952
31.05.2019,367254364
01.06.2019,301903883
02.06.2019,258241363
03.06.2019,253949306
04.06.2019,253475406
05.06.2019,229347128
06.06.2019,292196980
07.06.2019,290049757
08.06.2019,321237261
09.06.2019,293480421
10.06.2019,279066095
11.06.2019,286539720
12.06.2019,310032595
13.06.2019,295897111
14.06.2019,253743588
15.06.2019,248142516
16.06.2019,269938683
17.06.2019,244883494
18.06.2019,226485972
19.06.2019,208953349
20.06.2019,223950751
21.06.2019,248145579
22.06.2019,241582940
23.06.2019,227848971
24.06.2019,202970443
25.06.2019,198339234
26.06.2019,195931813
27.06.2019,213001716
28.06.2019,218752811
29.06.2019,196138416
30.06.2019,181937841
01.07.2019,197830923
02.07.2019,225335398
03.07.2019,241366030
04.07.2019,258847308
05.07.2019,242111553
06.07.2019,231929590
07.07.2019,273056504
08.07.2019,314400095
09.07.2019,331605469
10.07.2019,297154290
11.07.2019,286848885
12.07.2019,272096103
13.07.2019,282704459
14.07.2019,305869620
15.07.2019,320733788
16.07.2019,331844201
17.07.2019,292324434
18.07.2019,254912281
19.07.2019,228239827
20.07.2019,221597698
21.07.2019,220599989
22.07.2019,213438483
23.07.2019,198811878
24.07.2019,186140058
25.07.2019,175864230
26.07.2019,178249468
27.07.2019,172865253
28.07.2019,189760272
29.07.2019,198340695
30.07.2019,197766751
31.07.2019,206528602
01.08.2019,209960640
02.08.2019,208637209
03.08.2019,218261510
04.08.2019,212755058
05.08.2019,208483857
06.08.2019,204523701
07.08.2019,222121911
08.08.2019,218477140
09.08.2019,212528723
10.08.2019,206953756
11.08.2019,214188251
12.08.2019,231412022
13.08.2019,272078743
14.08.2019,274902903
15.08.2019,274605923
16.08.2019,259704032
17.08.2019,245600012
18.08.2019,251747134
19.08.2019,248468010
20.08.2019,277405953
21.08.2019,282488323
22.08.2019,261397289
23.08.2019,245631024
24.08.2019,219171552
25.08.2019,201228389
26.08.2019,196973229
27.08.2019,197936959
28.08.2019,189268984
29.08.2019,201218615
30.08.2019,205735891
31.08.2019,193949368
01.09.2019,210388064
02.09.2019,253661053
03.09.2019,281732770
04.09.2019,270532531
05.09.2019,327129826
06.09.2019,353797683
07.09.2019,371928806
08.09.2019,426008676
09.09.2019,477490838
10.09.2019,476865458
11.09.2019,431236415
12.09.2019,355317602
13.09.2019,348847143
14.09.2019,375293007
15.09.2019,367817171
16.09.2019,407652127
17.09.2019,497743750
18.09.2019,582922353
19.09.2019,638645139
20.09.2019,639920389
21.09.2019,534879058
22.09.2019,444581082
23.09.2019,475082123
24.09.2019,478645610
25.09.2019,497624404
26.09.2019,500372677
27.09.2019,495689739
28.09.2019,521493303
29.09.2019,548554526
30.09.2019,584882492
01.10.2019,620141020
02.10.2019,758095566
03.10.2019,856922987
04.10.2019,948311839
05.10.2019,982094167
06.10.2019,1126613633
07.10.2019,1119263649
08.10.2019,999552631
09.10.2019,987253459
10.10.2019,996071800
11.10.2019,908054356
12.10.2019,720955004
13.10.2019,557531889
14.10.2019,522932417
15.10.2019,571999874
16.10.2019,707547362
17.10.2019,706283429
18.10.2019,738899132
19.10.2019,822375392
20.10.2019,797506253
21.10.2019,775792757
22.10.2019,840095376
23.10.2019,845469707
24.10.2019,772334904
25.10.2019,767080285
26.10.2019,749532153
27.10.2019,935389271
28.10.2019,1199728712
29.10.2019,1365330692
30.10.2019,1575499819
31.10.2019,1661092205
01.11.2019,1571050941
02.11.2019,1143462942
03.11.2019,1104083012
04.11.2019,1163714481
05.11.2019,1251408449
06.11.2019,1354427283
07.11.2019,1431139237
08.11.2019,1527206418
09.11.2019,1622409020
10.11.2019,1756361300
11.11.2019,1886453589
12.11.2019,1831189926
13.11.2019,1847445280
14.11.2019,1829772432
15.11.2019,1818347803
16.11.2019,1808532302
17.11.2019,1870554117
18.11.2019,1819688201
19.11.2019,1856219664
20.11.2019,1960514701
21.11.2019,1894605023
22.11.2019,1806393700
23.11.2019,1722613412
24.11.2019,1767396716
25.11.2019,1795185318
26.11.2019,1624362675
27.11.2019,1518047181
28.11.2019,1486054698
29.11.2019,1738000618
30.11.2019,1949971961
01.12.2019,2100994294
02.12.2019,2094058242
03.12.2019,2014506660
04.12.2019,2117674108
05.12.2019,2281220086
06.12.2019,2108926191
07.12.2019,1740607162
08.12.2019,1646065677
09.12.2019,1799958006
10.12.2019,2021554155
11.12.2019,2074871902
12.12.2019,2086623547
13.12.2019,2110544948
14.12.2019,1933132404
15.12.2019,1773397677
16.12.2019,1743941065
17.12.2019,1528926021
18.12.2019,1613342985
19.12.2019,1657392979
20.12.2019,1612860101
21.12.2019,1615892445
22.12.2019,1660824244
23.12.2019,1666311646
24.12.2019,1661836802
25.12.2019,1663021794
26.12.2019,1781303063
27.12.2019,1942614843
28.12.2019,2196020372
29.12.2019,2281683411
30.12.2019,2133681316
31.12.2019,2118719569
01.01.2020,2237244494
02.01.2020,2312545112
03.01.2020,1993149043
04.01.2020,1997654927
05.01.2020,2002762198
06.01.2020,2091263035
07.01.2020,2033858403
08.01.2020,1828970139
09.01.2020,1579485757
10.01.2020,1657025942
11.01.2020,1900544367
12.01.2020,1951101884
13.01.2020,1884993483
14.01.2020,1726653520
15.01.2020,1561396368
16.01.2020,1652306138
17.01.2020,1727036087
18.01.2020,1886319665
19.01.2020,2008965129
20.01.2020,2129911024
21.01.2020,2262536485
22.01.2020,2299207262
23.01.2020,2264457721
24.01.2020,2333881498
25.01.2020,2266029063
26.01.2020,2107669599
27.01.2020,1931474036
28.01.2020,2021586360
29.01.2020,2089906511
30.01.2020,1823229803
31.01.2020,1461843789
01.02.2020,1404252514
02.02.2020,1522305237
03.02.2020,1573694671
04.02.2020,1866065088
05.02.2020,1974288069
06.02.2020,2038598603
07.02.2020,1991017407
08.02.2020,1899047379
09.02.2020,1602883728
10.02.2020,1751527255
11.02.2020,1998992523
12.02.2020,2074918641
13.02.2020,2055303341
14.02.2020,1891345649
15.02.2020,1626933902
16.02.2020,1367280740
17.02.2020,1570796572
18.02.2020,1711871574
19.02.2020,1838982397
20.02.2020,1792550685
21.02.2020,1787596700
22.02.2020,1628077506
23.02.2020,1615269341
24.02.2020,1690426310
25.02.2020,1675553578
26.02.2020,1975532180
27.02.2020,2070392415
28.02.2020,1935450652
29.02.2020,1652450459
01.03.2020,1651502579
02.03.2020,1670315964
03.03.2020,1786482407
04.03.2020,1825088029
05.03.2020,1775108391
06.03.2020,1848661568
07.03.2020,1780599800
08.03.2020,1606927494
09.03.2020,1612604031
10.03.2020,1631865306
11.03.2020,1322995215
12.03.2020,1371936898
13.03.2020,1612130748
14.03.2020,1592359512
15.03.2020,1403288093
16.03.2020,1237359738
17.03.2020,1194835362
18.03.2020,1113719756
19.03.2020,1080041133
20.03.2020,1264657009
21.03.2020,1603499318
22.03.2020,1728199929
23.03.2020,1837054947
24.03.2020,1790321163
25.03.2020,1718452989
26.03.2020,1635155006
27.03.2020,1337660420
28.03.2020,1190228963
29.03.2020,1711970300
30.03.2020,1855914305
31.03.2020,1786967240
01.04.2020,1678317849
02.04.2020,1512324857
03.04.2020,1482430752
04.04.2020,1295557672
05.04.2020,1046158503
06.04.2020,828948181
07.04.2020,735751569
08.04.2020,645628013
09.04.2020,656251790
10.04.2020,722744817
11.04.2020,694650541
12.04.2020,590700974
13.04.2020,906781808
14.04.2020,1169530371
15.04.2020,1015557171
16.04.2020,767565936
17.04.2020,688581975
18.04.2020,643990964
19.04.2020,717249654
20.04.2020,762172398
21.04.2020,711237749
22.04.2020,632640992
23.04.2020,570969278
24.04.2020,562027527
25.04.2020,660171433
26.04.2020,666260411
27.04.2020,566205992
28.04.2020,592612313
29.04.2020,666300746
30.04.2020,714047124
01.05.2020,763588379
02.05.2020,863168256
03.05.2020,798822479
04.05.2020,840602746
05.05.2020,891856768
06.05.2020,813969026
07.05.2020,697780728
08.05.2020,542092530
09.05.2020,449761002
10.05.2020,471403683
11.05.2020,898407908
12.05.2020,961318048
13.05.2020,950621116
14.05.2020,931648771
15.05.2020,880518018
16.05.2020,736274828
17.05.2020,643201605
18.05.2020,525097401
19.05.2020,454228357
20.05.2020,442785991
21.05.2020,377870834
22.05.2020,350590193
23.05.2020,453258003
24.05.2020,536260323
25.05.2020,558827638
26.05.2020,508033003
27.05.2020,434215436
28.05.2020,447003182
29.05.2020,431915928
30.05.2020,418592477
31.05.2020,411227755
01.06.2020,346919697
02.06.2020,296424475
03.06.2020,285146678
04.06.2020,370943763
05.06.2020,494575248
06.06.2020,509087183
07.06.2020,512526483
08.06.2020,464107254
09.06.2020,471912391
10.06.2020,463758448
11.06.2020,430500248
12.06.2020,319032286
13.06.2020,269993038
14.06.2020,304805285
15.06.2020,319097302
16.06.2020,311515238
17.06.2020,292122601
18.06.2020,301794449
19.06.2020,310734616
20.06.2020,295960534
21.06.2020,278706423
22.06.2020,266318564
23.06.2020,259865799
24.06.2020,242659308
25.06.2020,234847683
26.06.2020,220502788
27.06.2020,209738675
28.06.2020,227871492
29.06.2020,256366158
30.06.2020,269499230
01.07.2020,259042231
02.07.2020,257750345
03.07.2020,273194762
04.07.2020,257075691
05.07.2020,253214437
06.07.2020,298598792
07.07.2020,322510955
08.07.2020,349139556
09.07.2020,321806364
10.07.2020,328983693
11.07.2020,331333786
12.07.2020,316626655
13.07.2020,284142914
14.07.2020,279701251
15.07.2020,304353751
16.07.2020,330582145
17.07.2020,294864824
18.07.2020,259254112
19.07.2020,230205424
20.07.2020,244865341
21.07.2020,267384734
22.07.2020,273470836
23.07.2020,256558579
24.07.2020,240553128
25.07.2020,227483198
26.07.2020,235040770
27.07.2020,235731575
28.07.2020,227865540
29.07.2020,261868162
30.07.2020,245114285
31.07.2020,222045737
01.08.2020,201776371
02.08.2020,217760399
03.08.2020,240674210
04.08.2020,263809512
05.08.2020,243076945
06.08.2020,217768058
07.08.2020,202878999
08.08.2020,182957977
09.08.2020,181488173
10.08.2020,186118751
11.08.2020,184491082
12.08.2020,178322724
13.08.2020,186170689
14.08.2020,197912257
15.08.2020,191488134
16.08.2020,193574966
17.08.2020,195000141
18.08.2020,207295140
19.08.2020,209457238
20.08.2020,194703616
21.08.2020,182591112
22.08.2020,200109462
23.08.2020,221621719
24.08.2020,248860650
25.08.2020,254597962
26.08.2020,271132236
27.08.2020,278662867
28.08.2020,272360929
29.08.2020,289114963
30.08.2020,317216147
31.08.2020,332397749
01.09.2020,354804128
02.09.2020,365861006
03.09.2020,374221259
04.09.2020,305117292
05.09.2020,338042728
06.09.2020,393103270
07.09.2020,394769020
08.09.2020,368676039
09.09.2020,326688528
10.09.2020,358455886
11.09.2020,346709505
12.09.2020,328960509
13.09.2020,315652416
14.09.2020,275970888
15.09.2020,244725308
16.09.2020,253714955
17.09.2020,329217767
18.09.2020,374256737
19.09.2020,375693679
20.09.2020,373277352
21.09.2020,364949337
22.09.2020,343681288
23.09.2020,323387639
24.09.2020,356601358
25.09.2020,513410410
26.09.2020,706350332
27.09.2020,755854763
28.09.2020,783596322
29.09.2020,796726161
30.09.2020,687502975
01.10.2020,702773068
02.10.2020,658387732
03.10.2020,689223729
04.10.2020,762821629
05.10.2020,863452664
06.10.2020,878460018
07.10.2020,901533136
08.10.2020,886520215
09.10.2020,838468340
10.10.2020,978559419
11.10.2020,1094940431
12.10.2020,1159761559
13.10.2020,1199676314
14.10.2020,1289126297
15.10.2020,1289991956
16.10.2020,1270150904
17.10.2020,1259828345
18.10.2020,1271533882
19.10.2020,1279025185
20.10.2020,1261862456
21.10.2020,1010985496
22.10.2020,816110689
23.10.2020,863372333
24.10.2020,908457863
25.10.2020,936147418
26.10.2020,1120379838
27.10.2020,1189608839
28.10.2020,1126604974
29.10.2020,1178044375
30.10.2020,1041205280
31.10.2020,934825917
01.11.2020,908488114
02.11.2020,706031097
03.11.2020,1024050770
04.11.2020,1294534252
05.11.2020,1445813417
06.11.2020,1430499581
07.11.2020,1392609947
08.11.2020,1371155772
09.11.2020,1415405699
10.11.2020,1512881538
11.11.2020,1452735247
12.11.2020,1410614128
13.11.2020,1328146761
14.11.2020,1126007752
15.11.2020,1114276034
16.11.2020,1266755015
17.11.2020,1270363391
18.11.2020,1234115823
19.11.2020,1445575452
20.11.2020,1759661348
21.11.2020,1784342435
22.11.2020,1654626882
23.11.2020,1689908631
24.11.2020,1803959336
25.11.2020,1879041488
26.11.2020,1853125808
27.11.2020,1902828263
28.11.2020,1989987268
29.11.2020,2149906314
30.11.2020,2299105890
01.12.2020,2137722222
02.12.2020,2192773857
03.12.2020,2244037239
04.12.2020,2131247905
05.12.2020,2053767479
06.12.2020,1985869931
07.12.2020,2039780047
08.12.2020,2080674328
09.12.2020,2178535212
10.12.2020,2259046622
11.12.2020,2198171624
12.12.2020,1970356927
13.12.2020,1864699829
14.12.2020,1853819011
15.12.2020,1755162399
16.12.2020,1687863196
17.12.2020,1722803233
18.12.2020,1782996699
19.12.2020,1735310573
20.12.2020,1722329677
21.12.2020,1741458920
22.12.2020,1424085066
23.12.2020,1416717797
24.12.2020,1681407351
25.12.2020,1947711690
26.12.2020,2077504883
27.12.2020,2142116542
28.12.2020,2091430022
29.12.2020,2112951267
30.12.2020,2108335613
31.12.2020,2133892890
01.01.2021,2075136371
02.01.2021,2103324649
03.01.2021,2196988523
04.01.2021,2323692382
05.01.2021,2300757238
06.01.2021,2294833366
07.01.2021,2334022845
08.01.2021,2340817453
09.01.2021,2339052217
10.01.2021,2378134170
11.01.2021,2499589037
12.01.2021,2367031995
13.01.2021,2382430857
14.01.2021,2458376365
15.01.2021,2518770127
16.01.2021,2548079838
17.01.2021,2478580213
18.01.2021,2358419104
19.01.2021,2238096908
20.01.2021,1986052713
21.01.2021,1820818010
22.01.2021,1924260689
23.01.2021,2062269712
24.01.2021,2232500134
25.01.2021,2369760021
26.01.2021,2369014568
27.01.2021,2336349983
28.01.2021,2151072691
29.01.2021,2057748707
30.01.2021,2255325841
31.01.2021,2390493482
01.02.2021,2345695026
02.02.2021,2070895490
03.02.2021,1858204668
04.02.2021,1903621492
05.02.2021,1961425904
06.02.2021,2184445665
07.02.2021,2592788705
08.02.2021,2931324034
09.02.2021,3070553312
10.02.2021,3149006923
11.02.2021,3108532430
12.02.2021,3189626294
13.02.2021,3153199559
14.02.2021,2983835147
15.02.2021,2807153291
16.02.2021,2244113200
17.02.2021,1958324006
18.02.2021,1838649694
19.02.2021,1737533730
20.02.2021,1484448427
21.02.2021,1378606755
22.02.2021,1454291678
23.02.2021,1256336813
24.02.2021,1115988911
25.02.2021,1115244795
26.02.2021,1437218201
27.02.2021,1632296994
28.02.2021,1677845339
01.03.2021,1755813836
02.03.2021,1636082263
03.03.2021,1570259353
04.03.2021,1748391897
05.03.2021,1986101274
06.03.2021,2006997615
07.03.2021,1993059359
08.03.2021,2029841720
09.03.2021,2043116617
10.03.2021,1857223188
11.03.2021,1673849397
12.03.2021,1709407396
13.03.2021,1764106072
14.03.2021,1824246380
15.03.2021,1881349293
16.03.2021,1903393955
17.03.2021,1988844263
18.03.2021,2014678144
19.03.2021,2079234648
20.03.2021,1997343918
21.03.2021,1892854805
22.03.2021,1863701251
23.03.2021,1776256405
24.03.2021,1489118588
25.03.2021,1351901042
26.03.2021,1169694369
27.03.2021,1407691556
28.03.2021,1341252431
29.03.2021,1048879449
30.03.2021,876547705
31.03.2021,740537290
01.04.2021,819541511
02.04.2021,1184102027
03.04.2021,1282628190
04.04.2021,1394099933
05.04.2021,1732877009
06.04.2021,1993457234
07.04.2021,2084298564
08.04.2021,1916126450
09.04.2021,1529311575
10.04.2021,1424434082
11.04.2021,1444798589
12.04.2021,1738803143
13.04.2021,1736029448
14.04.2021,1766707946
15.04.2021,1715358685
16.04.2021,1600225086
17.04.2021,1459149946
18.04.2021,1337887229
19.04.2021,1285562109
20.04.2021,1095488188
21.04.2021,1058702227
22.04.2021,1229183561
23.04.2021,1180745816
24.04.2021,1120028347
25.04.2021,1184381735
26.04.2021,1200917268
27.04.2021,1101822805
28.04.2021,886783925
29.04.2021,1006430037
30.04.2021,1145857494
01.05.2021,1083427571
02.05.2021,1226206854
03.05.2021,1200186621
04.05.2021,1210473879
05.05.2021,1331512989
06.05.2021,1336291697
07.05.2021,1335320563
08.05.2021,1035554898
09.05.2021,540665432
10.05.2021,459623973
11.05.2021,621360351
12.05.2021,706122241
13.05.2021,738465292
14.05.2021,751953479
15.05.2021,782564215
16.05.2021,779308519
17.05.2021,820891296
18.05.2021,853928908
19.05.2021,838716987
20.05.2021,786833804
21.05.2021,741207912
22.05.2021,827775137
23.05.2021,800979725
24.05.2021,728942856
25.05.2021,890628045
26.05.2021,916114875
27.05.2021,943728464
28.05.2021,764065017
29.05.2021,674586760
30.05.2021,583232881
31.05.2021,485356633
01.06.2021,411814639
02.06.2021,347672940
03.06.2021,296773326
04.06.2021,275658013
05.06.2021,292070014
06.06.2021,352126307
07.06.2021,333124630
08.06.2021,310386870
09.06.2021,283347886
10.06.2021,268834057
11.06.2021,248595707
12.06.2021,265482006
13.06.2021,305331135
14.06.2021,267924789
15.06.2021,253926364
16.06.2021,237002034
17.06.2021,209293721
18.06.2021,201779749
19.06.2021,190764890
20.06.2021,197140002
21.06.2021,234161008
22.06.2021,278489731
23.06.2021,277913035
24.06.2021,289111485
25.06.2021,268913254
26.06.2021,243731053
27.06.2021,229809882
28.06.2021,215576836
29.06.2021,230156443
30.06.2021,277210223
01.07.2021,335022680
02.07.2021,301909975
03.07.2021,253625268
04.07.2021,253399762
05.07.2021,257383324
06.07.2021,252422942
07.07.2021,260732706
08.07.2021,268340214
09.07.2021,282252307
10.07.2021,259736669
11.07.2021,254357364
12.07.2021,236725877
13.07.2021,240345466
14.07.2021,273905461
15.07.2021,261489793
16.07.2021,256211533
17.07.2021,239813609
18.07.2021,231285165
19.07.2021,246540983
20.07.2021,256058150
21.07.2021,238008619
22.07.2021,223721303
23.07.2021,224288658
24.07.2021,223713478
25.07.2021,205862057
26.07.2021,188600212
27.07.2021,199994687
28.07.2021,221544088
29.07.2021,245341200
30.07.2021,223177574
31.07.2021,243523466
01.08.2021,268162032
02.08.2021,290665661
03.08.2021,302791810
04.08.2021,288047618
05.08.2021,277708554
06.08.2021,272934931
07.08.2021,262372122
08.08.2021,291372711
09.08.2021,290496947
10.08.2021,281458187
11.08.2021,264336313
12.08.2021,240976117
13.08.2021,226443887
14.08.2021,221365637
15.08.2021,217781525
16.08.2021,276960059
17.08.2021,334928611
18.08.2021,320697476
19.08.2021,308121816
20.08.2021,293233809
21.08.2021,264556500
22.08.2021,276905506
23.08.2021,308167219
24.08.2021,332638659
25.08.2021,336860712
26.08.2021,370610135
27.08.2021,409166582
28.08.2021,415739165
29.08.2021,446001535
30.08.2021,421281864
31.08.2021,409130147
01.09.2021,408168384
02.09.2021,387385733
03.09.2021,349491384
04.09.2021,351612830
05.09.2021,350072690
06.09.2021,328459617
07.09.2021,310515121
08.09.2021,297868250
09.09.2021,274398300
10.09.2021,256310390
11.09.2021,268233615
12.09.2021,297373008
13.09.2021,320808438
14.09.2021,305442638
15.09.2021,298564104
16.09.2021,350602391
17.09.2021,396965724
18.09.2021,407564876
19.09.2021,476686363
20.09.2021,563470678
21.09.2021,605735454
22.09.2021,590433140
23.09.2021,548385525
24.09.2021,514966917
25.09.2021,434975610
26.09.2021,382811263
27.09.2021,393726728
28.09.2021,494963550
29.09.2021,631907991
30.09.2021,730718069
01.10.2021,674461173
02.10.2021,580725417
03.10.2021,536371792
04.10.2021,669497546
05.10.2021,729807866
06.10.2021,824443626
07.10.2021,835060363
08.10.2021,858073706
09.10.2021,899048906
10.10.2021,1021798938
11.10.2021,1068408721
12.10.2021,1139216757
13.10.2021,1186858337
14.10.2021,1114859560
15.10.2021,1105070133
16.10.2021,1167290893
17.10.2021,1169987221
18.10.2021,1133456945
19.10.2021,1021633154
20.10.2021,844391782
21.10.2021,1045673896
22.10.2021,1284193065
23.10.2021,1290569356
24.10.2021,1325944873
25.10.2021,1333398117
26.10.2021,1170095260
27.10.2021,1102247632
28.10.2021,1145191788
29.10.2021,1153355258
30.10.2021,1192742565
31.10.2021,978800243
01.11.2021,1134781620
02.11.2021,1297742928
03.11.2021,1408118449
04.11.2021,1492249707
05.11.2021,1461158659
06.11.2021,1446374357
07.11.2021,1456371418
08.11.2021,1491208692
09.11.2021,1524796766
10.11.2021,1698172487
11.11.2021,1719413963
12.11.2021,1711018870
13.11.2021,1602837093
14.11.2021,1520438352
15.11.2021,1663524155
16.11.2021,1721380193
17.11.2021,1720646991
18.11.2021,1607520310
19.11.2021,1464505051
20.11.2021,1429620896
21.11.2021,1577475534
22.11.2021,1842760085
23.11.2021,1884126493
24.11.2021,1861632565
25.11.2021,1973260372
26.11.2021,2008363850
27.11.2021,2014954090
28.11.2021,2063702014
29.11.2021,2190664381
30.11.2021,2085467427
01.12.2021,1893830093
02.12.2021,2149640222
03.12.2021,2232960250
04.12.2021,2048664465
05.12.2021,2058869041
06.12.2021,2208590765
07.12.2021,2214530915
08.12.2021,2196624848
09.12.2021,2221616973
10.12.2021,2225641389
11.12.2021,2212911800
12.12.2021,2029315515
13.12.2021,1805970584
14.12.2021,1770016119
15.12.2021,1694060020
16.12.2021,1697989626
17.12.2021,1740207416
18.12.2021,1781406863
19.12.2021,1849108155
20.12.2021,2168698539
21.12.2021,2480134199
22.12.2021,2615673977
23.12.2021,2379645543
24.12.2021,2004143673
25.12.2021,2322068501
26.12.2021,2437226469
27.12.2021,2213624871
28.12.2021,1949558277
29.12.2021,1739834192
30.12.2021,1393868319
31.12.2021,1268046607
01.01.2022,1252753266
02.01.2022,1360625085
03.01.2022,1479027603
04.01.2022,1645952383
05.01.2022,2002780611
06.01.2022,2140839885
07.01.2022,2228729560
08.01.2022,2194061926
09.01.2022,2133477725
10.01.2022,2223632537
11.01.2022,2312254854
12.01.2022,2289370704
13.01.2022,2262362036
14.01.2022,2210558821
15.01.2022,2191562702
16.01.2022,2181553228
17.01.2022,2113106286
18.01.2022,2024411194
19.01.2022,2140840949
20.01.2022,2316597548
21.01.2022,2275575019
22.01.2022,2053440811
23.01.2022,1968577669
24.01.2022,2062862378
25.01.2022,2171196616
26.01.2022,2279417607
27.01.2022,2210985237
28.01.2022,2085516758
29.01.2022,1923781399
30.01.2022,1980528191
31.01.2022,2157531776
01.02.2022,2125076888
02.02.2022,1955667975
03.02.2022,1859137124
04.02.2022,1876605692
05.02.2022,1934449396
06.02.2022,1969825385
07.02.2022,2076997308
08.02.2022,1874880755
09.02.2022,1721810418
10.02.2022,1811410807
11.02.2022,2043748308
12.02.2022,2094707296
13.02.2022,1909002541
14.02.2022,1734197359
15.02.2022,1756881896
16.02.2022,1632848941
17.02.2022,1618385655
18.02.2022,1659063372
19.02.2022,1771331073
20.02.2022,1723904674
21.02.2022,1925440055
22.02.2022,1847915614
23.02.2022,1669124470
24.02.2022,1722604396
25.02.2022,1952413453
26.02.2022,1903928342
27.02.2022,1896297426
28.02.2022,1955543153
01.03.2022,1949230941
02.03.2022,1940609843
03.03.2022,1933855702
04.03.2022,1995911515
05.03.2022,1970611827
06.03.2022,2062068054
07.03.2022,2058638710
08.03.2022,1913393078
09.03.2022,1747108375
10.03.2022,1600054587
11.03.2022,1607691332
12.03.2022,1489418177
13.03.2022,1374906836
14.03.2022,1447277773
15.03.2022,1524676880
16.03.2022,1397217094
17.03.2022,1496129360
18.03.2022,1414433322
19.03.2022,1417150571
20.03.2022,1384831325
21.03.2022,1268747521
22.03.2022,1173830492
23.03.2022,1100568235
24.03.2022,1062509328
25.03.2022,1026859991
26.03.2022,934967143
27.03.2022,956140525
28.03.2022,962827111
29.03.2022,1052426109
30.03.2022,1247158962
31.03.2022,1526473534
01.04.2022,1860611518
02.04.2022,1903990736
03.04.2022,1799333858
04.04.2022,1828848551
05.04.2022,1580489751
06.04.2022,1346210778
07.04.2022,1337262787
08.04.2022,1498092506
09.04.2022,1536490413
10.04.2022,1522531890
11.04.2022,1274257570
12.04.2022,938551278
13.04.2022,724021591
14.04.2022,718785311
15.04.2022,885138101
16.04.2022,938260167
17.04.2022,902752033
18.04.2022,843253313
19.04.2022,847510774
20.04.2022,860879916
21.04.2022,883081243
22.04.2022,828861212
23.04.2022,763365640
24.04.2022,857620520
25.04.2022,937098548
26.04.2022,948753066
27.04.2022,875351519
28.04.2022,785623938
29.04.2022,764315403
30.04.2022,816820587
01.05.2022,800946007
02.05.2022,681788792
03.05.2022,649717338
04.05.2022,634291608
05.05.2022,616627648
06.05.2022,552963044
07.05.2022,494047593
08.05.2022,522818046
09.05.2022,443422141
10.05.2022,354520923
11.05.2022,317977344
12.05.2022,343927073
13.05.2022,389310681
14.05.2022,367986292
15.05.2022,339211187
16.05.2022,313241704
17.05.2022,298295920
18.05.2022,272304249
19.05.2022,250560875
20.05.2022,266709313
21.05.2022,316942340
22.05.2022,309578162
23.05.2022,287784865
24.05.2022,337086519
25.05.2022,343175078
26.05.2022,336219538
27.05.2022,376411641
28.05.2022,441574081
29.05.2022,518488210
30.05.2022,532394814
31.05.2022,469219777
01.06.2022,459219863
02.06.2022,420923946
03.06.2022,335752380
04.06.2022,293230060
05.06.2022,278782645
06.06.2022,283939090
07.06.2022,306700428
08.06.2022,309593381
09.06.2022,328792647
10.06.2022,292801187
11.06.2022,252128452
12.06.2022,249173921
13.06.2022,295328590
14.06.2022,296075887
15.06.2022,261752274
16.06.2022,241008480
17.06.2022,227168937
18.06.2022,205157026
19.06.2022,222636320
20.06.2022,261825619
21.06.2022,254102018
22.06.2022,237018605
23.06.2022,208039226
24.06.2022,210451785
25.06.2022,200906648
26.06.2022,200859008
27.06.2022,217474259
28.06.2022,222739391
29.06.2022,206944729
30.06.2022,202090476
01.07.2022,236455076
02.07.2022,215867543
03.07.2022,201908047
04.07.2022,210586480
05.07.2022,217891194
06.07.2022,231124473
07.07.2022,258095022
08.07.2022,253273012
09.07.2022,237308890
10.07.2022,262792517
11.07.2022,251455647
12.07.2022,227801746
13.07.2022,203313175
14.07.2022,215616336
15.07.2022,226103248
16.07.2022,227687993
17.07.2022,222357834
18.07.2022,197468674
19.07.2022,185801496
20.07.2022,172328912
21.07.2022,189826302
22.07.2022,191673636
23.07.2022,193119524
24.07.2022,183941246
25.07.2022,172213230
26.07.2022,185726324
27.07.2022,214769029
28.07.2022,215619464
29.07.2022,200416583
30.07.2022,190159911
31.07.2022,188163134
01.08.2022,189309415
02.08.2022,189637655
03.08.2022,175268308
04.08.2022,167774980
05.08.2022,187817303
06.08.2022,198477377
07.08.2022,198477086
08.08.2022,199143211
09.08.2022,190916629
10.08.2022,180778355
11.08.2022,182068421
12.08.2022,177860896
13.08.2022,170117650
14.08.2022,169318202
15.08.2022,162931235
16.08.2022,173207080
17.08.2022,176107672
18.08.2022,180697134
19.08.2022,180711706
20.08.2022,183992801
21.08.2022,187358493
22.08.2022,187221356
23.08.2022,187044750
24.08.2022,179565199
25.08.2022,174625338
26.08.2022,176503926
27.08.2022,187224858
28.08.2022,195853336
29.08.2022,204605287
30.08.2022,208040599
31.08.2022,219117259
01.09.2022,220055700
02.09.2022,220273969
03.09.2022,213287324
04.09.2022,207599242
05.09.2022,198901236
06.09.2022,199459303
07.09.2022,200360973
08.09.2022,223574279
09.09.2022,233657651
10.09.2022,242179118
11.09.2022,256056560
12.09.2022,245644016
13.09.2022,234417077
14.09.2022,258814841
15.09.2022,286452482
16.09.2022,344776665
17.09.2022,404319351
18.09.2022,489680928
19.09.2022,535049679
20.09.2022,569783866
21.09.2022,591801676
22.09.2022,572699816
23.09.2022,540373586
24.09.2022,528366186
25.09.2022,540825945
26.09.2022,615393388
27.09.2022,707548160
28.09.2022,774725272
29.09.2022,777170512
30.09.2022,728684672
01.10.2022,722433149
02.10.2022,663779511
03.10.2022,670041832
04.10.2022,638215021
05.10.2022,553725908
06.10.2022,551600061
07.10.2022,586873445
08.10.2022,617378776
09.10.2022,677964297
10.10.2022,645844644
11.10.2022,694648523
12.10.2022,727386373
13.10.2022,697521221
14.10.2022,620737441
15.10.2022,544205864
16.10.2022,499622610
17.10.2022,450083979
18.10.2022,487820374
19.10.2022,617491487
20.10.2022,693175109
21.10.2022,608818966
22.10.2022,556694032
23.10.2022,560721675
24.10.2022,541408305
25.10.2022,587446250
26.10.2022,582322183
27.10.2022,527640000
28.10.2022,437303026
29.10.2022,459072110
30.10.2022,459210789
31.10.2022,523392287
01.11.2022,559075781
02.11.2022,701449351
03.11.2022,784586596
04.11.2022,849127958
05.11.2022,928358949
06.11.2022,956138875
07.11.2022,901597957
08.11.2022,830841581
09.11.2022,811381324
10.11.2022,876127430
11.11.2022,974394393
12.11.2022,1061506469
13.11.2022,1123015655
14.11.2022,1174388910
15.11.2022,1040034496
16.11.2022,1083548141
17.11.2022,1199489189
18.11.2022,1379482468
19.11.2022,1627340571
20.11.2022,1658436646
21.11.2022,1676679213
22.11.2022,1603151340
23.11.2022,1457028076
24.11.2022,1436383465
25.11.2022,1411128882
26.11.2022,1409378190
27.11.2022,1483468131
28.11.2022,1515761548
29.11.2022,1472648832
30.11.2022,1533587634
01.12.2022,1671268718
02.12.2022,1825649284
03.12.2022,1905346376
04.12.2022,1872912040
05.12.2022,1861421071
06.12.2022,1817512207
07.12.2022,1822945293
08.12.2022,1907429243
09.12.2022,2005231243
10.12.2022,2082430658
11.12.2022,2159950913
12.12.2022,2360408284
13.12.2022,2524348342
14.12.2022,2583242565
15.12.2022,2601314305
16.12.2022,2598316769
17.12.2022,2671248391
18.12.2022,2645512401
19.12.2022,2224398352
20.12.2022,1774009355
21.12.2022,1583486968
22.12.2022,1436065965
23.12.2022,1346461683
24.12.2022,1310892818
25.12.2022,1273164871
26.12.2022,1348385281
27.12.2022,1607745899
28.12.2022,1485115640
29.12.2022,1343309563
30.12.2022,1346200357
31.12.2022,989469481
01.01.2023,965878669
02.01.2023,1106075626
03.01.2023,1351971295
04.01.2023,1320095452
05.01.2023,1246952058
06.01.2023,1222775495
07.01.2023,1213260058
08.01.2023,1299332142
09.01.2023,1457303141
10.01.2023,1545043794
11.01.2023,1442335841
12.01.2023,1400656224
13.01.2023,1405092583
14.01.2023,1415740025
15.01.2023,1541571140
16.01.2023,1708862139
17.01.2023,1867483061
18.01.2023,2076230229
19.01.2023,2118172700
20.01.2023,2147861832
21.01.2023,2197466457
22.01.2023,2117339097
23.01.2023,2094690932
24.01.2023,2090718737
25.01.2023,2189517047
26.01.2023,2176841072
27.01.2023,2076728859
28.01.2023,2115620452
29.01.2023,2136529962
30.01.2023,2012650888
31.01.2023,1935380093
01.02.2023,1847814043
02.02.2023,1796988175
03.02.2023,1777399400
04.02.2023,1686194817
05.02.2023,1868081397
06.02.2023,2034717563
07.02.2023,2131935853
08.02.2023,2173651488
09.02.2023,2118617936
10.02.2023,1904935751
11.02.2023,1666342033
12.02.2023,1532376633
13.02.2023,1580907737
14.02.2023,1628700458
15.02.2023,1702703301
16.02.2023,2115587132
17.02.2023,1313154752
18.02.2023,1270833986
19.02.2023,1354536134
20.02.2023,1371915384
21.02.2023,1303774446
22.02.2023,1246746948
23.02.2023,1291902619
24.02.2023,1617822880
25.02.2023,1859504895
26.02.2023,1914398363
27.02.2023,1986474744
