"Date","Wind10int"
2018-01-01,5.8806777
2018-01-02,4.7115173
2018-01-03,7.923064
2018-01-04,5.718838
2018-01-05,4.8538976
2018-01-06,2.616129
2018-01-07,4.1891456
2018-01-08,4.67422
2018-01-09,4.3067045
2018-01-10,2.3431795
2018-01-11,1.4818088
2018-01-12,2.1878798
2018-01-13,3.6511695
2018-01-14,3.826439
2018-01-15,5.511439
2018-01-16,5.929723
2018-01-17,5.82256
2018-01-18,6.884846
2018-01-19,3.7985148
2018-01-20,3.2050965
2018-01-21,2.5115025
2018-01-22,3.656923
2018-01-23,3.8212967
2018-01-24,5.5840783
2018-01-25,3.6525972
2018-01-26,1.76924
2018-01-27,2.9475174
2018-01-28,6.0178022
2018-01-29,6.6147456
2018-01-30,4.170901
2018-01-31,5.407919
2018-02-01,4.497522
2018-02-02,3.8321507
2018-02-03,2.4258358
2018-02-04,2.7897222
2018-02-05,3.3862917
2018-02-06,2.4638662
2018-02-07,1.8986957
2018-02-08,1.4585977
2018-02-09,2.408918
2018-02-10,2.5150747
2018-02-11,4.899863
2018-02-12,4.1282716
2018-02-13,2.8776248
2018-02-14,2.9007936
2018-02-15,4.387655
2018-02-16,3.0392203
2018-02-17,2.2179947
2018-02-18,2.2154367
2018-02-19,1.7696245
2018-02-20,2.341172
2018-02-21,2.9919589
2018-02-22,3.8977578
2018-02-23,4.2577004
2018-02-24,5.244118
2018-02-25,4.305739
2018-02-26,4.4650407
2018-02-27,3.7920244
2018-02-28,4.89381
2018-03-01,5.642866
2018-03-02,4.343012
2018-03-03,3.6563218
2018-03-04,3.665459
2018-03-05,3.053512
2018-03-06,2.1757524
2018-03-07,2.8337486
2018-03-08,4.4537992
2018-03-09,3.6168563
2018-03-10,3.1359632
2018-03-11,2.840639
2018-03-12,3.0587997
2018-03-13,4.742441
2018-03-14,2.7376153
2018-03-15,5.061162
2018-03-16,4.8908596
2018-03-17,6.6762714
2018-03-18,6.30118
2018-03-19,3.2510176
2018-03-20,3.5764356
2018-03-21,2.787413
2018-03-22,3.84505
2018-03-23,2.0354116
2018-03-24,2.2534652
2018-03-25,1.5403488
2018-03-26,2.240427
2018-03-27,2.3011093
2018-03-28,4.3323555
2018-03-29,3.9542289
2018-03-30,3.3565886
2018-03-31,3.256188
2018-04-01,4.4478526
2018-04-02,3.0707548
2018-04-03,3.7356248
2018-04-04,3.5899844
2018-04-05,5.2833247
2018-04-06,3.3802664
2018-04-07,3.7838097
2018-04-08,2.6440384
2018-04-09,2.2686403
2018-04-10,3.485975
2018-04-11,3.7233908
2018-04-12,4.0982404
2018-04-13,3.3669462
2018-04-14,2.9530182
2018-04-15,1.73529
2018-04-16,2.0317376
2018-04-17,1.8543079
2018-04-18,2.1378908
2018-04-19,2.56075
2018-04-20,2.5037224
2018-04-21,2.2080855
2018-04-22,2.2942328
2018-04-23,3.7357135
2018-04-24,3.8401456
2018-04-25,4.923236
2018-04-26,4.332972
2018-04-27,2.6733708
2018-04-28,2.5821617
2018-04-29,2.826149
2018-04-30,5.1175327
2018-05-01,5.0520473
2018-05-02,2.6816685
2018-05-03,3.1348813
2018-05-04,3.1523302
2018-05-05,3.503537
2018-05-06,3.283268
2018-05-07,3.295486
2018-05-08,3.5094914
2018-05-09,2.8157527
2018-05-10,3.2776752
2018-05-11,2.1854944
2018-05-12,2.534155
2018-05-13,3.489019
2018-05-14,3.857082
2018-05-15,3.1555257
2018-05-16,3.111356
2018-05-17,4.0610523
2018-05-18,2.6731954
2018-05-19,2.0400195
2018-05-20,3.4278493
2018-05-21,3.8515716
2018-05-22,2.3484356
2018-05-23,3.063479
2018-05-24,3.5014381
2018-05-25,2.8347042
2018-05-26,2.3578894
2018-05-27,2.4607196
2018-05-28,2.7425203
2018-05-29,3.0340922
2018-05-30,2.0074916
2018-05-31,2.0229774
2018-06-01,2.4983833
2018-06-02,2.5345979
2018-06-03,2.1038578
2018-06-04,2.663883
2018-06-05,2.632501
2018-06-06,3.117454
2018-06-07,2.2675092
2018-06-08,2.062941
2018-06-09,2.0117495
2018-06-10,2.1289499
2018-06-11,2.8876436
2018-06-12,3.2213526
2018-06-13,3.7261264
2018-06-14,2.4489765
2018-06-15,1.5307686
2018-06-16,1.9612762
2018-06-17,3.0363467
2018-06-18,3.037304
2018-06-19,3.1757216
2018-06-20,2.485608
2018-06-21,4.9441414
2018-06-22,5.305942
2018-06-23,4.5583735
2018-06-24,3.3208983
2018-06-25,3.0783706
2018-06-26,2.4070191
2018-06-27,3.108828
2018-06-28,3.4956086
2018-06-29,3.2480807
2018-06-30,3.51509
2018-07-01,3.7671356
2018-07-02,2.7821238
2018-07-03,2.044269
2018-07-04,1.8265216
2018-07-05,2.70396
2018-07-06,3.7175198
2018-07-07,3.47388
2018-07-08,3.0785983
2018-07-09,3.499666
2018-07-10,2.798351
2018-07-11,2.4795504
2018-07-12,2.8829439
2018-07-13,2.615995
2018-07-14,2.3217833
2018-07-15,1.9053077
2018-07-16,1.6829736
2018-07-17,2.558842
2018-07-18,3.4255311
2018-07-19,2.5790174
2018-07-20,1.8511372
2018-07-21,2.004583
2018-07-22,2.0761673
2018-07-23,1.8554945
2018-07-24,1.6077187
2018-07-25,1.9545768
2018-07-26,2.6145947
2018-07-27,2.9381998
2018-07-28,3.0018015
2018-07-29,2.2423499
2018-07-30,1.8256408
2018-07-31,2.397304
2018-08-01,2.5200238
2018-08-02,2.1842985
2018-08-03,2.0890536
2018-08-04,2.365613
2018-08-05,3.425092
2018-08-06,2.0983703
2018-08-07,2.4884784
2018-08-08,3.1935978
2018-08-09,3.4537568
2018-08-10,4.1395535
2018-08-11,4.035857
2018-08-12,2.2674613
2018-08-13,2.951311
2018-08-14,3.9213953
2018-08-15,2.4671848
2018-08-16,2.2528846
2018-08-17,2.3923256
2018-08-18,2.2607918
2018-08-19,2.3396778
2018-08-20,3.0967257
2018-08-21,1.872616
2018-08-22,1.9712807
2018-08-23,2.3682344
2018-08-24,3.8232906
2018-08-25,3.812252
2018-08-26,2.9718103
2018-08-27,4.3323336
2018-08-28,2.075228
2018-08-29,2.7233415
2018-08-30,3.7065237
2018-08-31,2.7700078
2018-09-01,2.6329467
2018-09-02,3.1782894
2018-09-03,2.588104
2018-09-04,2.1141949
2018-09-05,2.0421875
2018-09-06,2.2458177
2018-09-07,3.0602844
2018-09-08,2.8599496
2018-09-09,2.0806248
2018-09-10,2.532839
2018-09-11,3.7601001
2018-09-12,2.9385972
2018-09-13,1.8959725
2018-09-14,1.9058793
2018-09-15,3.0123584
2018-09-16,2.1769805
2018-09-17,2.0828178
2018-09-18,3.1004446
2018-09-19,2.9303498
2018-09-20,3.0960426
2018-09-21,5.6937304
2018-09-22,4.763227
2018-09-23,4.3313937
2018-09-24,5.2231135
2018-09-25,2.8097608
2018-09-26,3.7111938
2018-09-27,3.0066614
2018-09-28,3.691873
2018-09-29,2.7687647
2018-09-30,2.3266692
2018-10-01,3.6968975
2018-10-02,5.410443
2018-10-03,5.157154
2018-10-04,2.6853468
2018-10-05,2.7214973
2018-10-06,2.5284185
2018-10-07,2.946241
2018-10-08,2.1780982
2018-10-09,2.1161633
2018-10-10,3.0657914
2018-10-11,3.3568656
2018-10-12,2.844047
2018-10-13,3.086442
2018-10-14,3.5029514
2018-10-15,2.4051538
2018-10-16,1.5175624
2018-10-17,1.4835391
2018-10-18,2.7308424
2018-10-19,1.9385498
2018-10-20,2.154606
2018-10-21,2.1147995
2018-10-22,3.0471246
2018-10-23,6.523777
2018-10-24,5.820558
2018-10-25,5.001901
2018-10-26,3.9746459
2018-10-27,3.6533606
2018-10-28,4.6723375
2018-10-29,4.8348527
2018-10-30,5.7908034
2018-10-31,4.003877
2018-11-01,2.8464375
2018-11-02,2.9600859
2018-11-03,2.2445207
2018-11-04,2.585987
2018-11-05,2.7994466
2018-11-06,2.7327154
2018-11-07,2.6218781
2018-11-08,2.1722465
2018-11-09,2.7236876
2018-11-10,3.9165683
2018-11-11,4.075349
2018-11-12,3.2417383
2018-11-13,3.8002934
2018-11-14,2.5245044
2018-11-15,2.5517936
2018-11-16,3.4847455
2018-11-17,4.1512733
2018-11-18,3.6943815
2018-11-19,5.5453205
2018-11-20,5.509078
2018-11-21,3.67081
2018-11-22,2.6537988
2018-11-23,2.3300009
2018-11-24,2.1325877
2018-11-25,2.5496547
2018-11-26,3.4010763
2018-11-27,2.1482651
2018-11-28,3.9566998
2018-11-29,4.909399
2018-11-30,3.6235337
2018-12-01,3.7108934
2018-12-02,5.127058
2018-12-03,5.094601
2018-12-04,4.219722
2018-12-05,3.0283759
2018-12-06,4.1182375
2018-12-07,5.734268
2018-12-08,7.491977
2018-12-09,7.1031423
2018-12-10,6.2390895
2018-12-11,4.5610414
2018-12-12,2.830935
2018-12-13,3.5554824
2018-12-14,2.8692346
2018-12-15,2.881612
2018-12-16,3.3387332
2018-12-17,2.6639955
2018-12-18,3.1956892
2018-12-19,3.6586251
2018-12-20,3.7124233
2018-12-21,6.1400685
2018-12-22,5.2889533
2018-12-23,4.208258
2018-12-24,4.091827
2018-12-25,3.967134
2018-12-26,3.3546245
2018-12-27,2.7801747
2018-12-28,2.7657874
2018-12-29,4.2873454
2018-12-30,5.0297427
2018-12-31,2.8896832
2019-01-01,6.520291
2019-01-02,5.7523828
2019-01-03,3.2487328
2019-01-04,4.3084416
2019-01-05,5.1090937
2019-01-06,3.1992915
2019-01-07,4.019997
2019-01-08,7.5014205
2019-01-09,6.0416045
2019-01-10,3.2027533
2019-01-11,4.219413
2019-01-12,5.5537047
2019-01-13,6.793167
2019-01-14,6.402249
2019-01-15,5.9427724
2019-01-16,5.123614
2019-01-17,5.6092935
2019-01-18,3.019292
2019-01-19,2.1844606
2019-01-20,1.7838659
2019-01-21,2.129102
2019-01-22,2.9259605
2019-01-23,2.8471773
2019-01-24,1.8616548
2019-01-25,2.6864383
2019-01-26,4.601629
2019-01-27,4.8138113
2019-01-28,4.781067
2019-01-29,3.4540684
2019-01-30,4.04644
2019-01-31,2.9171042
2019-02-01,3.2806883
2019-02-02,2.1761966
2019-02-03,3.7931368
2019-02-04,3.6994464
2019-02-05,3.3045542
2019-02-06,3.276386
2019-02-07,4.609687
2019-02-08,5.3281474
2019-02-09,6.7621307
2019-02-10,6.1067405
2019-02-11,6.1764054
2019-02-12,4.225213
2019-02-13,3.5099847
2019-02-14,2.224618
2019-02-15,2.3036907
2019-02-16,2.9550104
2019-02-17,2.4823802
2019-02-18,2.4849358
2019-02-19,4.0759797
2019-02-20,3.1609857
2019-02-21,3.5689726
2019-02-22,3.3066576
2019-02-23,3.0623195
2019-02-24,2.0110798
2019-02-25,2.1125953
2019-02-26,1.9708717
2019-02-27,2.187367
2019-02-28,4.12693
2019-03-01,3.2873445
2019-03-02,3.3633716
2019-03-03,5.958748
2019-03-04,7.5902324
2019-03-05,5.970202
2019-03-06,4.4522314
2019-03-07,6.276862
2019-03-08,6.330653
2019-03-09,7.3865848
2019-03-10,6.107852
2019-03-11,5.6086044
2019-03-12,5.3455877
2019-03-13,7.2817097
2019-03-14,6.7526546
2019-03-15,7.0604286
2019-03-16,6.177153
2019-03-17,5.893615
2019-03-18,5.3398943
2019-03-19,2.6599429
2019-03-20,2.5088217
2019-03-21,2.6547108
2019-03-22,2.031085
2019-03-23,2.617962
2019-03-24,2.3803053
2019-03-25,4.685512
2019-03-26,4.0839076
2019-03-27,2.973112
2019-03-28,2.5328305
2019-03-29,2.2909942
2019-03-30,2.286736
2019-03-31,3.0309045
2019-04-01,3.489788
2019-04-02,3.6872091
2019-04-03,2.530616
2019-04-04,2.612369
2019-04-05,2.0417695
2019-04-06,2.7519004
2019-04-07,2.5419965
2019-04-08,2.4633815
2019-04-09,3.1642592
2019-04-10,3.6073127
2019-04-11,3.6498706
2019-04-12,3.4332712
2019-04-13,3.3445022
2019-04-14,3.7058408
2019-04-15,3.635862
2019-04-16,3.4230125
2019-04-17,3.3297215
2019-04-18,3.9298997
2019-04-19,3.3476596
2019-04-20,2.672139
2019-04-21,2.492265
2019-04-22,4.686351
2019-04-23,5.6131253
2019-04-24,4.1598854
2019-04-25,3.4510834
2019-04-26,3.507313
2019-04-27,3.5974991
2019-04-28,2.67852
2019-04-29,3.5900493
2019-04-30,3.1539078
2019-05-01,3.168521
2019-05-02,4.3031445
2019-05-03,4.0918446
2019-05-04,3.5703986
2019-05-05,3.038548
2019-05-06,3.4095585
2019-05-07,2.2052026
2019-05-08,3.7235138
2019-05-09,3.4694684
2019-05-10,3.223527
2019-05-11,3.5419464
2019-05-12,4.249504
2019-05-13,3.687229
2019-05-14,3.6681113
2019-05-15,3.4893167
2019-05-16,3.1024437
2019-05-17,2.6792917
2019-05-18,2.32542
2019-05-19,2.4041831
2019-05-20,3.386205
2019-05-21,4.2378836
2019-05-22,4.1661415
2019-05-23,2.1146002
2019-05-24,2.3552403
2019-05-25,2.7001078
2019-05-26,3.5335655
2019-05-27,3.113173
2019-05-28,2.7065773
2019-05-29,2.5235424
2019-05-30,3.25327
2019-05-31,2.5665195
2019-06-01,2.168787
2019-06-02,2.6126852
2019-06-03,2.668789
2019-06-04,2.4619708
2019-06-05,2.817681
2019-06-06,3.6918802
2019-06-07,3.2511084
2019-06-08,5.2373815
2019-06-09,2.61776
2019-06-10,2.5446239
2019-06-11,2.256593
2019-06-12,2.900254
2019-06-13,2.7253654
2019-06-14,2.7625718
2019-06-15,3.6931422
2019-06-16,2.1413267
2019-06-17,2.0776346
2019-06-18,2.3008814
2019-06-19,2.377887
2019-06-20,2.730274
2019-06-21,2.334241
2019-06-22,3.1046727
2019-06-23,3.3507738
2019-06-24,3.456526
2019-06-25,2.778499
2019-06-26,3.0980694
2019-06-27,4.0070753
2019-06-28,2.5151515
2019-06-29,2.125012
2019-06-30,3.5916777
2019-07-01,3.8842924
2019-07-02,4.052373
2019-07-03,3.4742672
2019-07-04,3.104651
2019-07-05,3.4603548
2019-07-06,3.7710755
2019-07-07,4.0968914
2019-07-08,3.556163
2019-07-09,3.487862
2019-07-10,2.447716
2019-07-11,1.8134751
2019-07-12,2.375153
2019-07-13,3.3410995
2019-07-14,3.0398254
2019-07-15,3.2770517
2019-07-16,3.273766
2019-07-17,1.7868853
2019-07-18,1.8614109
2019-07-19,2.2384863
2019-07-20,2.6710465
2019-07-21,3.1909585
2019-07-22,2.1365361
2019-07-23,2.0072768
2019-07-24,2.060564
2019-07-25,2.624027
2019-07-26,3.332885
2019-07-27,3.6313007
2019-07-28,3.0699182
2019-07-29,2.5105608
2019-07-30,2.2567673
2019-07-31,2.4444802
2019-08-01,1.8866829
2019-08-02,1.660772
2019-08-03,2.3433182
2019-08-04,1.7744807
2019-08-05,2.2342575
2019-08-06,2.662874
2019-08-07,2.8569486
2019-08-08,3.3235781
2019-08-09,2.592412
2019-08-10,4.761136
2019-08-11,3.5233252
2019-08-12,2.8888736
2019-08-13,3.4642382
2019-08-14,2.6825507
2019-08-15,3.9848852
2019-08-16,3.0866747
2019-08-17,3.7417316
2019-08-18,3.3079941
2019-08-19,3.0204577
2019-08-20,2.3677535
2019-08-21,2.1319666
2019-08-22,2.3463855
2019-08-23,2.0345213
2019-08-24,2.4955583
2019-08-25,2.1459405
2019-08-26,1.936555
2019-08-27,1.9763546
2019-08-28,2.0036743
2019-08-29,2.1177964
2019-08-30,1.5317405
2019-08-31,2.374501
2019-09-01,3.3748474
2019-09-02,2.944555
2019-09-03,3.0527406
2019-09-04,3.1743498
2019-09-05,4.284128
2019-09-06,2.9135184
2019-09-07,1.9196035
2019-09-08,1.5267122
2019-09-09,2.723222
2019-09-10,3.0460143
2019-09-11,3.1781511
2019-09-12,3.2712698
2019-09-13,3.333061
2019-09-14,2.1391084
2019-09-15,3.475132
2019-09-16,2.6790476
2019-09-17,4.8483415
2019-09-18,3.959973
2019-09-19,2.907179
2019-09-20,2.3990428
2019-09-21,2.5077236
2019-09-22,2.6051466
2019-09-23,2.7443714
2019-09-24,2.3138487
2019-09-25,2.8896637
2019-09-26,3.386157
2019-09-27,3.8135085
2019-09-28,5.106349
2019-09-29,5.4974017
2019-09-30,6.535058
2019-10-01,4.1959777
2019-10-02,4.2791023
2019-10-03,3.3126814
2019-10-04,3.5380657
2019-10-05,3.8318148
2019-10-06,3.3212738
2019-10-07,2.374625
2019-10-08,4.516621
2019-10-09,4.695038
2019-10-10,5.2770667
2019-10-11,5.5621552
2019-10-12,4.372659
2019-10-13,3.8460307
2019-10-14,2.9969864
2019-10-15,2.6347737
2019-10-16,4.2668962
2019-10-17,3.4627593
2019-10-18,4.272863
2019-10-19,3.7304943
2019-10-20,2.307845
2019-10-21,2.3729286
2019-10-22,2.220569
2019-10-23,2.624363
2019-10-24,2.9890554
2019-10-25,3.9239604
2019-10-26,4.932807
2019-10-27,4.416909
2019-10-28,2.9709802
2019-10-29,2.6247504
2019-10-30,2.5176616
2019-10-31,2.4977472
2019-11-01,3.737593
2019-11-02,4.6343193
2019-11-03,3.3580894
2019-11-04,3.5440466
2019-11-05,2.830267
2019-11-06,2.4213421
2019-11-07,3.1580615
2019-11-08,2.195912
2019-11-09,2.7393854
2019-11-10,1.9187801
2019-11-11,3.6559248
2019-11-12,4.123005
2019-11-13,3.387454
2019-11-14,3.4436147
2019-11-15,3.742836
2019-11-16,2.8379092
2019-11-17,3.0854244
2019-11-18,3.5960538
2019-11-19,3.229427
2019-11-20,1.5999159
2019-11-21,2.065855
2019-11-22,2.989645
2019-11-23,4.370258
2019-11-24,2.6667583
2019-11-25,1.8415705
2019-11-26,2.9573064
2019-11-27,4.5039444
2019-11-28,6.1852064
2019-11-29,4.817829
2019-11-30,2.509467
2019-12-01,2.1909366
2019-12-02,3.2699935
2019-12-03,2.6190221
2019-12-04,2.7587228
2019-12-05,3.2193809
2019-12-06,5.787925
2019-12-07,5.689295
2019-12-08,6.5281463
2019-12-09,5.545651
2019-12-10,4.121225
2019-12-11,3.9707696
2019-12-12,3.6879835
2019-12-13,4.978572
2019-12-14,6.261554
2019-12-15,5.7158484
2019-12-16,3.4028122
2019-12-17,3.9215763
2019-12-18,3.2389908
2019-12-19,3.5342698
2019-12-20,4.2214065
2019-12-21,3.3292656
2019-12-22,4.0743265
2019-12-23,4.8463945
2019-12-24,4.3557134
2019-12-25,3.7894638
2019-12-26,2.3618753
2019-12-27,2.4601216
2019-12-28,2.1197844
2019-12-29,2.6621785
2019-12-30,3.915352
2019-12-31,3.3467672
2020-01-01,2.4350553
2020-01-02,3.2680168
2020-01-03,5.2318716
2020-01-04,5.586286
2020-01-05,2.8551936
2020-01-06,3.0815442
2020-01-07,3.7355044
2020-01-08,4.2358384
2020-01-09,4.1460533
2020-01-10,4.6867275
2020-01-11,3.678634
2020-01-12,4.9057336
2020-01-13,3.6753864
2020-01-14,5.9023256
2020-01-15,5.519738
2020-01-16,3.2207873
2020-01-17,3.8815093
2020-01-18,3.9476516
2020-01-19,2.698496
2020-01-20,2.5527701
2020-01-21,2.8532119
2020-01-22,2.5225646
2020-01-23,2.098494
2020-01-24,2.499821
2020-01-25,2.178066
2020-01-26,2.5919662
2020-01-27,4.26749
2020-01-28,6.1162333
2020-01-29,5.831297
2020-01-30,5.7275953
2020-01-31,6.189888
2020-02-01,6.1959157
2020-02-02,5.3361874
2020-02-03,5.113751
2020-02-04,5.57245
2020-02-05,3.9681485
2020-02-06,3.0369174
2020-02-07,2.388647
2020-02-08,3.3717444
2020-02-09,7.3363657
2020-02-10,8.984318
2020-02-11,8.400629
2020-02-12,7.0785327
2020-02-13,4.624657
2020-02-14,3.4128277
2020-02-15,4.515473
2020-02-16,7.5052085
2020-02-17,6.065076
2020-02-18,6.4106755
2020-02-19,5.6976624
2020-02-20,5.132594
2020-02-21,6.020347
2020-02-22,7.0034833
2020-02-23,7.3652167
2020-02-24,5.0564923
2020-02-25,6.194035
2020-02-26,4.929128
2020-02-27,4.0113807
2020-02-28,4.973752
2020-02-29,5.8720155
2020-03-01,5.4214196
2020-03-02,3.4452474
2020-03-03,3.5658631
2020-03-04,3.1025834
2020-03-05,3.5763805
2020-03-06,4.999622
2020-03-07,4.12184
2020-03-08,4.3420596
2020-03-09,3.5880108
2020-03-10,6.2409654
2020-03-11,5.794048
2020-03-12,6.866176
2020-03-13,5.843422
2020-03-14,2.4202743
2020-03-15,4.4258957
2020-03-16,2.5362375
2020-03-17,2.6176047
2020-03-18,3.0368993
2020-03-19,1.7820264
2020-03-20,3.0210798
2020-03-21,5.103591
2020-03-22,4.9064565
2020-03-23,4.031195
2020-03-24,3.763691
2020-03-25,4.0978413
2020-03-26,4.259051
2020-03-27,3.6490397
2020-03-28,3.294133
2020-03-29,5.1593976
2020-03-30,3.3326833
2020-03-31,2.495577
2020-04-01,2.6758428
2020-04-02,3.5506408
2020-04-03,3.6932647
2020-04-04,2.1410725
2020-04-05,3.8706796
2020-04-06,3.0981452
2020-04-07,2.5406418
2020-04-08,2.1180754
2020-04-09,2.4434378
2020-04-10,2.2125373
2020-04-11,1.9157814
2020-04-12,2.3681839
2020-04-13,4.7541437
2020-04-14,3.5828352
2020-04-15,3.092921
2020-04-16,2.5193233
2020-04-17,1.9345571
2020-04-18,2.516421
2020-04-19,3.9103205
2020-04-20,5.429875
2020-04-21,5.9751167
2020-04-22,4.599502
2020-04-23,2.357983
2020-04-24,3.5947
2020-04-25,2.9883664
2020-04-26,1.6819965
2020-04-27,2.1507015
2020-04-28,2.6583395
2020-04-29,3.3044138
2020-04-30,4.2053623
2020-05-01,4.18433
2020-05-02,4.1212244
2020-05-03,2.7098396
2020-05-04,2.8441114
2020-05-05,3.236016
2020-05-06,2.994759
2020-05-07,2.302363
2020-05-08,1.8694719
2020-05-09,1.8454833
2020-05-10,2.5433972
2020-05-11,5.113765
2020-05-12,3.0799377
2020-05-13,2.2783055
2020-05-14,3.3043385
2020-05-15,3.389248
2020-05-16,2.9255385
2020-05-17,3.213488
2020-05-18,2.9175155
2020-05-19,2.958345
2020-05-20,2.0887265
2020-05-21,1.7590929
2020-05-22,3.1450534
2020-05-23,3.905981
2020-05-24,4.9564085
2020-05-25,4.232429
2020-05-26,2.08473
2020-05-27,2.3230782
2020-05-28,3.5962803
2020-05-29,2.8029697
2020-05-30,3.50609
2020-05-31,3.7112353
2020-06-01,3.190172
2020-06-02,2.0447633
2020-06-03,2.1301186
2020-06-04,3.0114806
2020-06-05,4.7110686
2020-06-06,4.3211594
2020-06-07,3.1677308
2020-06-08,1.8273543
2020-06-09,2.665784
2020-06-10,2.862835
2020-06-11,2.5958889
2020-06-12,3.239529
2020-06-13,2.924515
2020-06-14,3.503361
2020-06-15,2.629104
2020-06-16,1.5573695
2020-06-17,2.158336
2020-06-18,2.7119997
2020-06-19,2.9828892
2020-06-20,3.2783527
2020-06-21,2.5218048
2020-06-22,2.9416027
2020-06-23,2.3045168
2020-06-24,2.7973034
2020-06-25,3.0888758
2020-06-26,2.5514889
2020-06-27,2.7084513
2020-06-28,3.4101532
2020-06-29,3.4231615
2020-06-30,4.886506
2020-07-01,3.692312
2020-07-02,3.038433
2020-07-03,3.2834065
2020-07-04,4.64989
2020-07-05,5.672655
2020-07-06,5.516853
2020-07-07,3.3232226
2020-07-08,2.5872202
2020-07-09,2.874205
2020-07-10,3.8551004
2020-07-11,2.8288937
2020-07-12,2.551468
2020-07-13,1.9766501
2020-07-14,2.1386888
2020-07-15,2.1450908
2020-07-16,2.1126313
2020-07-17,1.961076
2020-07-18,1.451754
2020-07-19,1.7646158
2020-07-20,2.8034878
2020-07-21,2.8292809
2020-07-22,2.183156
2020-07-23,1.9280186
2020-07-24,3.1657
2020-07-25,2.4737294
2020-07-26,3.3384132
2020-07-27,2.6241918
2020-07-28,4.3643246
2020-07-29,3.6399024
2020-07-30,2.1800413
2020-07-31,1.957203
2020-08-01,2.5266738
2020-08-02,2.4682586
2020-08-03,2.5527554
2020-08-04,2.3728526
2020-08-05,2.497993
2020-08-06,2.3009975
2020-08-07,2.125844
2020-08-08,1.6848733
2020-08-09,2.098298
2020-08-10,2.5617905
2020-08-11,3.125697
2020-08-12,3.0018234
2020-08-13,2.5498602
2020-08-14,1.9085602
2020-08-15,1.6051171
2020-08-16,2.4378662
2020-08-17,2.178213
2020-08-18,2.2877278
2020-08-19,1.8133475
2020-08-20,2.6442647
2020-08-21,2.9879916
2020-08-22,3.6245344
2020-08-23,4.222116
2020-08-24,3.2899113
2020-08-25,3.2440557
2020-08-26,7.0386677
2020-08-27,3.5462751
2020-08-28,3.3451376
2020-08-29,2.8564847
2020-08-30,2.3733554
2020-08-31,2.4309404
2020-09-01,2.318878
2020-09-02,1.7848645
2020-09-03,3.184728
2020-09-04,3.2271316
2020-09-05,3.1617377
2020-09-06,2.6873517
2020-09-07,2.3443103
2020-09-08,3.1509044
2020-09-09,3.3082554
2020-09-10,2.3936822
2020-09-11,1.8360643
2020-09-12,2.8455977
2020-09-13,2.463265
2020-09-14,2.1150532
2020-09-15,1.6511343
2020-09-16,2.6067677
2020-09-17,3.8216434
2020-09-18,3.136847
2020-09-19,2.644137
2020-09-20,2.4287977
2020-09-21,1.6674688
2020-09-22,1.6683513
2020-09-23,2.755168
2020-09-24,4.091571
2020-09-25,3.726893
2020-09-26,4.2138166
2020-09-27,2.7265575
2020-09-28,2.110424
2020-09-29,2.2289083
2020-09-30,1.8707196
2020-10-01,2.971595
2020-10-02,4.267998
2020-10-03,4.4375916
2020-10-04,4.3762703
2020-10-05,4.0768538
2020-10-06,5.038885
2020-10-07,4.613093
2020-10-08,5.1573915
2020-10-09,3.1394312
2020-10-10,3.7956913
2020-10-11,2.9384546
2020-10-12,2.215105
2020-10-13,2.235159
2020-10-14,4.996775
2020-10-15,4.026361
2020-10-16,3.1401856
2020-10-17,1.9179344
2020-10-18,3.3190656
2020-10-19,2.4982917
2020-10-20,3.8543215
2020-10-21,4.5863748
2020-10-22,4.4342527
2020-10-23,3.0403316
2020-10-24,4.2793565
2020-10-25,4.251442
2020-10-26,3.457691
2020-10-27,4.7010117
2020-10-28,4.9029484
2020-10-29,5.1667933
2020-10-30,4.7703795
2020-10-31,3.1856923
2020-11-01,4.5215526
2020-11-02,5.751469
2020-11-03,3.7391243
2020-11-04,3.17668
2020-11-05,3.0015333
2020-11-06,2.3420484
2020-11-07,2.3042076
2020-11-08,1.899629
2020-11-09,2.1958294
2020-11-10,2.0618482
2020-11-11,1.922997
2020-11-12,3.3503344
2020-11-13,3.0788198
2020-11-14,3.053958
2020-11-15,4.7112584
2020-11-16,4.9220896
2020-11-17,4.2819014
2020-11-18,3.868719
2020-11-19,5.5516753
2020-11-20,3.1946468
2020-11-21,4.308712
2020-11-22,3.9771724
2020-11-23,3.3133929
2020-11-24,3.1754646
2020-11-25,2.9272518
2020-11-26,2.4561195
2020-11-27,1.6716441
2020-11-28,2.432256
2020-11-29,2.3084173
2020-11-30,2.7694602
2020-12-01,2.570147
2020-12-02,2.1895425
2020-12-03,4.0906906
2020-12-04,4.151624
2020-12-05,2.646877
2020-12-06,2.5003974
2020-12-07,3.2671635
2020-12-08,2.4224243
2020-12-09,2.1116166
2020-12-10,1.9182066
2020-12-11,3.6762488
2020-12-12,2.834273
2020-12-13,2.3453982
2020-12-14,3.7770557
2020-12-15,3.0900779
2020-12-16,2.6069505
2020-12-17,3.769736
2020-12-18,3.2381794
2020-12-19,3.850406
2020-12-20,3.1880891
2020-12-21,4.007372
2020-12-22,5.3912854
2020-12-23,3.350625
2020-12-24,4.5946445
2020-12-25,3.277732
2020-12-26,4.173945
2020-12-27,6.784766
2020-12-28,3.49564
2020-12-29,3.6890216
2020-12-30,3.738003
2020-12-31,3.1783242
2021-01-01,1.954089
2021-01-02,2.068975
2021-01-03,3.4756181
2021-01-04,3.4326515
2021-01-05,3.3737416
2021-01-06,2.9814909
2021-01-07,2.927946
2021-01-08,2.8065941
2021-01-09,2.2108963
2021-01-10,2.596957
2021-01-11,4.3717847
2021-01-12,5.5377502
2021-01-13,5.7434773
2021-01-14,3.7318797
2021-01-15,2.9974806
2021-01-16,2.7658951
2021-01-17,2.1979792
2021-01-18,4.218157
2021-01-19,5.5250072
2021-01-20,5.3980722
2021-01-21,6.411846
2021-01-22,4.728207
2021-01-23,2.9324038
2021-01-24,3.2696872
2021-01-25,2.542741
2021-01-26,4.0620413
2021-01-27,3.6333086
2021-01-28,3.6105566
2021-01-29,4.7608604
2021-01-30,3.4615304
2021-01-31,2.810218
2021-02-01,3.0409973
2021-02-02,3.2453928
2021-02-03,4.572693
2021-02-04,3.543127
2021-02-05,3.0514317
2021-02-06,4.8663187
2021-02-07,5.7684855
2021-02-08,4.2567897
2021-02-09,2.4048014
2021-02-10,3.1037889
2021-02-11,2.6432724
2021-02-12,3.5017447
2021-02-13,2.9977217
2021-02-14,3.048883
2021-02-15,4.2517405
2021-02-16,3.262831
2021-02-17,4.1666684
2021-02-18,3.763333
2021-02-19,3.454545
2021-02-20,3.3791425
2021-02-21,3.102075
2021-02-22,2.7806962
2021-02-23,2.9603465
2021-02-24,3.2055392
2021-02-25,2.8554378
2021-02-26,3.315343
2021-02-27,3.044014
2021-02-28,2.5211375
2021-03-01,2.0563931
2021-03-02,1.8078923
2021-03-03,2.328529
2021-03-04,3.0330703
2021-03-05,3.1215029
2021-03-06,2.894881
2021-03-07,3.0474856
2021-03-08,1.9517995
2021-03-09,2.0127275
2021-03-10,3.0773847
2021-03-11,7.102492
2021-03-12,6.6802506
2021-03-13,7.181296
2021-03-14,5.383066
2021-03-15,4.8101363
2021-03-16,4.1938972
2021-03-17,2.6414435
2021-03-18,2.041722
2021-03-19,3.3056178
2021-03-20,2.9622426
2021-03-21,4.7271643
2021-03-22,3.1949453
2021-03-23,2.5183408
2021-03-24,2.417697
2021-03-25,2.1371818
2021-03-26,2.9365745
2021-03-27,5.2678847
2021-03-28,4.2250147
2021-03-29,3.778473
2021-03-30,2.1564927
2021-03-31,1.7628975
2021-04-01,3.2346532
2021-04-02,3.8884337
2021-04-03,3.5371683
2021-04-04,3.0881736
2021-04-05,6.1497903
2021-04-06,5.284101
2021-04-07,5.709892
2021-04-08,4.5661964
2021-04-09,3.8621001
2021-04-10,2.6584456
2021-04-11,3.7046103
2021-04-12,3.5338008
2021-04-13,3.3833373
2021-04-14,2.6433053
2021-04-15,2.968548
2021-04-16,3.0894845
2021-04-17,2.6557217
2021-04-18,2.073965
2021-04-19,1.9976108
2021-04-20,1.7376592
2021-04-21,2.9842615
2021-04-22,4.3764772
2021-04-23,3.1272008
2021-04-24,2.6675227
2021-04-25,2.963022
2021-04-26,2.5265882
2021-04-27,3.1475322
2021-04-28,2.6867976
2021-04-29,3.7595417
2021-04-30,2.3074265
2021-05-01,2.1825461
2021-05-02,3.5955608
2021-05-03,3.740452
2021-05-04,7.023658
2021-05-05,6.5871644
2021-05-06,4.04539
2021-05-07,3.9172058
2021-05-08,3.18319
2021-05-09,4.1306796
2021-05-10,3.4656549
2021-05-11,2.7753005
2021-05-12,3.0770059
2021-05-13,2.7768793
2021-05-14,2.8045495
2021-05-15,3.0216064
2021-05-16,3.3187847
2021-05-17,3.610141
2021-05-18,3.2150726
2021-05-19,2.788194
2021-05-20,3.072444
2021-05-21,5.0216393
2021-05-22,5.7119293
2021-05-23,4.083857
2021-05-24,3.840889
2021-05-25,5.118731
2021-05-26,4.8389106
2021-05-27,4.2279873
2021-05-28,2.7038908
2021-05-29,2.7568517
2021-05-30,2.7035453
2021-05-31,2.2285814
2021-06-01,2.4620247
2021-06-02,2.8308036
2021-06-03,2.614881
2021-06-04,1.9368081
2021-06-05,2.4393344
2021-06-06,2.5348382
2021-06-07,2.3349638
2021-06-08,2.0087495
2021-06-09,1.5204985
2021-06-10,1.6832595
2021-06-11,2.0036232
2021-06-12,4.3296337
2021-06-13,3.3844671
2021-06-14,2.099601
2021-06-15,1.9907546
2021-06-16,2.2946367
2021-06-17,2.9104826
2021-06-18,2.1875036
2021-06-19,2.399115
2021-06-20,3.1851156
2021-06-21,3.4622955
2021-06-22,2.8969767
2021-06-23,2.2064939
2021-06-24,2.0057364
2021-06-25,1.9670824
2021-06-26,1.5607978
2021-06-27,2.0523329
2021-06-28,2.1435237
2021-06-29,2.2259166
2021-06-30,3.493996
2021-07-01,3.873697
2021-07-02,2.899163
2021-07-03,1.7654362
2021-07-04,1.8370562
2021-07-05,2.76593
2021-07-06,3.8054636
2021-07-07,2.2202826
2021-07-08,1.9289962
2021-07-09,3.2488732
2021-07-10,2.4070995
2021-07-11,2.1570709
2021-07-12,2.291117
2021-07-13,2.4807813
2021-07-14,2.9519577
2021-07-15,1.9698515
2021-07-16,2.6690855
2021-07-17,3.831054
2021-07-18,3.5820117
2021-07-19,2.9818673
2021-07-20,2.4262183
2021-07-21,2.1190088
2021-07-22,1.8439342
2021-07-23,1.6039002
2021-07-24,2.6885395
2021-07-25,2.3232403
2021-07-26,2.126907
2021-07-27,2.6610377
2021-07-28,3.6029534
2021-07-29,4.756942
2021-07-30,3.4158173
2021-07-31,4.651545
2021-08-01,2.9858656
2021-08-02,3.280568
2021-08-03,1.875444
2021-08-04,1.6031704
2021-08-05,2.2031994
2021-08-06,3.328236
2021-08-07,3.1436033
2021-08-08,4.498921
2021-08-09,3.2591112
2021-08-10,2.7364411
2021-08-11,1.9050243
2021-08-12,1.7320706
2021-08-13,2.577768
2021-08-14,2.7485468
2021-08-15,2.4157114
2021-08-16,4.9952865
2021-08-17,5.4010625
2021-08-18,4.634287
2021-08-19,3.6271558
2021-08-20,2.198447
2021-08-21,1.5732425
2021-08-22,2.915404
2021-08-23,3.6518157
2021-08-24,3.2119088
2021-08-25,3.3365312
2021-08-26,3.9357853
2021-08-27,3.5272517
2021-08-28,2.8164234
2021-08-29,3.1570013
2021-08-30,3.6459703
2021-08-31,3.3720987
2021-09-01,2.4805899
2021-09-02,2.1665413
2021-09-03,2.2645154
2021-09-04,1.8978636
2021-09-05,2.1500566
2021-09-06,1.5558747
2021-09-07,1.5730654
2021-09-08,2.3485377
2021-09-09,2.4945936
2021-09-10,2.17479
2021-09-11,2.6778886
2021-09-12,2.4846282
2021-09-13,1.8746825
2021-09-14,2.1186883
2021-09-15,2.8622484
2021-09-16,3.5300999
2021-09-17,2.7284849
2021-09-18,2.548021
2021-09-19,2.9815083
2021-09-20,2.0593336
2021-09-21,2.4820988
2021-09-22,2.6885815
2021-09-23,4.886692
2021-09-24,4.1821957
2021-09-25,2.337136
2021-09-26,2.421394
2021-09-27,2.7947364
2021-09-28,2.2244818
2021-09-29,3.9705527
2021-09-30,4.269422
2021-10-01,3.8809633
2021-10-02,3.9235332
2021-10-03,5.2309384
2021-10-04,2.8204346
2021-10-05,3.278743
2021-10-06,3.6930141
2021-10-07,1.6814772
2021-10-08,2.9359553
2021-10-09,3.124497
2021-10-10,2.0346665
2021-10-11,3.1426945
2021-10-12,3.6373522
2021-10-13,2.8282344
2021-10-14,3.754158
2021-10-15,3.939236
2021-10-16,2.2843835
2021-10-17,2.236954
2021-10-18,2.5392346
2021-10-19,4.0275903
2021-10-20,5.7278676
2021-10-21,7.5273404
2021-10-22,5.9966984
2021-10-23,3.2564397
2021-10-24,3.0486526
2021-10-25,2.8593082
2021-10-26,3.5167153
2021-10-27,3.6319354
2021-10-28,2.990394
2021-10-29,3.421955
2021-10-30,3.6818497
2021-10-31,4.038175
2021-11-01,3.7322946
2021-11-02,2.603839
2021-11-03,2.3230133
2021-11-04,4.2120843
2021-11-05,3.584471
2021-11-06,4.078438
2021-11-07,5.4691653
2021-11-08,2.8418374
2021-11-09,2.739712
2021-11-10,1.9959122
2021-11-11,1.762395
2021-11-12,2.4544852
2021-11-13,2.5115166
2021-11-14,2.6823244
2021-11-15,2.986507
2021-11-16,1.5238554
2021-11-17,3.3503585
2021-11-18,4.3629622
2021-11-19,4.4884396
2021-11-20,3.686393
2021-11-21,3.0307124
2021-11-22,3.182842
2021-11-23,2.877927
2021-11-24,2.3855107
2021-11-25,2.614181
2021-11-26,3.7771077
2021-11-27,3.201639
2021-11-28,2.030498
2021-11-29,3.3451853
2021-11-30,6.719432
2021-12-01,6.986104
2021-12-02,4.5031996
2021-12-03,5.0862765
2021-12-04,3.7456071
2021-12-05,2.9145133
2021-12-06,2.6475573
2021-12-07,4.1344
2021-12-08,3.9045677
2021-12-09,2.7930965
2021-12-10,2.7261083
2021-12-11,2.757051
2021-12-12,3.6811318
2021-12-13,2.508568
2021-12-14,2.6630933
2021-12-15,2.9077911
2021-12-16,2.5235832
2021-12-17,2.4636624
2021-12-18,2.7787874
2021-12-19,4.325383
2021-12-20,2.4456384
2021-12-21,1.6087667
2021-12-22,2.4159937
2021-12-23,3.828315
2021-12-24,4.4921036
2021-12-25,2.9069998
2021-12-26,2.9471796
2021-12-27,3.654091
2021-12-28,4.5523186
2021-12-29,3.654877
2021-12-30,5.1827636
2021-12-31,5.323418
2022-01-01,3.7089174
2022-01-02,5.1843476
2022-01-03,6.143647
2022-01-04,4.208915
2022-01-05,5.7921934
2022-01-06,3.364429
2022-01-07,4.513302
2022-01-08,4.5184774
2022-01-09,4.4712057
2022-01-10,1.9819796
2022-01-11,2.2745087
2022-01-12,2.36156
2022-01-13,3.5184617
2022-01-14,3.303746
2022-01-15,1.8468599
2022-01-16,4.2464795
2022-01-17,5.801425
2022-01-18,2.5652223
2022-01-19,4.3920493
2022-01-20,5.969743
2022-01-21,4.5752044
2022-01-22,3.6622965
2022-01-23,2.3458672
2022-01-24,1.9387143
2022-01-25,2.0800822
2022-01-26,3.7445796
2022-01-27,6.327261
2022-01-28,5.3234572
2022-01-29,7.187119
2022-01-30,6.9825454
2022-01-31,4.706063
2022-02-01,6.5349054
2022-02-02,5.914905
2022-02-03,3.5949512
2022-02-04,5.3145375
2022-02-05,5.99954
2022-02-06,7.7008805
2022-02-07,6.45531
2022-02-08,5.260326
2022-02-09,4.239227
2022-02-10,3.6287577
2022-02-11,4.1168866
2022-02-12,3.287244
2022-02-13,4.4487095
2022-02-14,4.8548245
2022-02-15,4.6646614
2022-02-16,7.404104
2022-02-17,9.410649
2022-02-18,7.2088127
2022-02-19,7.773383
2022-02-20,7.390321
2022-02-21,8.177826
2022-02-22,6.22074
2022-02-23,4.5434623
2022-02-24,5.422567
2022-02-25,5.56795
2022-02-26,2.7022793
2022-02-27,3.2613785
2022-02-28,2.9736948
2022-03-01,2.6196196
2022-03-02,1.6795443
2022-03-03,2.2122598
2022-03-04,2.585003
2022-03-05,2.5070684
2022-03-06,2.5315182
2022-03-07,2.595643
2022-03-08,2.56215
2022-03-09,2.1210778
2022-03-10,3.5504224
2022-03-11,5.206026
2022-03-12,3.788867
2022-03-13,3.5249386
2022-03-14,3.075739
2022-03-15,2.12296
2022-03-16,3.0631468
2022-03-17,3.4838705
2022-03-18,3.355713
2022-03-19,4.709955
2022-03-20,4.753371
2022-03-21,2.7867496
2022-03-22,2.0888507
2022-03-23,1.6779871
2022-03-24,1.6104605
2022-03-25,2.2678401
2022-03-26,2.9987302
2022-03-27,2.0344002
2022-03-28,2.57519
2022-03-29,2.6255698
2022-03-30,2.4036903
2022-03-31,4.1190033
2022-04-01,5.105595
2022-04-02,4.4850974
2022-04-03,3.1646726
2022-04-04,6.489489
2022-04-05,5.261137
2022-04-06,5.6815534
2022-04-07,7.9663506
2022-04-08,5.4108653
2022-04-09,5.279678
2022-04-10,4.132424
2022-04-11,2.5267355
2022-04-12,3.4287798
2022-04-13,2.4124012
2022-04-14,2.5237703
2022-04-15,3.329994
2022-04-16,3.4959297
2022-04-17,2.68208
2022-04-18,2.2004547
2022-04-19,2.9889839
2022-04-20,3.0189435
2022-04-21,3.3027043
2022-04-22,4.353797
2022-04-23,4.4354997
2022-04-24,4.2022343
2022-04-25,2.5471072
2022-04-26,2.210227
2022-04-27,2.160106
2022-04-28,2.2210038
2022-04-29,2.070429
2022-04-30,2.3829892
2022-05-01,1.8597876
2022-05-02,1.9964467
2022-05-03,2.218885
2022-05-04,1.682463
2022-05-05,2.012342
2022-05-06,2.0012982
2022-05-07,2.2794845
2022-05-08,2.8288765
2022-05-09,2.3167253
2022-05-10,2.9682589
2022-05-11,3.9056008
2022-05-12,4.065621
2022-05-13,3.8438199
2022-05-14,2.9688554
2022-05-15,2.1571224
2022-05-16,3.0379167
2022-05-17,2.3206027
2022-05-18,2.8888383
2022-05-19,3.0105004
2022-05-20,3.147374
2022-05-21,4.871937
2022-05-22,1.9588542
2022-05-23,3.9180973
2022-05-24,3.9016387
2022-05-25,3.3066452
2022-05-26,4.9822516
2022-05-27,5.761354
2022-05-28,5.106525
2022-05-29,2.7969995
2022-05-30,2.0241723
2022-05-31,1.8931496
2022-06-01,2.8887916
2022-06-02,2.594649
2022-06-03,2.3522382
2022-06-04,2.5361927
2022-06-05,3.469633
2022-06-06,3.6162996
2022-06-07,3.3566859
2022-06-08,2.5671384
2022-06-09,3.305876
2022-06-10,2.4151635
2022-06-11,2.364651
2022-06-12,2.4751723
2022-06-13,3.7585618
2022-06-14,2.3022425
2022-06-15,1.8146566
2022-06-16,2.901565
2022-06-17,2.0206182
2022-06-18,2.9872768
2022-06-19,3.4319334
2022-06-20,3.428631
2022-06-21,2.3509972
2022-06-22,1.8979301
2022-06-23,2.4589312
2022-06-24,3.1840093
2022-06-25,2.0859745
2022-06-26,2.2147086
2022-06-27,2.7606688
2022-06-28,2.450432
2022-06-29,2.5600576
2022-06-30,2.3171923
2022-07-01,3.2693639
2022-07-02,2.4795547
2022-07-03,2.682266
2022-07-04,2.787773
2022-07-05,2.9295228
2022-07-06,3.436092
2022-07-07,4.517767
2022-07-08,3.781124
2022-07-09,3.6827137
2022-07-10,4.21978
2022-07-11,2.6710227
2022-07-12,2.1156693
2022-07-13,3.0564759
2022-07-14,3.452872
2022-07-15,3.3904045
2022-07-16,3.9527588
2022-07-17,2.2149167
2022-07-18,1.7591965
2022-07-19,2.3208184
2022-07-20,3.0768278
2022-07-21,3.2057195
2022-07-22,2.5180137
2022-07-23,2.7143257
2022-07-24,1.9564316
2022-07-25,3.8151028
2022-07-26,3.8253365
2022-07-27,3.2957249
2022-07-28,2.5291584
2022-07-29,2.6623576
2022-07-30,2.4631386
2022-07-31,2.3639657
2022-08-01,2.8599741
2022-08-02,1.8207464
2022-08-03,1.9841805
2022-08-04,2.412281
2022-08-05,3.1020722
2022-08-06,3.0818996
2022-08-07,2.3693001
2022-08-08,2.287813
2022-08-09,2.774008
2022-08-10,2.8189704
2022-08-11,2.8008351
2022-08-12,3.026654
2022-08-13,2.6555686
2022-08-14,2.7375214
2022-08-15,2.6394053
2022-08-16,2.0614736
2022-08-17,1.952144
2022-08-18,2.273679
2022-08-19,2.6411443
2022-08-20,2.4256997
2022-08-21,2.0488942
2022-08-22,2.0608473
2022-08-23,2.3517063
2022-08-24,2.4484313
2022-08-25,2.779673
2022-08-26,2.170107
2022-08-27,2.9429166
2022-08-28,3.1887622
2022-08-29,2.4288003
2022-08-30,2.5598283
2022-08-31,2.8849733
2022-09-01,2.9768047
2022-09-02,3.4369383
2022-09-03,3.4133213
2022-09-04,2.5360684
2022-09-05,3.0482435
2022-09-06,3.1218097
2022-09-07,2.508466
2022-09-08,3.2376227
2022-09-09,3.1495318
2022-09-10,2.8790362
2022-09-11,2.3340733
2022-09-12,1.8778287
2022-09-13,2.8929036
2022-09-14,2.7252376
2022-09-15,4.081337
2022-09-16,4.770317
2022-09-17,5.2839265
2022-09-18,5.402137
2022-09-19,4.2312164
2022-09-20,2.651476
2022-09-21,1.7421391
2022-09-22,1.8111874
2022-09-23,2.1285548
2022-09-24,1.6301719
2022-09-25,2.0425375
2022-09-26,4.331827
2022-09-27,4.318885
2022-09-28,2.639939
2022-09-29,1.7938461
2022-09-30,2.3556206
